book_id,work_id,reason
9287810,,missing_work_id
7190980,,missing_work_id
,87.0,non_english
,98.0,non_english
,141.0,non_english
,416.0,non_english
,434.0,non_english
,464.0,non_english
,477.0,non_english
,527.0,non_english
,698.0,non_english
,803.0,non_english
,817.0,non_english
,852.0,non_english
,995.0,non_english
,1052.0,non_english
,1058.0,non_english
,1132.0,non_english
,1142.0,non_english
,1151.0,non_english
,1315.0,non_english
,1517.0,non_english
,1814.0,non_english
,1835.0,non_english
,2001.0,non_english
,2012.0,non_english
,2056.0,non_english
,2132.0,non_english
,2363.0,non_english
,2372.0,non_english
,2384.0,non_english
,2492.0,non_english
,2498.0,non_english
,2661.0,non_english
,2870.0,non_english
,2901.0,non_english
,3160.0,non_english
,3535.0,non_english
,3573.0,non_english
,3613.0,non_english
,3772.0,non_english
,3784.0,non_english
,3876.0,non_english
,4055.0,non_english
,4121.0,non_english
,4142.0,non_english
,4163.0,non_english
,4187.0,non_english
,4370.0,non_english
,4414.0,non_english
,4559.0,non_english
,4725.0,non_english
,4740.0,non_english
,4911.0,non_english
,4920.0,non_english
,5350.0,non_english
,5483.0,non_english
,5525.0,non_english
,5528.0,non_english
,5562.0,non_english
,5805.0,non_english
,6500.0,non_english
,6517.0,non_english
,6666.0,non_english
,6671.0,non_english
,6760.0,non_english
,6791.0,non_english
,6964.0,non_english
,6997.0,non_english
,7055.0,non_english
,7407.0,non_english
,7732.0,non_english
,7995.0,non_english
,8286.0,non_english
,8446.0,non_english
,8501.0,non_english
,8561.0,non_english
,9907.0,non_english
,9921.0,non_english
,9987.0,non_english
,10234.0,non_english
,10242.0,non_english
,10257.0,non_english
,10352.0,non_english
,10473.0,non_english
,10490.0,non_english
,10686.0,non_english
,10770.0,non_english
,11168.0,non_english
,11611.0,non_english
,11852.0,non_english
,11888.0,non_english
,12146.0,non_english
,12205.0,non_english
,12331.0,non_english
,12380.0,non_english
,12470.0,non_english
,12524.0,non_english
,12526.0,non_english
,12761.0,non_english
,12776.0,non_english
,12871.0,non_english
,12873.0,non_english
,13029.0,non_english
,13106.0,non_english
,13799.0,non_english
,14103.0,non_english
,14111.0,non_english
,14112.0,non_english
,14301.0,non_english
,14328.0,non_english
,14816.0,non_english
,14818.0,non_english
,15075.0,non_english
,15334.0,non_english
,15615.0,non_english
,15709.0,non_english
,15732.0,non_english
,15760.0,non_english
,15762.0,non_english
,15763.0,non_english
,15829.0,non_english
,16124.0,non_english
,16160.0,non_english
,16237.0,non_english
,16324.0,non_english
,16534.0,non_english
,16704.0,non_english
,16952.0,non_english
,16955.0,non_english
,17120.0,non_english
,17165.0,non_english
,17209.0,non_english
,17216.0,non_english
,17507.0,non_english
,17526.0,non_english
,17904.0,non_english
,18021.0,non_english
,18033.0,non_english
,18518.0,non_english
,18650.0,non_english
,18661.0,non_english
,18929.0,non_english
,19318.0,non_english
,19414.0,non_english
,19673.0,non_english
,19815.0,non_english
,19869.0,non_english
,20761.0,non_english
,21043.0,non_english
,21650.0,non_english
,22055.0,non_english
,22248.0,non_english
,22306.0,non_english
,22533.0,non_english
,22566.0,non_english
,22894.0,non_english
,23022.0,non_english
,23123.0,non_english
,23263.0,non_english
,23288.0,non_english
,23384.0,non_english
,23517.0,non_english
,23537.0,non_english
,23541.0,non_english
,23607.0,non_english
,23609.0,non_english
,23684.0,non_english
,23728.0,non_english
,23812.0,non_english
,24069.0,non_english
,24103.0,non_english
,24201.0,non_english
,24365.0,non_english
,24656.0,non_english
,25293.0,non_english
,25335.0,non_english
,25849.0,non_english
,26063.0,non_english
,26163.0,non_english
,26637.0,non_english
,26647.0,non_english
,26768.0,non_english
,27110.0,non_english
,27120.0,non_english
,27374.0,non_english
,27759.0,non_english
,27802.0,non_english
,28117.0,non_english
,28189.0,non_english
,28303.0,non_english
,28324.0,non_english
,28346.0,non_english
,28809.0,non_english
,28820.0,non_english
,28909.0,non_english
,28958.0,non_english
,29110.0,non_english
,29287.0,non_english
,29302.0,non_english
,29415.0,non_english
,29622.0,non_english
,29888.0,non_english
,30079.0,non_english
,30511.0,non_english
,30573.0,non_english
,30626.0,non_english
,30631.0,non_english
,30937.0,non_english
,31186.0,non_english
,31274.0,non_english
,31439.0,non_english
,31725.0,non_english
,32163.0,non_english
,32385.0,non_english
,32484.0,non_english
,32752.0,non_english
,32821.0,non_english
,32966.0,non_english
,32969.0,non_english
,33088.0,non_english
,33094.0,non_english
,33264.0,non_english
,33462.0,non_english
,33496.0,non_english
,33548.0,non_english
,33859.0,non_english
,33885.0,non_english
,34243.0,non_english
,34448.0,non_english
,34571.0,non_english
,35062.0,non_english
,35115.0,non_english
,35362.0,non_english
,35674.0,non_english
,35731.0,non_english
,35982.0,non_english
,35986.0,non_english
,36066.0,non_english
,36226.0,non_english
,36344.0,non_english
,37070.0,non_english
,37116.0,non_english
,37218.0,non_english
,37426.0,non_english
,37673.0,non_english
,38381.0,non_english
,38742.0,non_english
,38827.0,non_english
,38858.0,non_english
,39225.0,non_english
,39327.0,non_english
,39660.0,non_english
,39755.0,non_english
,40475.0,non_english
,40500.0,non_english
,40771.0,non_english
,40803.0,non_english
,41052.0,non_english
,41228.0,non_english
,41458.0,non_english
,41554.0,non_english
,41669.0,non_english
,41800.0,non_english
,42083.0,non_english
,42157.0,non_english
,42332.0,non_english
,42673.0,non_english
,42692.0,non_english
,43003.0,non_english
,43191.0,non_english
,43289.0,non_english
,43439.0,non_english
,43448.0,non_english
,43455.0,non_english
,43523.0,non_english
,43620.0,non_english
,43794.0,non_english
,43845.0,non_english
,43860.0,non_english
,44533.0,non_english
,44775.0,non_english
,44881.0,non_english
,45123.0,non_english
,45145.0,non_english
,45271.0,non_english
,45331.0,non_english
,45343.0,non_english
,45387.0,non_english
,45555.0,non_english
,45570.0,non_english
,45640.0,non_english
,45662.0,non_english
,45792.0,non_english
,46106.0,non_english
,46190.0,non_english
,46333.0,non_english
,46575.0,non_english
,46608.0,non_english
,46673.0,non_english
,46729.0,non_english
,46879.0,non_english
,47090.0,non_english
,47950.0,non_english
,47974.0,non_english
,48101.0,non_english
,48152.0,non_english
,48515.0,non_english
,48633.0,non_english
,48737.0,non_english
,48896.0,non_english
,49250.0,non_english
,49605.0,non_english
,49669.0,non_english
,49725.0,non_english
,50300.0,non_english
,50645.0,non_english
,50925.0,non_english
,50983.0,non_english
,50997.0,non_english
,51286.0,non_english
,51423.0,non_english
,51583.0,non_english
,51588.0,non_english
,51612.0,non_english
,51622.0,non_english
,51633.0,non_english
,51800.0,non_english
,52136.0,non_english
,52213.0,non_english
,52223.0,non_english
,52376.0,non_english
,52461.0,non_english
,52584.0,non_english
,52651.0,non_english
,52656.0,non_english
,52664.0,non_english
,52673.0,non_english
,52702.0,non_english
,52738.0,non_english
,53107.0,non_english
,53358.0,non_english
,53396.0,non_english
,53483.0,non_english
,53519.0,non_english
,53963.0,non_english
,53982.0,non_english
,54438.0,non_english
,54845.0,non_english
,54904.0,non_english
,55247.0,non_english
,55375.0,non_english
,55758.0,non_english
,55767.0,non_english
,55814.0,non_english
,56398.0,non_english
,56467.0,non_english
,56571.0,non_english
,56647.0,non_english
,56741.0,non_english
,56842.0,non_english
,56979.0,non_english
,57059.0,non_english
,57508.0,non_english
,57518.0,non_english
,57593.0,non_english
,57601.0,non_english
,57626.0,non_english
,57627.0,non_english
,57688.0,non_english
,57689.0,non_english
,57775.0,non_english
,57777.0,non_english
,57800.0,non_english
,57905.0,non_english
,57975.0,non_english
,58014.0,non_english
,58050.0,non_english
,58084.0,non_english
,58173.0,non_english
,58250.0,non_english
,58283.0,non_english
,58417.0,non_english
,58661.0,non_english
,58811.0,non_english
,58833.0,non_english
,58913.0,non_english
,58934.0,non_english
,58965.0,non_english
,59092.0,non_english
,59137.0,non_english
,59258.0,non_english
,59456.0,non_english
,59499.0,non_english
,59500.0,non_english
,59532.0,non_english
,59565.0,non_english
,59573.0,non_english
,59587.0,non_english
,59759.0,non_english
,59814.0,non_english
,59819.0,non_english
,59824.0,non_english
,59861.0,non_english
,59862.0,non_english
,59903.0,non_english
,59951.0,non_english
,60030.0,non_english
,60062.0,non_english
,60074.0,non_english
,60104.0,non_english
,60176.0,non_english
,60299.0,non_english
,60461.0,non_english
,60533.0,non_english
,60569.0,non_english
,60572.0,non_english
,60580.0,non_english
,60668.0,non_english
,60677.0,non_english
,60826.0,non_english
,60849.0,non_english
,60850.0,non_english
,60997.0,non_english
,61083.0,non_english
,61119.0,non_english
,61143.0,non_english
,61367.0,non_english
,61375.0,non_english
,61528.0,non_english
,61570.0,non_english
,61671.0,non_english
,61868.0,non_english
,62034.0,non_english
,62066.0,non_english
,62122.0,non_english
,62148.0,non_english
,62382.0,non_english
,62428.0,non_english
,62480.0,non_english
,62580.0,non_english
,62604.0,non_english
,62649.0,non_english
,62810.0,non_english
,62815.0,non_english
,62929.0,non_english
,62952.0,non_english
,62954.0,non_english
,63016.0,non_english
,63020.0,non_english
,63172.0,non_english
,63215.0,non_english
,63219.0,non_english
,63238.0,non_english
,63249.0,non_english
,63316.0,non_english
,63735.0,non_english
,64056.0,non_english
,64212.0,non_english
,64240.0,non_english
,64273.0,non_english
,64317.0,non_english
,64339.0,non_english
,64425.0,non_english
,64619.0,non_english
,64823.0,non_english
,64850.0,non_english
,65063.0,non_english
,65399.0,non_english
,65419.0,non_english
,65421.0,non_english
,65432.0,non_english
,65524.0,non_english
,65589.0,non_english
,65622.0,non_english
,65703.0,non_english
,65723.0,non_english
,65737.0,non_english
,66015.0,non_english
,66069.0,non_english
,66108.0,non_english
,66126.0,non_english
,66338.0,non_english
,66470.0,non_english
,66906.0,non_english
,67071.0,non_english
,67116.0,non_english
,67171.0,non_english
,67193.0,non_english
,67215.0,non_english
,67357.0,non_english
,67611.0,non_english
,67688.0,non_english
,67695.0,non_english
,67785.0,non_english
,67951.0,non_english
,68058.0,non_english
,68112.0,non_english
,68556.0,non_english
,68607.0,non_english
,68646.0,non_english
,68729.0,non_english
,68738.0,non_english
,68905.0,non_english
,68914.0,non_english
,69040.0,non_english
,69094.0,non_english
,69184.0,non_english
,69222.0,non_english
,69223.0,non_english
,69226.0,non_english
,69234.0,non_english
,69300.0,non_english
,69323.0,non_english
,69409.0,non_english
,69421.0,non_english
,69434.0,non_english
,69435.0,non_english
,69741.0,non_english
,69752.0,non_english
,69817.0,non_english
,70643.0,non_english
,70866.0,non_english
,70943.0,non_english
,71024.0,non_english
,71032.0,non_english
,71226.0,non_english
,71336.0,non_english
,71337.0,non_english
,71358.0,non_english
,71433.0,non_english
,71507.0,non_english
,71536.0,non_english
,71704.0,non_english
,71751.0,non_english
,71759.0,non_english
,71776.0,non_english
,71851.0,non_english
,72292.0,non_english
,72472.0,non_english
,72494.0,non_english
,72565.0,non_english
,73023.0,non_english
,73025.0,non_english
,73046.0,non_english
,73069.0,non_english
,73092.0,non_english
,73095.0,non_english
,73853.0,non_english
,73860.0,non_english
,73915.0,non_english
,73964.0,non_english
,75080.0,non_english
,75465.0,non_english
,75478.0,non_english
,75624.0,non_english
,75880.0,non_english
,75891.0,non_english
,76571.0,non_english
,76682.0,non_english
,76759.0,non_english
,76768.0,non_english
,76813.0,non_english
,76918.0,non_english
,77261.0,non_english
,77345.0,non_english
,77452.0,non_english
,77665.0,non_english
,77666.0,non_english
,77764.0,non_english
,77776.0,non_english
,77898.0,non_english
,78128.0,non_english
,78130.0,non_english
,78233.0,non_english
,78418.0,non_english
,78531.0,non_english
,79035.0,non_english
,79040.0,non_english
,79354.0,non_english
,79623.0,non_english
,79768.0,non_english
,80155.0,non_english
,80157.0,non_english
,80158.0,non_english
,80220.0,non_english
,80224.0,non_english
,80327.0,non_english
,80542.0,non_english
,80586.0,non_english
,80860.0,non_english
,81082.0,non_english
,81181.0,non_english
,81419.0,non_english
,81543.0,non_english
,81645.0,non_english
,81664.0,non_english
,81687.0,non_english
,81727.0,non_english
,81728.0,non_english
,81815.0,non_english
,82468.0,non_english
,82517.0,non_english
,82570.0,non_english
,82726.0,non_english
,82767.0,non_english
,83003.0,non_english
,83143.0,non_english
,83197.0,non_english
,84089.0,non_english
,84116.0,non_english
,84227.0,non_english
,84486.0,non_english
,84498.0,non_english
,84641.0,non_english
,85020.0,non_english
,85079.0,non_english
,85191.0,non_english
,85293.0,non_english
,85302.0,non_english
,85430.0,non_english
,85446.0,non_english
,85453.0,non_english
,85702.0,non_english
,85727.0,non_english
,86032.0,non_english
,86066.0,non_english
,86091.0,non_english
,86092.0,non_english
,86117.0,non_english
,86501.0,non_english
,86705.0,non_english
,86835.0,non_english
,86927.0,non_english
,86980.0,non_english
,87152.0,non_english
,87308.0,non_english
,87396.0,non_english
,87538.0,non_english
,87559.0,non_english
,87625.0,non_english
,87979.0,non_english
,88056.0,non_english
,88079.0,non_english
,88495.0,non_english
,88507.0,non_english
,88594.0,non_english
,88830.0,non_english
,89042.0,non_english
,89280.0,non_english
,90287.0,non_english
,90418.0,non_english
,90550.0,non_english
,90774.0,non_english
,90800.0,non_english
,90923.0,non_english
,91402.0,non_english
,91447.0,non_english
,91579.0,non_english
,91849.0,non_english
,92138.0,non_english
,92139.0,non_english
,92224.0,non_english
,92306.0,non_english
,92447.0,non_english
,92503.0,non_english
,92794.0,non_english
,93185.0,non_english
,93468.0,non_english
,93505.0,non_english
,93511.0,non_english
,93711.0,non_english
,93722.0,non_english
,93767.0,non_english
,93775.0,non_english
,93861.0,non_english
,93879.0,non_english
,93900.0,non_english
,94227.0,non_english
,94407.0,non_english
,94863.0,non_english
,95227.0,non_english
,95541.0,non_english
,95679.0,non_english
,95811.0,non_english
,95920.0,non_english
,95960.0,non_english
,96053.0,non_english
,96082.0,non_english
,96206.0,non_english
,96210.0,non_english
,96437.0,non_english
,96531.0,non_english
,96802.0,non_english
,96981.0,non_english
,97223.0,non_english
,97408.0,non_english
,97585.0,non_english
,97595.0,non_english
,98274.0,non_english
,98388.0,non_english
,98440.0,non_english
,98565.0,non_english
,98806.0,non_english
,98949.0,non_english
,98999.0,non_english
,99061.0,non_english
,99215.0,non_english
,99241.0,non_english
,99261.0,non_english
,99404.0,non_english
,99426.0,non_english
,99495.0,non_english
,99980.0,non_english
,100007.0,non_english
,100036.0,non_english
,100074.0,non_english
,100151.0,non_english
,100530.0,non_english
,101140.0,non_english
,101401.0,non_english
,101426.0,non_english
,101513.0,non_english
,101618.0,non_english
,101722.0,non_english
,102184.0,non_english
,102344.0,non_english
,102694.0,non_english
,102794.0,non_english
,103042.0,non_english
,103100.0,non_english
,103730.0,non_english
,104039.0,non_english
,104581.0,non_english
,105011.0,non_english
,105194.0,non_english
,105259.0,non_english
,105362.0,non_english
,105441.0,non_english
,105444.0,non_english
,105447.0,non_english
,105859.0,non_english
,106197.0,non_english
,106364.0,non_english
,106443.0,non_english
,106655.0,non_english
,106674.0,non_english
,106968.0,non_english
,107052.0,non_english
,107258.0,non_english
,107333.0,non_english
,107888.0,non_english
,108062.0,non_english
,108122.0,non_english
,108227.0,non_english
,108460.0,non_english
,108609.0,non_english
,108630.0,non_english
,108827.0,non_english
,108859.0,non_english
,108885.0,non_english
,109238.0,non_english
,109248.0,non_english
,109307.0,non_english
,109340.0,non_english
,109603.0,non_english
,109818.0,non_english
,110028.0,non_english
,110372.0,non_english
,110614.0,non_english
,110884.0,non_english
,110970.0,non_english
,110988.0,non_english
,111139.0,non_english
,111395.0,non_english
,111417.0,non_english
,111492.0,non_english
,111527.0,non_english
,111687.0,non_english
,112060.0,non_english
,112109.0,non_english
,112344.0,non_english
,113008.0,non_english
,113016.0,non_english
,113172.0,non_english
,113184.0,non_english
,113565.0,non_english
,113614.0,non_english
,114063.0,non_english
,114096.0,non_english
,114236.0,non_english
,114242.0,non_english
,114314.0,non_english
,114329.0,non_english
,114648.0,non_english
,114813.0,non_english
,114890.0,non_english
,115067.0,non_english
,115132.0,non_english
,115202.0,non_english
,115264.0,non_english
,115321.0,non_english
,115354.0,non_english
,115813.0,non_english
,116026.0,non_english
,116061.0,non_english
,116082.0,non_english
,116356.0,non_english
,116663.0,non_english
,117420.0,non_english
,117586.0,non_english
,117627.0,non_english
,117762.0,non_english
,117832.0,non_english
,117871.0,non_english
,117885.0,non_english
,117947.0,non_english
,118483.0,non_english
,118576.0,non_english
,118780.0,non_english
,118940.0,non_english
,118971.0,non_english
,119037.0,non_english
,119507.0,non_english
,119792.0,non_english
,119853.0,non_english
,119920.0,non_english
,120067.0,non_english
,120138.0,non_english
,120304.0,non_english
,120364.0,non_english
,120888.0,non_english
,120900.0,non_english
,120920.0,non_english
,120966.0,non_english
,121160.0,non_english
,121198.0,non_english
,121245.0,non_english
,121573.0,non_english
,121661.0,non_english
,121708.0,non_english
,121842.0,non_english
,121982.0,non_english
,122052.0,non_english
,122102.0,non_english
,122480.0,non_english
,122795.0,non_english
,122976.0,non_english
,123291.0,non_english
,123695.0,non_english
,123918.0,non_english
,123920.0,non_english
,123921.0,non_english
,123924.0,non_english
,124103.0,non_english
,124159.0,non_english
,124167.0,non_english
,124300.0,non_english
,124364.0,non_english
,124458.0,non_english
,124662.0,non_english
,125262.0,non_english
,125639.0,non_english
,127063.0,non_english
,127181.0,non_english
,127235.0,non_english
,127563.0,non_english
,127567.0,non_english
,127735.0,non_english
,128001.0,non_english
,128020.0,non_english
,128031.0,non_english
,128318.0,non_english
,128897.0,non_english
,128993.0,non_english
,129177.0,non_english
,129443.0,non_english
,129495.0,non_english
,129593.0,non_english
,129660.0,non_english
,129828.0,non_english
,129947.0,non_english
,129971.0,non_english
,130236.0,non_english
,130243.0,non_english
,130249.0,non_english
,130277.0,non_english
,130300.0,non_english
,130310.0,non_english
,130548.0,non_english
,130564.0,non_english
,131445.0,non_english
,131485.0,non_english
,131500.0,non_english
,131717.0,non_english
,131790.0,non_english
,132116.0,non_english
,132361.0,non_english
,132402.0,non_english
,132566.0,non_english
,133702.0,non_english
,133722.0,non_english
,133905.0,non_english
,134526.0,non_english
,134633.0,non_english
,134922.0,non_english
,135162.0,non_english
,135296.0,non_english
,135546.0,non_english
,135612.0,non_english
,135638.0,non_english
,135661.0,non_english
,135823.0,non_english
,136185.0,non_english
,136586.0,non_english
,136792.0,non_english
,136847.0,non_english
,137306.0,non_english
,137389.0,non_english
,138021.0,non_english
,138115.0,non_english
,138173.0,non_english
,138313.0,non_english
,138676.0,non_english
,140125.0,non_english
,140263.0,non_english
,140555.0,non_english
,140584.0,non_english
,140618.0,non_english
,140673.0,non_english
,140684.0,non_english
,140702.0,non_english
,141299.0,non_english
,141319.0,non_english
,141404.0,non_english
,141611.0,non_english
,141642.0,non_english
,141666.0,non_english
,141734.0,non_english
,141821.0,non_english
,141844.0,non_english
,142138.0,non_english
,142169.0,non_english
,142568.0,non_english
,142647.0,non_english
,142879.0,non_english
,143046.0,non_english
,143115.0,non_english
,143123.0,non_english
,143280.0,non_english
,143363.0,non_english
,143415.0,non_english
,144018.0,non_english
,144426.0,non_english
,144770.0,non_english
,144832.0,non_english
,145169.0,non_english
,145243.0,non_english
,145295.0,non_english
,145476.0,non_english
,146009.0,non_english
,146222.0,non_english
,146564.0,non_english
,146711.0,non_english
,146780.0,non_english
,147170.0,non_english
,147266.0,non_english
,147278.0,non_english
,147661.0,non_english
,147838.0,non_english
,147958.0,non_english
,148049.0,non_english
,148162.0,non_english
,148167.0,non_english
,148631.0,non_english
,148948.0,non_english
,148949.0,non_english
,149051.0,non_english
,149739.0,non_english
,149857.0,non_english
,150017.0,non_english
,150958.0,non_english
,151007.0,non_english
,151124.0,non_english
,151880.0,non_english
,152050.0,non_english
,152480.0,non_english
,152502.0,non_english
,152508.0,non_english
,152780.0,non_english
,152833.0,non_english
,152870.0,non_english
,152899.0,non_english
,152989.0,non_english
,152994.0,non_english
,153777.0,non_english
,154116.0,non_english
,154445.0,non_english
,154838.0,non_english
,155302.0,non_english
,155368.0,non_english
,155407.0,non_english
,155714.0,non_english
,155863.0,non_english
,156052.0,non_english
,156147.0,non_english
,156363.0,non_english
,156364.0,non_english
,156450.0,non_english
,156526.0,non_english
,156727.0,non_english
,156879.0,non_english
,157238.0,non_english
,157649.0,non_english
,157945.0,non_english
,158393.0,non_english
,158710.0,non_english
,158974.0,non_english
,159320.0,non_english
,159333.0,non_english
,159505.0,non_english
,159638.0,non_english
,159672.0,non_english
,159737.0,non_english
,159839.0,non_english
,159847.0,non_english
,160293.0,non_english
,160658.0,non_english
,161290.0,non_english
,161628.0,non_english
,161664.0,non_english
,161865.0,non_english
,162186.0,non_english
,162267.0,non_english
,162443.0,non_english
,162624.0,non_english
,163074.0,non_english
,163190.0,non_english
,163772.0,non_english
,163806.0,non_english
,163871.0,non_english
,164242.0,non_english
,164283.0,non_english
,164757.0,non_english
,165029.0,non_english
,165199.0,non_english
,165390.0,non_english
,165453.0,non_english
,165717.0,non_english
,165732.0,non_english
,165764.0,non_english
,166244.0,non_english
,166483.0,non_english
,166502.0,non_english
,166690.0,non_english
,166902.0,non_english
,167307.0,non_english
,167876.0,non_english
,167884.0,non_english
,167909.0,non_english
,168137.0,non_english
,168419.0,non_english
,168685.0,non_english
,168701.0,non_english
,168703.0,non_english
,168715.0,non_english
,168803.0,non_english
,168889.0,non_english
,169092.0,non_english
,169157.0,non_english
,169194.0,non_english
,169595.0,non_english
,170075.0,non_english
,170080.0,non_english
,170350.0,non_english
,170459.0,non_english
,170683.0,non_english
,171178.0,non_english
,171430.0,non_english
,171538.0,non_english
,171673.0,non_english
,171705.0,non_english
,171739.0,non_english
,171836.0,non_english
,171883.0,non_english
,172167.0,non_english
,172194.0,non_english
,172416.0,non_english
,172963.0,non_english
,173460.0,non_english
,173633.0,non_english
,173655.0,non_english
,173960.0,non_english
,174367.0,non_english
,174746.0,non_english
,174758.0,non_english
,174808.0,non_english
,174816.0,non_english
,174823.0,non_english
,174968.0,non_english
,174986.0,non_english
,175097.0,non_english
,175112.0,non_english
,176038.0,non_english
,176101.0,non_english
,176106.0,non_english
,176380.0,non_english
,176517.0,non_english
,176520.0,non_english
,176534.0,non_english
,177018.0,non_english
,177086.0,non_english
,177142.0,non_english
,177262.0,non_english
,177815.0,non_english
,178128.0,non_english
,178704.0,non_english
,179128.0,non_english
,179386.0,non_english
,179418.0,non_english
,179871.0,non_english
,180461.0,non_english
,180757.0,non_english
,181269.0,non_english
,181369.0,non_english
,181897.0,non_english
,182201.0,non_english
,182510.0,non_english
,182576.0,non_english
,182607.0,non_english
,182826.0,non_english
,182993.0,non_english
,183099.0,non_english
,183213.0,non_english
,183295.0,non_english
,183336.0,non_english
,183616.0,non_english
,183638.0,non_english
,183705.0,non_english
,184157.0,non_english
,184180.0,non_english
,184413.0,non_english
,184641.0,non_english
,184803.0,non_english
,185664.0,non_english
,185713.0,non_english
,185719.0,non_english
,186149.0,non_english
,186361.0,non_english
,186575.0,non_english
,186637.0,non_english
,186798.0,non_english
,186805.0,non_english
,186843.0,non_english
,187002.0,non_english
,187100.0,non_english
,187390.0,non_english
,187711.0,non_english
,188258.0,non_english
,188517.0,non_english
,189237.0,non_english
,189612.0,non_english
,189925.0,non_english
,189958.0,non_english
,190156.0,non_english
,190552.0,non_english
,190603.0,non_english
,190761.0,non_english
,190904.0,non_english
,191195.0,non_english
,191359.0,non_english
,191561.0,non_english
,191562.0,non_english
,192177.0,non_english
,192372.0,non_english
,192528.0,non_english
,192794.0,non_english
,192941.0,non_english
,193400.0,non_english
,193560.0,non_english
,193781.0,non_english
,193813.0,non_english
,193848.0,non_english
,193867.0,non_english
,193874.0,non_english
,193924.0,non_english
,194190.0,non_english
,194846.0,non_english
,196105.0,non_english
,196148.0,non_english
,196327.0,non_english
,196465.0,non_english
,196532.0,non_english
,196741.0,non_english
,197865.0,non_english
,198137.0,non_english
,198181.0,non_english
,198432.0,non_english
,198674.0,non_english
,198817.0,non_english
,199232.0,non_english
,199282.0,non_english
,199347.0,non_english
,199514.0,non_english
,199776.0,non_english
,200503.0,non_english
,200938.0,non_english
,201020.0,non_english
,201061.0,non_english
,201818.0,non_english
,201858.0,non_english
,201993.0,non_english
,202130.0,non_english
,202531.0,non_english
,202722.0,non_english
,202871.0,non_english
,203101.0,non_english
,203214.0,non_english
,203549.0,non_english
,203559.0,non_english
,204448.0,non_english
,204548.0,non_english
,204820.0,non_english
,205471.0,non_english
,206216.0,non_english
,206332.0,non_english
,206386.0,non_english
,206983.0,non_english
,207074.0,non_english
,207086.0,non_english
,207147.0,non_english
,207225.0,non_english
,207754.0,non_english
,207755.0,non_english
,207835.0,non_english
,207844.0,non_english
,208531.0,non_english
,208642.0,non_english
,208677.0,non_english
,208772.0,non_english
,209130.0,non_english
,209688.0,non_english
,210099.0,non_english
,210117.0,non_english
,210477.0,non_english
,210655.0,non_english
,210823.0,non_english
,210898.0,non_english
,211004.0,non_english
,211055.0,non_english
,211148.0,non_english
,211875.0,non_english
,212350.0,non_english
,212477.0,non_english
,212744.0,non_english
,213065.0,non_english
,213188.0,non_english
,213285.0,non_english
,213618.0,non_english
,213737.0,non_english
,213788.0,non_english
,214277.0,non_english
,214323.0,non_english
,214474.0,non_english
,214489.0,non_english
,214514.0,non_english
,215160.0,non_english
,215431.0,non_english
,215702.0,non_english
,215873.0,non_english
,216488.0,non_english
,216586.0,non_english
,216590.0,non_english
,216691.0,non_english
,216693.0,non_english
,216820.0,non_english
,217216.0,non_english
,217461.0,non_english
,217623.0,non_english
,217797.0,non_english
,218053.0,non_english
,218082.0,non_english
,218385.0,non_english
,218545.0,non_english
,218570.0,non_english
,218870.0,non_english
,219093.0,non_english
,219095.0,non_english
,219247.0,non_english
,219259.0,non_english
,219607.0,non_english
,219625.0,non_english
,219710.0,non_english
,219778.0,non_english
,219828.0,non_english
,220621.0,non_english
,220738.0,non_english
,220982.0,non_english
,221029.0,non_english
,221316.0,non_english
,221359.0,non_english
,221931.0,non_english
,222052.0,non_english
,222506.0,non_english
,222523.0,non_english
,222564.0,non_english
,222613.0,non_english
,222905.0,non_english
,223226.0,non_english
,223227.0,non_english
,223372.0,non_english
,223375.0,non_english
,224460.0,non_english
,224568.0,non_english
,225125.0,non_english
,225151.0,non_english
,225795.0,non_english
,225802.0,non_english
,225917.0,non_english
,226253.0,non_english
,226319.0,non_english
,226418.0,non_english
,226445.0,non_english
,226494.0,non_english
,226707.0,non_english
,227267.0,non_english
,227553.0,non_english
,227764.0,non_english
,229152.0,non_english
,229161.0,non_english
,229480.0,non_english
,230038.0,non_english
,230140.0,non_english
,230373.0,non_english
,230378.0,non_english
,230587.0,non_english
,230832.0,non_english
,230846.0,non_english
,230978.0,non_english
,231147.0,non_english
,231888.0,non_english
,231982.0,non_english
,233387.0,non_english
,233437.0,non_english
,233569.0,non_english
,233650.0,non_english
,233844.0,non_english
,234486.0,non_english
,234605.0,non_english
,234654.0,non_english
,235596.0,non_english
,235777.0,non_english
,236056.0,non_english
,236734.0,non_english
,236745.0,non_english
,237345.0,non_english
,237349.0,non_english
,237395.0,non_english
,237407.0,non_english
,237614.0,non_english
,237826.0,non_english
,238031.0,non_english
,238426.0,non_english
,238888.0,non_english
,238921.0,non_english
,238923.0,non_english
,239020.0,non_english
,239024.0,non_english
,239049.0,non_english
,239065.0,non_english
,239822.0,non_english
,239825.0,non_english
,239833.0,non_english
,239838.0,non_english
,239889.0,non_english
,240347.0,non_english
,240774.0,non_english
,240873.0,non_english
,240957.0,non_english
,240990.0,non_english
,241317.0,non_english
,242102.0,non_english
,242313.0,non_english
,242549.0,non_english
,242692.0,non_english
,243402.0,non_english
,243523.0,non_english
,244329.0,non_english
,244587.0,non_english
,244691.0,non_english
,244830.0,non_english
,245197.0,non_english
,245284.0,non_english
,245771.0,non_english
,245876.0,non_english
,245933.0,non_english
,246026.0,non_english
,246075.0,non_english
,246205.0,non_english
,246441.0,non_english
,246632.0,non_english
,249018.0,non_english
,249219.0,non_english
,249256.0,non_english
,249414.0,non_english
,249562.0,non_english
,250516.0,non_english
,250586.0,non_english
,251467.0,non_english
,251614.0,non_english
,251635.0,non_english
,251663.0,non_english
,251871.0,non_english
,252332.0,non_english
,252444.0,non_english
,253038.0,non_english
,253383.0,non_english
,253682.0,non_english
,253888.0,non_english
,254104.0,non_english
,254106.0,non_english
,254524.0,non_english
,254638.0,non_english
,255727.0,non_english
,256109.0,non_english
,256296.0,non_english
,256377.0,non_english
,256917.0,non_english
,257079.0,non_english
,257144.0,non_english
,257313.0,non_english
,257458.0,non_english
,257796.0,non_english
,258174.0,non_english
,258221.0,non_english
,258292.0,non_english
,258888.0,non_english
,260248.0,non_english
,260358.0,non_english
,260380.0,non_english
,260402.0,non_english
,260534.0,non_english
,260660.0,non_english
,261487.0,non_english
,262042.0,non_english
,262098.0,non_english
,262839.0,non_english
,262913.0,non_english
,262967.0,non_english
,263768.0,non_english
,264025.0,non_english
,264515.0,non_english
,264516.0,non_english
,265181.0,non_english
,265497.0,non_english
,265988.0,non_english
,266238.0,non_english
,266624.0,non_english
,267576.0,non_english
,267692.0,non_english
,267854.0,non_english
,267933.0,non_english
,268063.0,non_english
,268218.0,non_english
,268479.0,non_english
,268556.0,non_english
,268824.0,non_english
,269410.0,non_english
,269521.0,non_english
,269596.0,non_english
,270110.0,non_english
,270855.0,non_english
,270904.0,non_english
,270952.0,non_english
,271942.0,non_english
,272596.0,non_english
,272914.0,non_english
,273460.0,non_english
,273898.0,non_english
,273905.0,non_english
,273954.0,non_english
,273969.0,non_english
,273984.0,non_english
,274087.0,non_english
,275021.0,non_english
,275202.0,non_english
,275268.0,non_english
,275972.0,non_english
,276206.0,non_english
,277595.0,non_english
,277646.0,non_english
,278533.0,non_english
,278570.0,non_english
,278596.0,non_english
,278626.0,non_english
,278658.0,non_english
,278684.0,non_english
,278800.0,non_english
,278804.0,non_english
,278820.0,non_english
,278866.0,non_english
,279017.0,non_english
,279175.0,non_english
,279337.0,non_english
,279418.0,non_english
,279497.0,non_english
,279794.0,non_english
,280119.0,non_english
,280180.0,non_english
,280275.0,non_english
,280301.0,non_english
,280664.0,non_english
,280978.0,non_english
,281057.0,non_english
,281606.0,non_english
,282936.0,non_english
,282950.0,non_english
,283245.0,non_english
,283641.0,non_english
,283859.0,non_english
,284752.0,non_english
,284793.0,non_english
,285084.0,non_english
,285261.0,non_english
,285265.0,non_english
,285324.0,non_english
,285876.0,non_english
,286212.0,non_english
,286226.0,non_english
,286234.0,non_english
,286383.0,non_english
,286742.0,non_english
,287715.0,non_english
,287976.0,non_english
,288052.0,non_english
,288227.0,non_english
,288249.0,non_english
,288417.0,non_english
,288590.0,non_english
,288659.0,non_english
,288723.0,non_english
,289467.0,non_english
,289633.0,non_english
,290021.0,non_english
,290122.0,non_english
,290551.0,non_english
,290588.0,non_english
,290640.0,non_english
,290936.0,non_english
,291101.0,non_english
,291142.0,non_english
,291641.0,non_english
,291671.0,non_english
,291784.0,non_english
,291977.0,non_english
,292054.0,non_english
,292315.0,non_english
,292533.0,non_english
,292565.0,non_english
,292592.0,non_english
,292752.0,non_english
,292898.0,non_english
,293158.0,non_english
,293167.0,non_english
,293217.0,non_english
,293315.0,non_english
,293322.0,non_english
,293473.0,non_english
,293493.0,non_english
,294202.0,non_english
,294230.0,non_english
,294244.0,non_english
,294381.0,non_english
,294390.0,non_english
,294522.0,non_english
,294526.0,non_english
,294738.0,non_english
,295863.0,non_english
,296121.0,non_english
,296455.0,non_english
,296782.0,non_english
,296871.0,non_english
,297612.0,non_english
,297680.0,non_english
,298048.0,non_english
,298409.0,non_english
,298452.0,non_english
,298544.0,non_english
,298654.0,non_english
,298831.0,non_english
,299018.0,non_english
,299019.0,non_english
,299237.0,non_english
,299238.0,non_english
,299404.0,non_english
,299635.0,non_english
,299994.0,non_english
,300002.0,non_english
,300159.0,non_english
,300957.0,non_english
,301501.0,non_english
,301544.0,non_english
,301554.0,non_english
,301573.0,non_english
,301652.0,non_english
,302093.0,non_english
,302367.0,non_english
,302370.0,non_english
,302823.0,non_english
,302865.0,non_english
,303232.0,non_english
,303406.0,non_english
,303759.0,non_english
,304291.0,non_english
,304519.0,non_english
,304947.0,non_english
,305385.0,non_english
,305822.0,non_english
,306004.0,non_english
,306823.0,non_english
,306864.0,non_english
,306939.0,non_english
,307302.0,non_english
,307327.0,non_english
,307629.0,non_english
,308252.0,non_english
,308583.0,non_english
,308760.0,non_english
,309782.0,non_english
,310037.0,non_english
,310551.0,non_english
,310637.0,non_english
,310814.0,non_english
,311739.0,non_english
,312313.0,non_english
,312416.0,non_english
,312487.0,non_english
,313006.0,non_english
,313127.0,non_english
,313323.0,non_english
,313537.0,non_english
,313861.0,non_english
,314013.0,non_english
,314156.0,non_english
,314203.0,non_english
,314234.0,non_english
,314321.0,non_english
,314364.0,non_english
,314365.0,non_english
,314431.0,non_english
,314473.0,non_english
,314497.0,non_english
,314767.0,non_english
,315059.0,non_english
,315122.0,non_english
,315501.0,non_english
,316668.0,non_english
,316710.0,non_english
,316883.0,non_english
,316884.0,non_english
,316885.0,non_english
,316886.0,non_english
,316894.0,non_english
,316902.0,non_english
,317271.0,non_english
,317483.0,non_english
,317583.0,non_english
,317973.0,non_english
,318172.0,non_english
,318299.0,non_english
,318350.0,non_english
,318415.0,non_english
,318643.0,non_english
,318797.0,non_english
,318859.0,non_english
,319269.0,non_english
,319325.0,non_english
,319425.0,non_english
,320241.0,non_english
,320360.0,non_english
,320585.0,non_english
,320735.0,non_english
,320935.0,non_english
,321323.0,non_english
,321820.0,non_english
,322215.0,non_english
,322252.0,non_english
,322800.0,non_english
,322846.0,non_english
,322954.0,non_english
,323160.0,non_english
,323894.0,non_english
,324045.0,non_english
,324682.0,non_english
,325556.0,non_english
,326019.0,non_english
,326269.0,non_english
,326556.0,non_english
,326695.0,non_english
,326706.0,non_english
,326857.0,non_english
,326906.0,non_english
,327418.0,non_english
,327654.0,non_english
,327748.0,non_english
,327843.0,non_english
,327852.0,non_english
,327874.0,non_english
,327937.0,non_english
,327945.0,non_english
,328356.0,non_english
,328886.0,non_english
,328899.0,non_english
,328901.0,non_english
,328916.0,non_english
,329771.0,non_english
,330349.0,non_english
,330996.0,non_english
,331495.0,non_english
,331845.0,non_english
,332207.0,non_english
,332273.0,non_english
,332688.0,non_english
,332991.0,non_english
,333553.0,non_english
,333617.0,non_english
,334066.0,non_english
,334183.0,non_english
,334241.0,non_english
,334280.0,non_english
,334283.0,non_english
,334790.0,non_english
,334904.0,non_english
,335076.0,non_english
,335150.0,non_english
,335895.0,non_english
,336154.0,non_english
,337948.0,non_english
,338073.0,non_english
,338302.0,non_english
,338306.0,non_english
,338532.0,non_english
,338580.0,non_english
,338668.0,non_english
,338735.0,non_english
,339535.0,non_english
,339693.0,non_english
,339707.0,non_english
,340031.0,non_english
,340097.0,non_english
,340785.0,non_english
,340930.0,non_english
,341857.0,non_english
,341941.0,non_english
,342527.0,non_english
,342744.0,non_english
,343246.0,non_english
,343538.0,non_english
,343833.0,non_english
,343925.0,non_english
,343994.0,non_english
,343996.0,non_english
,344348.0,non_english
,344613.0,non_english
,344887.0,non_english
,344889.0,non_english
,345013.0,non_english
,345612.0,non_english
,345626.0,non_english
,345643.0,non_english
,345881.0,non_english
,346149.0,non_english
,346302.0,non_english
,346459.0,non_english
,347050.0,non_english
,347443.0,non_english
,347852.0,non_english
,348667.0,non_english
,349023.0,non_english
,349114.0,non_english
,349434.0,non_english
,350005.0,non_english
,350425.0,non_english
,350467.0,non_english
,350469.0,non_english
,350590.0,non_english
,350615.0,non_english
,350657.0,non_english
,350733.0,non_english
,351008.0,non_english
,351207.0,non_english
,351248.0,non_english
,351680.0,non_english
,351683.0,non_english
,351723.0,non_english
,351823.0,non_english
,352666.0,non_english
,352902.0,non_english
,353298.0,non_english
,353470.0,non_english
,354400.0,non_english
,354538.0,non_english
,354545.0,non_english
,354547.0,non_english
,354860.0,non_english
,354989.0,non_english
,355087.0,non_english
,355167.0,non_english
,355374.0,non_english
,355944.0,non_english
,356850.0,non_english
,356914.0,non_english
,357726.0,non_english
,358067.0,non_english
,358105.0,non_english
,358269.0,non_english
,358338.0,non_english
,358657.0,non_english
,358987.0,non_english
,359345.0,non_english
,359361.0,non_english
,359597.0,non_english
,360126.0,non_english
,360256.0,non_english
,360321.0,non_english
,360331.0,non_english
,360352.0,non_english
,360538.0,non_english
,360541.0,non_english
,360910.0,non_english
,361124.0,non_english
,361643.0,non_english
,361800.0,non_english
,362258.0,non_english
,362384.0,non_english
,362430.0,non_english
,362681.0,non_english
,362752.0,non_english
,363087.0,non_english
,363614.0,non_english
,363729.0,non_english
,363757.0,non_english
,363966.0,non_english
,364050.0,non_english
,364128.0,non_english
,365397.0,non_english
,365441.0,non_english
,365938.0,non_english
,366039.0,non_english
,366237.0,non_english
,366587.0,non_english
,366662.0,non_english
,366738.0,non_english
,366848.0,non_english
,366893.0,non_english
,366900.0,non_english
,366985.0,non_english
,367431.0,non_english
,367517.0,non_english
,368000.0,non_english
,368070.0,non_english
,368519.0,non_english
,368745.0,non_english
,369952.0,non_english
,370144.0,non_english
,370560.0,non_english
,370863.0,non_english
,370996.0,non_english
,371226.0,non_english
,371453.0,non_english
,371500.0,non_english
,371870.0,non_english
,371987.0,non_english
,372417.0,non_english
,372674.0,non_english
,372685.0,non_english
,372931.0,non_english
,373556.0,non_english
,373822.0,non_english
,373988.0,non_english
,374541.0,non_english
,375022.0,non_english
,375075.0,non_english
,375415.0,non_english
,375899.0,non_english
,376118.0,non_english
,376130.0,non_english
,376577.0,non_english
,376660.0,non_english
,376668.0,non_english
,376674.0,non_english
,376701.0,non_english
,376711.0,non_english
,376778.0,non_english
,376954.0,non_english
,376956.0,non_english
,377847.0,non_english
,378070.0,non_english
,378095.0,non_english
,378824.0,non_english
,378919.0,non_english
,379246.0,non_english
,379248.0,non_english
,379626.0,non_english
,379633.0,non_english
,380529.0,non_english
,380645.0,non_english
,381591.0,non_english
,381625.0,non_english
,382054.0,non_english
,382509.0,non_english
,382540.0,non_english
,383237.0,non_english
,383248.0,non_english
,383257.0,non_english
,383272.0,non_english
,383568.0,non_english
,383584.0,non_english
,383610.0,non_english
,384418.0,non_english
,384863.0,non_english
,385340.0,non_english
,385823.0,non_english
,386433.0,non_english
,386444.0,non_english
,386462.0,non_english
,387804.0,non_english
,388193.0,non_english
,388699.0,non_english
,388702.0,non_english
,388831.0,non_english
,389021.0,non_english
,389798.0,non_english
,390835.0,non_english
,391288.0,non_english
,391306.0,non_english
,391506.0,non_english
,392008.0,non_english
,392762.0,non_english
,393573.0,non_english
,393798.0,non_english
,393809.0,non_english
,394577.0,non_english
,394878.0,non_english
,395023.0,non_english
,395294.0,non_english
,395397.0,non_english
,395398.0,non_english
,395439.0,non_english
,395499.0,non_english
,395552.0,non_english
,395645.0,non_english
,395844.0,non_english
,395964.0,non_english
,396860.0,non_english
,397172.0,non_english
,397622.0,non_english
,397774.0,non_english
,397963.0,non_english
,399085.0,non_english
,399694.0,non_english
,400338.0,non_english
,400486.0,non_english
,400868.0,non_english
,400879.0,non_english
,401352.0,non_english
,401523.0,non_english
,401969.0,non_english
,402109.0,non_english
,402314.0,non_english
,402386.0,non_english
,402397.0,non_english
,402597.0,non_english
,402726.0,non_english
,402743.0,non_english
,402896.0,non_english
,404002.0,non_english
,404279.0,non_english
,404703.0,non_english
,405023.0,non_english
,405696.0,non_english
,405792.0,non_english
,405977.0,non_english
,405990.0,non_english
,406390.0,non_english
,407849.0,non_english
,408016.0,non_english
,408532.0,non_english
,408616.0,non_english
,409315.0,non_english
,409472.0,non_english
,409872.0,non_english
,411415.0,non_english
,411495.0,non_english
,411628.0,non_english
,411702.0,non_english
,411750.0,non_english
,411901.0,non_english
,412033.0,non_english
,412069.0,non_english
,412598.0,non_english
,412612.0,non_english
,412822.0,non_english
,413020.0,non_english
,413072.0,non_english
,413155.0,non_english
,413164.0,non_english
,413429.0,non_english
,414680.0,non_english
,414738.0,non_english
,415163.0,non_english
,415545.0,non_english
,416841.0,non_english
,417222.0,non_english
,417225.0,non_english
,418050.0,non_english
,418631.0,non_english
,418656.0,non_english
,419161.0,non_english
,419162.0,non_english
,419954.0,non_english
,420491.0,non_english
,421263.0,non_english
,421519.0,non_english
,421522.0,non_english
,421940.0,non_english
,422318.0,non_english
,422430.0,non_english
,423179.0,non_english
,423960.0,non_english
,424111.0,non_english
,425255.0,non_english
,425329.0,non_english
,426620.0,non_english
,426802.0,non_english
,427083.0,non_english
,427095.0,non_english
,427325.0,non_english
,427326.0,non_english
,427928.0,non_english
,427962.0,non_english
,428006.0,non_english
,428716.0,non_english
,429014.0,non_english
,429260.0,non_english
,429439.0,non_english
,429646.0,non_english
,429756.0,non_english
,430370.0,non_english
,430964.0,non_english
,431473.0,non_english
,431660.0,non_english
,432503.0,non_english
,432955.0,non_english
,433091.0,non_english
,433099.0,non_english
,433117.0,non_english
,433310.0,non_english
,433693.0,non_english
,434352.0,non_english
,434422.0,non_english
,434555.0,non_english
,434702.0,non_english
,434726.0,non_english
,434832.0,non_english
,435006.0,non_english
,435098.0,non_english
,435447.0,non_english
,435450.0,non_english
,435529.0,non_english
,435538.0,non_english
,435683.0,non_english
,435781.0,non_english
,435886.0,non_english
,436167.0,non_english
,436387.0,non_english
,436624.0,non_english
,437615.0,non_english
,439071.0,non_english
,439336.0,non_english
,439825.0,non_english
,439862.0,non_english
,440649.0,non_english
,441605.0,non_english
,441649.0,non_english
,442407.0,non_english
,442704.0,non_english
,442889.0,non_english
,443519.0,non_english
,443600.0,non_english
,443797.0,non_english
,443940.0,non_english
,444326.0,non_english
,444426.0,non_english
,445057.0,non_english
,445088.0,non_english
,445278.0,non_english
,445282.0,non_english
,445510.0,non_english
,445745.0,non_english
,446436.0,non_english
,446844.0,non_english
,447618.0,non_english
,448478.0,non_english
,448532.0,non_english
,448536.0,non_english
,448620.0,non_english
,448681.0,non_english
,448935.0,non_english
,449131.0,non_english
,449148.0,non_english
,449483.0,non_english
,451109.0,non_english
,451581.0,non_english
,451655.0,non_english
,451941.0,non_english
,451980.0,non_english
,452004.0,non_english
,452229.0,non_english
,452258.0,non_english
,452687.0,non_english
,453159.0,non_english
,453476.0,non_english
,453841.0,non_english
,454553.0,non_english
,454596.0,non_english
,454775.0,non_english
,455294.0,non_english
,455917.0,non_english
,456842.0,non_english
,456959.0,non_english
,457233.0,non_english
,457468.0,non_english
,457805.0,non_english
,458025.0,non_english
,459030.0,non_english
,460265.0,non_english
,460279.0,non_english
,460288.0,non_english
,460539.0,non_english
,461015.0,non_english
,461053.0,non_english
,461405.0,non_english
,461413.0,non_english
,461588.0,non_english
,461713.0,non_english
,461927.0,non_english
,462505.0,non_english
,463464.0,non_english
,463727.0,non_english
,463790.0,non_english
,464039.0,non_english
,464096.0,non_english
,464111.0,non_english
,464969.0,non_english
,465418.0,non_english
,465963.0,non_english
,466582.0,non_english
,466648.0,non_english
,466710.0,non_english
,467759.0,non_english
,468008.0,non_english
,468011.0,non_english
,469287.0,non_english
,469310.0,non_english
,469861.0,non_english
,469918.0,non_english
,470882.0,non_english
,472457.0,non_english
,472987.0,non_english
,473306.0,non_english
,473798.0,non_english
,473934.0,non_english
,473976.0,non_english
,474281.0,non_english
,474707.0,non_english
,475623.0,non_english
,476473.0,non_english
,476968.0,non_english
,477345.0,non_english
,477723.0,non_english
,477781.0,non_english
,477917.0,non_english
,478132.0,non_english
,478267.0,non_english
,478673.0,non_english
,480101.0,non_english
,480441.0,non_english
,480697.0,non_english
,480698.0,non_english
,480806.0,non_english
,480822.0,non_english
,481854.0,non_english
,482201.0,non_english
,483647.0,non_english
,483957.0,non_english
,485350.0,non_english
,485400.0,non_english
,485644.0,non_english
,485967.0,non_english
,486051.0,non_english
,486408.0,non_english
,486700.0,non_english
,487160.0,non_english
,487724.0,non_english
,488301.0,non_english
,488602.0,non_english
,488613.0,non_english
,489045.0,non_english
,489517.0,non_english
,490483.0,non_english
,490497.0,non_english
,490944.0,non_english
,490996.0,non_english
,491010.0,non_english
,491251.0,non_english
,491674.0,non_english
,492596.0,non_english
,492815.0,non_english
,492899.0,non_english
,493568.0,non_english
,493794.0,non_english
,494104.0,non_english
,494168.0,non_english
,494204.0,non_english
,494603.0,non_english
,494838.0,non_english
,495082.0,non_english
,496887.0,non_english
,497403.0,non_english
,497654.0,non_english
,498729.0,non_english
,498782.0,non_english
,499189.0,non_english
,499238.0,non_english
,499350.0,non_english
,499835.0,non_english
,501182.0,non_english
,501385.0,non_english
,501767.0,non_english
,501999.0,non_english
,502145.0,non_english
,502392.0,non_english
,503752.0,non_english
,503883.0,non_english
,504410.0,non_english
,504706.0,non_english
,504721.0,non_english
,504729.0,non_english
,505722.0,non_english
,505725.0,non_english
,505790.0,non_english
,506289.0,non_english
,506706.0,non_english
,506850.0,non_english
,507062.0,non_english
,507176.0,non_english
,507761.0,non_english
,507914.0,non_english
,508016.0,non_english
,508481.0,non_english
,509017.0,non_english
,509377.0,non_english
,509653.0,non_english
,509785.0,non_english
,509952.0,non_english
,510058.0,non_english
,510092.0,non_english
,510658.0,non_english
,510690.0,non_english
,510806.0,non_english
,511287.0,non_english
,511760.0,non_english
,512153.0,non_english
,512752.0,non_english
,512753.0,non_english
,513249.0,non_english
,513625.0,non_english
,513831.0,non_english
,515272.0,non_english
,515341.0,non_english
,515821.0,non_english
,515859.0,non_english
,515937.0,non_english
,516611.0,non_english
,516775.0,non_english
,516776.0,non_english
,517019.0,non_english
,517040.0,non_english
,517086.0,non_english
,517270.0,non_english
,517278.0,non_english
,517524.0,non_english
,518032.0,non_english
,518350.0,non_english
,518712.0,non_english
,519063.0,non_english
,519206.0,non_english
,519550.0,non_english
,519811.0,non_english
,519968.0,non_english
,520214.0,non_english
,520530.0,non_english
,521147.0,non_english
,521246.0,non_english
,521357.0,non_english
,521732.0,non_english
,522906.0,non_english
,523265.0,non_english
,523387.0,non_english
,523981.0,non_english
,524231.0,non_english
,525359.0,non_english
,525466.0,non_english
,525565.0,non_english
,525730.0,non_english
,525945.0,non_english
,526125.0,non_english
,526906.0,non_english
,527369.0,non_english
,527643.0,non_english
,527916.0,non_english
,527927.0,non_english
,528604.0,non_english
,529103.0,non_english
,529209.0,non_english
,529274.0,non_english
,529693.0,non_english
,529786.0,non_english
,530104.0,non_english
,530174.0,non_english
,531058.0,non_english
,531070.0,non_english
,531073.0,non_english
,531252.0,non_english
,531253.0,non_english
,531715.0,non_english
,531761.0,non_english
,532290.0,non_english
,532304.0,non_english
,532400.0,non_english
,532406.0,non_english
,532629.0,non_english
,532641.0,non_english
,532996.0,non_english
,533630.0,non_english
,533681.0,non_english
,533912.0,non_english
,533987.0,non_english
,534301.0,non_english
,534663.0,non_english
,534748.0,non_english
,534791.0,non_english
,535132.0,non_english
,536079.0,non_english
,536964.0,non_english
,537421.0,non_english
,537448.0,non_english
,537462.0,non_english
,537899.0,non_english
,537920.0,non_english
,537923.0,non_english
,538064.0,non_english
,538087.0,non_english
,538193.0,non_english
,538577.0,non_english
,538656.0,non_english
,538825.0,non_english
,539171.0,non_english
,539628.0,non_english
,540494.0,non_english
,541154.0,non_english
,541421.0,non_english
,541437.0,non_english
,542676.0,non_english
,542765.0,non_english
,542793.0,non_english
,543124.0,non_english
,543143.0,non_english
,543601.0,non_english
,544373.0,non_english
,545133.0,non_english
,545850.0,non_english
,545855.0,non_english
,545857.0,non_english
,547250.0,non_english
,548197.0,non_english
,548759.0,non_english
,549450.0,non_english
,549964.0,non_english
,550193.0,non_english
,550547.0,non_english
,550593.0,non_english
,550725.0,non_english
,551077.0,non_english
,551213.0,non_english
,552383.0,non_english
,552675.0,non_english
,553365.0,non_english
,553399.0,non_english
,553431.0,non_english
,553434.0,non_english
,553787.0,non_english
,553906.0,non_english
,554377.0,non_english
,555278.0,non_english
,555316.0,non_english
,555550.0,non_english
,555653.0,non_english
,555964.0,non_english
,556375.0,non_english
,556484.0,non_english
,556777.0,non_english
,557248.0,non_english
,557584.0,non_english
,558004.0,non_english
,558201.0,non_english
,558518.0,non_english
,559243.0,non_english
,559533.0,non_english
,559907.0,non_english
,560062.0,non_english
,560851.0,non_english
,561281.0,non_english
,561447.0,non_english
,561484.0,non_english
,561581.0,non_english
,561754.0,non_english
,561940.0,non_english
,562205.0,non_english
,562283.0,non_english
,563192.0,non_english
,563532.0,non_english
,564970.0,non_english
,565270.0,non_english
,565494.0,non_english
,566027.0,non_english
,566110.0,non_english
,566979.0,non_english
,567025.0,non_english
,567558.0,non_english
,567959.0,non_english
,568491.0,non_english
,568609.0,non_english
,569923.0,non_english
,570085.0,non_english
,570486.0,non_english
,570651.0,non_english
,570995.0,non_english
,571378.0,non_english
,571545.0,non_english
,573426.0,non_english
,573992.0,non_english
,574446.0,non_english
,574698.0,non_english
,574873.0,non_english
,574978.0,non_english
,575559.0,non_english
,575999.0,non_english
,576239.0,non_english
,576673.0,non_english
,577120.0,non_english
,577288.0,non_english
,577762.0,non_english
,577838.0,non_english
,578422.0,non_english
,578710.0,non_english
,578760.0,non_english
,578907.0,non_english
,579090.0,non_english
,579666.0,non_english
,579967.0,non_english
,580309.0,non_english
,580792.0,non_english
,580806.0,non_english
,580808.0,non_english
,580887.0,non_english
,581614.0,non_english
,581616.0,non_english
,581880.0,non_english
,581962.0,non_english
,583207.0,non_english
,583293.0,non_english
,583388.0,non_english
,583493.0,non_english
,583699.0,non_english
,583717.0,non_english
,584008.0,non_english
,584279.0,non_english
,584410.0,non_english
,584889.0,non_english
,585806.0,non_english
,585815.0,non_english
,585859.0,non_english
,586319.0,non_english
,586343.0,non_english
,586442.0,non_english
,586570.0,non_english
,587164.0,non_english
,587226.0,non_english
,587253.0,non_english
,587353.0,non_english
,587692.0,non_english
,588230.0,non_english
,589031.0,non_english
,589095.0,non_english
,589253.0,non_english
,589497.0,non_english
,589538.0,non_english
,589782.0,non_english
,589898.0,non_english
,589956.0,non_english
,590174.0,non_english
,590197.0,non_english
,590204.0,non_english
,590683.0,non_english
,590773.0,non_english
,590777.0,non_english
,590816.0,non_english
,590867.0,non_english
,591406.0,non_english
,591520.0,non_english
,592532.0,non_english
,593060.0,non_english
,593181.0,non_english
,593713.0,non_english
,594456.0,non_english
,595336.0,non_english
,595979.0,non_english
,596143.0,non_english
,596395.0,non_english
,596453.0,non_english
,596465.0,non_english
,596970.0,non_english
,597270.0,non_english
,597352.0,non_english
,597654.0,non_english
,598022.0,non_english
,598624.0,non_english
,598968.0,non_english
,599350.0,non_english
,599396.0,non_english
,600182.0,non_english
,600284.0,non_english
,600304.0,non_english
,600408.0,non_english
,601016.0,non_english
,601219.0,non_english
,601508.0,non_english
,601532.0,non_english
,601882.0,non_english
,602521.0,non_english
,602693.0,non_english
,603811.0,non_english
,603931.0,non_english
,604066.0,non_english
,604872.0,non_english
,604947.0,non_english
,604992.0,non_english
,605176.0,non_english
,605281.0,non_english
,605482.0,non_english
,605499.0,non_english
,606321.0,non_english
,606793.0,non_english
,606899.0,non_english
,606973.0,non_english
,607068.0,non_english
,607117.0,non_english
,607634.0,non_english
,607708.0,non_english
,608031.0,non_english
,608223.0,non_english
,608238.0,non_english
,608748.0,non_english
,610026.0,non_english
,610030.0,non_english
,610213.0,non_english
,610292.0,non_english
,610517.0,non_english
,612345.0,non_english
,612380.0,non_english
,612565.0,non_english
,613393.0,non_english
,613469.0,non_english
,613524.0,non_english
,613710.0,non_english
,614555.0,non_english
,614991.0,non_english
,615008.0,non_english
,615063.0,non_english
,616259.0,non_english
,616288.0,non_english
,616314.0,non_english
,616919.0,non_english
,616961.0,non_english
,617544.0,non_english
,617718.0,non_english
,617766.0,non_english
,617834.0,non_english
,618188.0,non_english
,618359.0,non_english
,618616.0,non_english
,618966.0,non_english
,620410.0,non_english
,620677.0,non_english
,620779.0,non_english
,621659.0,non_english
,622198.0,non_english
,622393.0,non_english
,622476.0,non_english
,623061.0,non_english
,623080.0,non_english
,623258.0,non_english
,624028.0,non_english
,624429.0,non_english
,625208.0,non_english
,625995.0,non_english
,626006.0,non_english
,626039.0,non_english
,626881.0,non_english
,626893.0,non_english
,627075.0,non_english
,627127.0,non_english
,627333.0,non_english
,627725.0,non_english
,627879.0,non_english
,627920.0,non_english
,628408.0,non_english
,628463.0,non_english
,629150.0,non_english
,629646.0,non_english
,629949.0,non_english
,630230.0,non_english
,630580.0,non_english
,630903.0,non_english
,630937.0,non_english
,631331.0,non_english
,631401.0,non_english
,631466.0,non_english
,631648.0,non_english
,631838.0,non_english
,632192.0,non_english
,632609.0,non_english
,633043.0,non_english
,633221.0,non_english
,633348.0,non_english
,633471.0,non_english
,633620.0,non_english
,633826.0,non_english
,634334.0,non_english
,634779.0,non_english
,634822.0,non_english
,635024.0,non_english
,635684.0,non_english
,636303.0,non_english
,638164.0,non_english
,638637.0,non_english
,639444.0,non_english
,639833.0,non_english
,639976.0,non_english
,640444.0,non_english
,640706.0,non_english
,641388.0,non_english
,641480.0,non_english
,642772.0,non_english
,642797.0,non_english
,642818.0,non_english
,642985.0,non_english
,643048.0,non_english
,643519.0,non_english
,644058.0,non_english
,644316.0,non_english
,644458.0,non_english
,644474.0,non_english
,644475.0,non_english
,644852.0,non_english
,645147.0,non_english
,645172.0,non_english
,645287.0,non_english
,645392.0,non_english
,645400.0,non_english
,645466.0,non_english
,645601.0,non_english
,645612.0,non_english
,646348.0,non_english
,646352.0,non_english
,646446.0,non_english
,646903.0,non_english
,647724.0,non_english
,648103.0,non_english
,648734.0,non_english
,648849.0,non_english
,648950.0,non_english
,649046.0,non_english
,649139.0,non_english
,649241.0,non_english
,649336.0,non_english
,649472.0,non_english
,649779.0,non_english
,650385.0,non_english
,650943.0,non_english
,651031.0,non_english
,651105.0,non_english
,651681.0,non_english
,651843.0,non_english
,652500.0,non_english
,652644.0,non_english
,652931.0,non_english
,653123.0,non_english
,654048.0,non_english
,654102.0,non_english
,655241.0,non_english
,655619.0,non_english
,655895.0,non_english
,655991.0,non_english
,656513.0,non_english
,656718.0,non_english
,656738.0,non_english
,658127.0,non_english
,658463.0,non_english
,658941.0,non_english
,658974.0,non_english
,659309.0,non_english
,659482.0,non_english
,659604.0,non_english
,659702.0,non_english
,659809.0,non_english
,659911.0,non_english
,659976.0,non_english
,660150.0,non_english
,660219.0,non_english
,660236.0,non_english
,660338.0,non_english
,660427.0,non_english
,660732.0,non_english
,660913.0,non_english
,660922.0,non_english
,661103.0,non_english
,661322.0,non_english
,661413.0,non_english
,661466.0,non_english
,661619.0,non_english
,661699.0,non_english
,661713.0,non_english
,663073.0,non_english
,663320.0,non_english
,663623.0,non_english
,663908.0,non_english
,664022.0,non_english
,664417.0,non_english
,664881.0,non_english
,665363.0,non_english
,665381.0,non_english
,665606.0,non_english
,666031.0,non_english
,666264.0,non_english
,666417.0,non_english
,666432.0,non_english
,666485.0,non_english
,666954.0,non_english
,668250.0,non_english
,668554.0,non_english
,669179.0,non_english
,669970.0,non_english
,670540.0,non_english
,671307.0,non_english
,671517.0,non_english
,671800.0,non_english
,672451.0,non_english
,673448.0,non_english
,673762.0,non_english
,674036.0,non_english
,674591.0,non_english
,674718.0,non_english
,674925.0,non_english
,674976.0,non_english
,675034.0,non_english
,675037.0,non_english
,675039.0,non_english
,675123.0,non_english
,675468.0,non_english
,675960.0,non_english
,676093.0,non_english
,676528.0,non_english
,676543.0,non_english
,676637.0,non_english
,676653.0,non_english
,676673.0,non_english
,677937.0,non_english
,678128.0,non_english
,679096.0,non_english
,679128.0,non_english
,679289.0,non_english
,679358.0,non_english
,679362.0,non_english
,679404.0,non_english
,679922.0,non_english
,680210.0,non_english
,680549.0,non_english
,680725.0,non_english
,681121.0,non_english
,681338.0,non_english
,681761.0,non_english
,682381.0,non_english
,682569.0,non_english
,683706.0,non_english
,684842.0,non_english
,685826.0,non_english
,686960.0,non_english
,687094.0,non_english
,687383.0,non_english
,689047.0,non_english
,689205.0,non_english
,689392.0,non_english
,689681.0,non_english
,689701.0,non_english
,689823.0,non_english
,689843.0,non_english
,690549.0,non_english
,691580.0,non_english
,693020.0,non_english
,693270.0,non_english
,693698.0,non_english
,693834.0,non_english
,694053.0,non_english
,694545.0,non_english
,694739.0,non_english
,694978.0,non_english
,695104.0,non_english
,695132.0,non_english
,695450.0,non_english
,695578.0,non_english
,695692.0,non_english
,695801.0,non_english
,697013.0,non_english
,697187.0,non_english
,697640.0,non_english
,697798.0,non_english
,697902.0,non_english
,698224.0,non_english
,698313.0,non_english
,698343.0,non_english
,698405.0,non_english
,698673.0,non_english
,698977.0,non_english
,699007.0,non_english
,699575.0,non_english
,700281.0,non_english
,700597.0,non_english
,701028.0,non_english
,701540.0,non_english
,701897.0,non_english
,702204.0,non_english
,702309.0,non_english
,702334.0,non_english
,702515.0,non_english
,702597.0,non_english
,702626.0,non_english
,703115.0,non_english
,703176.0,non_english
,703955.0,non_english
,704690.0,non_english
,704970.0,non_english
,705259.0,non_english
,705499.0,non_english
,705760.0,non_english
,705773.0,non_english
,705814.0,non_english
,705929.0,non_english
,705996.0,non_english
,706023.0,non_english
,706060.0,non_english
,706115.0,non_english
,706540.0,non_english
,706592.0,non_english
,707170.0,non_english
,707270.0,non_english
,707426.0,non_english
,707652.0,non_english
,708506.0,non_english
,708932.0,non_english
,709199.0,non_english
,709243.0,non_english
,709658.0,non_english
,709673.0,non_english
,709683.0,non_english
,710218.0,non_english
,711651.0,non_english
,713313.0,non_english
,713811.0,non_english
,714204.0,non_english
,714310.0,non_english
,714763.0,non_english
,714993.0,non_english
,715459.0,non_english
,715482.0,non_english
,715595.0,non_english
,715665.0,non_english
,715687.0,non_english
,715885.0,non_english
,715928.0,non_english
,716338.0,non_english
,716361.0,non_english
,716373.0,non_english
,716609.0,non_english
,716837.0,non_english
,717063.0,non_english
,717446.0,non_english
,717843.0,non_english
,717900.0,non_english
,718454.0,non_english
,718513.0,non_english
,718750.0,non_english
,718927.0,non_english
,719359.0,non_english
,719641.0,non_english
,720263.0,non_english
,720500.0,non_english
,720602.0,non_english
,720624.0,non_english
,720780.0,non_english
,720833.0,non_english
,720951.0,non_english
,721047.0,non_english
,721212.0,non_english
,721292.0,non_english
,721942.0,non_english
,722015.0,non_english
,723469.0,non_english
,723591.0,non_english
,723612.0,non_english
,724080.0,non_english
,724527.0,non_english
,725086.0,non_english
,726368.0,non_english
,726906.0,non_english
,727237.0,non_english
,727647.0,non_english
,727657.0,non_english
,728077.0,non_english
,728088.0,non_english
,728163.0,non_english
,728232.0,non_english
,728299.0,non_english
,728400.0,non_english
,728401.0,non_english
,728467.0,non_english
,729239.0,non_english
,730588.0,non_english
,731032.0,non_english
,731144.0,non_english
,731675.0,non_english
,731928.0,non_english
,732750.0,non_english
,733129.0,non_english
,733244.0,non_english
,733749.0,non_english
,734169.0,non_english
,734260.0,non_english
,734369.0,non_english
,734466.0,non_english
,734510.0,non_english
,735085.0,non_english
,735288.0,non_english
,735998.0,non_english
,736287.0,non_english
,736398.0,non_english
,736539.0,non_english
,736607.0,non_english
,736952.0,non_english
,737047.0,non_english
,737632.0,non_english
,737718.0,non_english
,737980.0,non_english
,738013.0,non_english
,738865.0,non_english
,738965.0,non_english
,739229.0,non_english
,739911.0,non_english
,739988.0,non_english
,740616.0,non_english
,740886.0,non_english
,740927.0,non_english
,741023.0,non_english
,741464.0,non_english
,741680.0,non_english
,741732.0,non_english
,741877.0,non_english
,742008.0,non_english
,742171.0,non_english
,742307.0,non_english
,742856.0,non_english
,743079.0,non_english
,744194.0,non_english
,744206.0,non_english
,745308.0,non_english
,745356.0,non_english
,745526.0,non_english
,745759.0,non_english
,745874.0,non_english
,746264.0,non_english
,746392.0,non_english
,746558.0,non_english
,747666.0,non_english
,748151.0,non_english
,748354.0,non_english
,748841.0,non_english
,749231.0,non_english
,750486.0,non_english
,750503.0,non_english
,750728.0,non_english
,752703.0,non_english
,753300.0,non_english
,753423.0,non_english
,754011.0,non_english
,754620.0,non_english
,754700.0,non_english
,754719.0,non_english
,754799.0,non_english
,755248.0,non_english
,755498.0,non_english
,755991.0,non_english
,756467.0,non_english
,756579.0,non_english
,756969.0,non_english
,757078.0,non_english
,757481.0,non_english
,757487.0,non_english
,757764.0,non_english
,757786.0,non_english
,758373.0,non_english
,758377.0,non_english
,758614.0,non_english
,758796.0,non_english
,759020.0,non_english
,759021.0,non_english
,759049.0,non_english
,759203.0,non_english
,759555.0,non_english
,759614.0,non_english
,759750.0,non_english
,760025.0,non_english
,760062.0,non_english
,760887.0,non_english
,760908.0,non_english
,760949.0,non_english
,761267.0,non_english
,761597.0,non_english
,761672.0,non_english
,761961.0,non_english
,761978.0,non_english
,762010.0,non_english
,762362.0,non_english
,762527.0,non_english
,763741.0,non_english
,763856.0,non_english
,764641.0,non_english
,764714.0,non_english
,764886.0,non_english
,765021.0,non_english
,765503.0,non_english
,765521.0,non_english
,766007.0,non_english
,766370.0,non_english
,766587.0,non_english
,768073.0,non_english
,768165.0,non_english
,768204.0,non_english
,768656.0,non_english
,769064.0,non_english
,769187.0,non_english
,769407.0,non_english
,769853.0,non_english
,770810.0,non_english
,770869.0,non_english
,771013.0,non_english
,771090.0,non_english
,771351.0,non_english
,773096.0,non_english
,773593.0,non_english
,773713.0,non_english
,774185.0,non_english
,774196.0,non_english
,774561.0,non_english
,774624.0,non_english
,774749.0,non_english
,775386.0,non_english
,776272.0,non_english
,776506.0,non_english
,776766.0,non_english
,776785.0,non_english
,777085.0,non_english
,777446.0,non_english
,777447.0,non_english
,777459.0,non_english
,777599.0,non_english
,779160.0,non_english
,780679.0,non_english
,781542.0,non_english
,781550.0,non_english
,781983.0,non_english
,781989.0,non_english
,782067.0,non_english
,782604.0,non_english
,783296.0,non_english
,783601.0,non_english
,783866.0,non_english
,784714.0,non_english
,784837.0,non_english
,785165.0,non_english
,785284.0,non_english
,786246.0,non_english
,786247.0,non_english
,787723.0,non_english
,787870.0,non_english
,788031.0,non_english
,788388.0,non_english
,788418.0,non_english
,788732.0,non_english
,788954.0,non_english
,789037.0,non_english
,789683.0,non_english
,789755.0,non_english
,789881.0,non_english
,790199.0,non_english
,790525.0,non_english
,790538.0,non_english
,790679.0,non_english
,791346.0,non_english
,791681.0,non_english
,791964.0,non_english
,792828.0,non_english
,792852.0,non_english
,793487.0,non_english
,794558.0,non_english
,794568.0,non_english
,795092.0,non_english
,796438.0,non_english
,797019.0,non_english
,797812.0,non_english
,798675.0,non_english
,799057.0,non_english
,799067.0,non_english
,799260.0,non_english
,799715.0,non_english
,799787.0,non_english
,800810.0,non_english
,800824.0,non_english
,800836.0,non_english
,800924.0,non_english
,800925.0,non_english
,800982.0,non_english
,801324.0,non_english
,802082.0,non_english
,802269.0,non_english
,802814.0,non_english
,803238.0,non_english
,804054.0,non_english
,804327.0,non_english
,804408.0,non_english
,804411.0,non_english
,804517.0,non_english
,805232.0,non_english
,806134.0,non_english
,806154.0,non_english
,806671.0,non_english
,806919.0,non_english
,807305.0,non_english
,807814.0,non_english
,807825.0,non_english
,808194.0,non_english
,808207.0,non_english
,808300.0,non_english
,808623.0,non_english
,809445.0,non_english
,809841.0,non_english
,810143.0,non_english
,810219.0,non_english
,810539.0,non_english
,811905.0,non_english
,812066.0,non_english
,812352.0,non_english
,812489.0,non_english
,813019.0,non_english
,813571.0,non_english
,813982.0,non_english
,814188.0,non_english
,814432.0,non_english
,814728.0,non_english
,815087.0,non_english
,815393.0,non_english
,815447.0,non_english
,815501.0,non_english
,815514.0,non_english
,816306.0,non_english
,816448.0,non_english
,817102.0,non_english
,817223.0,non_english
,817262.0,non_english
,817274.0,non_english
,817417.0,non_english
,817612.0,non_english
,818003.0,non_english
,818112.0,non_english
,818162.0,non_english
,818730.0,non_english
,819460.0,non_english
,819609.0,non_english
,819712.0,non_english
,819841.0,non_english
,820255.0,non_english
,820875.0,non_english
,820951.0,non_english
,821063.0,non_english
,821349.0,non_english
,822128.0,non_english
,822153.0,non_english
,823024.0,non_english
,823130.0,non_english
,823394.0,non_english
,824600.0,non_english
,824681.0,non_english
,825033.0,non_english
,825546.0,non_english
,825948.0,non_english
,826042.0,non_english
,826272.0,non_english
,826298.0,non_english
,826418.0,non_english
,826722.0,non_english
,826992.0,non_english
,827055.0,non_english
,827066.0,non_english
,827167.0,non_english
,828285.0,non_english
,828298.0,non_english
,828301.0,non_english
,828681.0,non_english
,828740.0,non_english
,829918.0,non_english
,830076.0,non_english
,830427.0,non_english
,830499.0,non_english
,830878.0,non_english
,830939.0,non_english
,831302.0,non_english
,831400.0,non_english
,831434.0,non_english
,831474.0,non_english
,831475.0,non_english
,831496.0,non_english
,831627.0,non_english
,831673.0,non_english
,831881.0,non_english
,832767.0,non_english
,832972.0,non_english
,833191.0,non_english
,833300.0,non_english
,834020.0,non_english
,834071.0,non_english
,834798.0,non_english
,834826.0,non_english
,834839.0,non_english
,835020.0,non_english
,835451.0,non_english
,836011.0,non_english
,836044.0,non_english
,836296.0,non_english
,836308.0,non_english
,836375.0,non_english
,838313.0,non_english
,839141.0,non_english
,839199.0,non_english
,839229.0,non_english
,839662.0,non_english
,839682.0,non_english
,839829.0,non_english
,839874.0,non_english
,839879.0,non_english
,839937.0,non_english
,840328.0,non_english
,840495.0,non_english
,840520.0,non_english
,840667.0,non_english
,841208.0,non_english
,841484.0,non_english
,841724.0,non_english
,841928.0,non_english
,842043.0,non_english
,842057.0,non_english
,842207.0,non_english
,842372.0,non_english
,842726.0,non_english
,842744.0,non_english
,842764.0,non_english
,842869.0,non_english
,844330.0,non_english
,844636.0,non_english
,844872.0,non_english
,844891.0,non_english
,845947.0,non_english
,846200.0,non_english
,846849.0,non_english
,846855.0,non_english
,846873.0,non_english
,846891.0,non_english
,847038.0,non_english
,847350.0,non_english
,848723.0,non_english
,848877.0,non_english
,848910.0,non_english
,849134.0,non_english
,849464.0,non_english
,849507.0,non_english
,849721.0,non_english
,849743.0,non_english
,850029.0,non_english
,850470.0,non_english
,850515.0,non_english
,851131.0,non_english
,851428.0,non_english
,851900.0,non_english
,852014.0,non_english
,852115.0,non_english
,852391.0,non_english
,852431.0,non_english
,852711.0,non_english
,852784.0,non_english
,852900.0,non_english
,853931.0,non_english
,854019.0,non_english
,855025.0,non_english
,855718.0,non_english
,855961.0,non_english
,856005.0,non_english
,856158.0,non_english
,856346.0,non_english
,856897.0,non_english
,856917.0,non_english
,857019.0,non_english
,857857.0,non_english
,858046.0,non_english
,858306.0,non_english
,859067.0,non_english
,859452.0,non_english
,859518.0,non_english
,861055.0,non_english
,861863.0,non_english
,862534.0,non_english
,863021.0,non_english
,863934.0,non_english
,864507.0,non_english
,864749.0,non_english
,864999.0,non_english
,865099.0,non_english
,865256.0,non_english
,865267.0,non_english
,865289.0,non_english
,865871.0,non_english
,865958.0,non_english
,865978.0,non_english
,866508.0,non_english
,866799.0,non_english
,867943.0,non_english
,868140.0,non_english
,868241.0,non_english
,868252.0,non_english
,868328.0,non_english
,868614.0,non_english
,868953.0,non_english
,868973.0,non_english
,869399.0,non_english
,869955.0,non_english
,870214.0,non_english
,870623.0,non_english
,872857.0,non_english
,872925.0,non_english
,873709.0,non_english
,874196.0,non_english
,874207.0,non_english
,874478.0,non_english
,874564.0,non_english
,874738.0,non_english
,875003.0,non_english
,875026.0,non_english
,875248.0,non_english
,875969.0,non_english
,875999.0,non_english
,876654.0,non_english
,876950.0,non_english
,877695.0,non_english
,878190.0,non_english
,878238.0,non_english
,878626.0,non_english
,878784.0,non_english
,879281.0,non_english
,879302.0,non_english
,879400.0,non_english
,879886.0,non_english
,880423.0,non_english
,880666.0,non_english
,880709.0,non_english
,880799.0,non_english
,880983.0,non_english
,881085.0,non_english
,881283.0,non_english
,882232.0,non_english
,882242.0,non_english
,882288.0,non_english
,882328.0,non_english
,883024.0,non_english
,883400.0,non_english
,884083.0,non_english
,884359.0,non_english
,885003.0,non_english
,885484.0,non_english
,885675.0,non_english
,885741.0,non_english
,885815.0,non_english
,885816.0,non_english
,885842.0,non_english
,886129.0,non_english
,886241.0,non_english
,886481.0,non_english
,886508.0,non_english
,887319.0,non_english
,887360.0,non_english
,887575.0,non_english
,887584.0,non_english
,887692.0,non_english
,887936.0,non_english
,887944.0,non_english
,888106.0,non_english
,888345.0,non_english
,888515.0,non_english
,888705.0,non_english
,888707.0,non_english
,888796.0,non_english
,889597.0,non_english
,889800.0,non_english
,890011.0,non_english
,890114.0,non_english
,890129.0,non_english
,890182.0,non_english
,890195.0,non_english
,890196.0,non_english
,890232.0,non_english
,890409.0,non_english
,890720.0,non_english
,890748.0,non_english
,890893.0,non_english
,891363.0,non_english
,891642.0,non_english
,891643.0,non_english
,891676.0,non_english
,891820.0,non_english
,892976.0,non_english
,894228.0,non_english
,894614.0,non_english
,894834.0,non_english
,894853.0,non_english
,894910.0,non_english
,894955.0,non_english
,895185.0,non_english
,895231.0,non_english
,895731.0,non_english
,895780.0,non_english
,895787.0,non_english
,895966.0,non_english
,896293.0,non_english
,896418.0,non_english
,896569.0,non_english
,896707.0,non_english
,898135.0,non_english
,898882.0,non_english
,899095.0,non_english
,899117.0,non_english
,899606.0,non_english
,899895.0,non_english
,900130.0,non_english
,900294.0,non_english
,900348.0,non_english
,900383.0,non_english
,900726.0,non_english
,900984.0,non_english
,901470.0,non_english
,901724.0,non_english
,902348.0,non_english
,902488.0,non_english
,903375.0,non_english
,903474.0,non_english
,903937.0,non_english
,904174.0,non_english
,904657.0,non_english
,904724.0,non_english
,904823.0,non_english
,904837.0,non_english
,905624.0,non_english
,905627.0,non_english
,907427.0,non_english
,907649.0,non_english
,907664.0,non_english
,907753.0,non_english
,907757.0,non_english
,907925.0,non_english
,908211.0,non_english
,908233.0,non_english
,908574.0,non_english
,909352.0,non_english
,909425.0,non_english
,909468.0,non_english
,909800.0,non_english
,910479.0,non_english
,911368.0,non_english
,911456.0,non_english
,911697.0,non_english
,912460.0,non_english
,912780.0,non_english
,913065.0,non_english
,913405.0,non_english
,913778.0,non_english
,913799.0,non_english
,913853.0,non_english
,914188.0,non_english
,914584.0,non_english
,914957.0,non_english
,915218.0,non_english
,915602.0,non_english
,915696.0,non_english
,915958.0,non_english
,915959.0,non_english
,916520.0,non_english
,916884.0,non_english
,916936.0,non_english
,916963.0,non_english
,917022.0,non_english
,917081.0,non_english
,917522.0,non_english
,918312.0,non_english
,918790.0,non_english
,919014.0,non_english
,920584.0,non_english
,920677.0,non_english
,921122.0,non_english
,921340.0,non_english
,921500.0,non_english
,921731.0,non_english
,921892.0,non_english
,922130.0,non_english
,922361.0,non_english
,922367.0,non_english
,922448.0,non_english
,922551.0,non_english
,922581.0,non_english
,922659.0,non_english
,923015.0,non_english
,923236.0,non_english
,923681.0,non_english
,924531.0,non_english
,924886.0,non_english
,926090.0,non_english
,926448.0,non_english
,926551.0,non_english
,926722.0,non_english
,927120.0,non_english
,927155.0,non_english
,927169.0,non_english
,927191.0,non_english
,927207.0,non_english
,927272.0,non_english
,929175.0,non_english
,929618.0,non_english
,929672.0,non_english
,929738.0,non_english
,929739.0,non_english
,929775.0,non_english
,929988.0,non_english
,930613.0,non_english
,930839.0,non_english
,931312.0,non_english
,931715.0,non_english
,931989.0,non_english
,932009.0,non_english
,932242.0,non_english
,932466.0,non_english
,933973.0,non_english
,934263.0,non_english
,935000.0,non_english
,935647.0,non_english
,936694.0,non_english
,937073.0,non_english
,937346.0,non_english
,937487.0,non_english
,937740.0,non_english
,937794.0,non_english
,937821.0,non_english
,937841.0,non_english
,938130.0,non_english
,940760.0,non_english
,941200.0,non_english
,941585.0,non_english
,941851.0,non_english
,941946.0,non_english
,942604.0,non_english
,942706.0,non_english
,942847.0,non_english
,943362.0,non_english
,943744.0,non_english
,944136.0,non_english
,944240.0,non_english
,944470.0,non_english
,946039.0,non_english
,946875.0,non_english
,946878.0,non_english
,946962.0,non_english
,947254.0,non_english
,947309.0,non_english
,947677.0,non_english
,947734.0,non_english
,948038.0,non_english
,948173.0,non_english
,948279.0,non_english
,948475.0,non_english
,948595.0,non_english
,949349.0,non_english
,950051.0,non_english
,950109.0,non_english
,950170.0,non_english
,950335.0,non_english
,950536.0,non_english
,950602.0,non_english
,951671.0,non_english
,951792.0,non_english
,952773.0,non_english
,952816.0,non_english
,952828.0,non_english
,953215.0,non_english
,954125.0,non_english
,954140.0,non_english
,954662.0,non_english
,955995.0,non_english
,956393.0,non_english
,956406.0,non_english
,956476.0,non_english
,956862.0,non_english
,957240.0,non_english
,957471.0,non_english
,957679.0,non_english
,958155.0,non_english
,958463.0,non_english
,958473.0,non_english
,958782.0,non_english
,959492.0,non_english
,960184.0,non_english
,960748.0,non_english
,960792.0,non_english
,960814.0,non_english
,962014.0,non_english
,962810.0,non_english
,963046.0,non_english
,963221.0,non_english
,963222.0,non_english
,963772.0,non_english
,963845.0,non_english
,964144.0,non_english
,964332.0,non_english
,964462.0,non_english
,964556.0,non_english
,964855.0,non_english
,966878.0,non_english
,967272.0,non_english
,967601.0,non_english
,967631.0,non_english
,968084.0,non_english
,968512.0,non_english
,968859.0,non_english
,968925.0,non_english
,969563.0,non_english
,970251.0,non_english
,970863.0,non_english
,970980.0,non_english
,971091.0,non_english
,971122.0,non_english
,971887.0,non_english
,972442.0,non_english
,972532.0,non_english
,972626.0,non_english
,972727.0,non_english
,973023.0,non_english
,973434.0,non_english
,973544.0,non_english
,973775.0,non_english
,974139.0,non_english
,974270.0,non_english
,974434.0,non_english
,974989.0,non_english
,975076.0,non_english
,975352.0,non_english
,975737.0,non_english
,975870.0,non_english
,976091.0,non_english
,976530.0,non_english
,976853.0,non_english
,977164.0,non_english
,977571.0,non_english
,977605.0,non_english
,977841.0,non_english
,978281.0,non_english
,978398.0,non_english
,978490.0,non_english
,978591.0,non_english
,979453.0,non_english
,980041.0,non_english
,980103.0,non_english
,980195.0,non_english
,980824.0,non_english
,980865.0,non_english
,980901.0,non_english
,981176.0,non_english
,981544.0,non_english
,981597.0,non_english
,981745.0,non_english
,982005.0,non_english
,982210.0,non_english
,982713.0,non_english
,982990.0,non_english
,983024.0,non_english
,983586.0,non_english
,983608.0,non_english
,983629.0,non_english
,983806.0,non_english
,983921.0,non_english
,984177.0,non_english
,984254.0,non_english
,984587.0,non_english
,984755.0,non_english
,984761.0,non_english
,984829.0,non_english
,986462.0,non_english
,986513.0,non_english
,986641.0,non_english
,987048.0,non_english
,987699.0,non_english
,987923.0,non_english
,988418.0,non_english
,988440.0,non_english
,988598.0,non_english
,989032.0,non_english
,990209.0,non_english
,990233.0,non_english
,990633.0,non_english
,990886.0,non_english
,991159.0,non_english
,991348.0,non_english
,991748.0,non_english
,991751.0,non_english
,992122.0,non_english
,992628.0,non_english
,993574.0,non_english
,994067.0,non_english
,994087.0,non_english
,994407.0,non_english
,994592.0,non_english
,995009.0,non_english
,995018.0,non_english
,995099.0,non_english
,995452.0,non_english
,995465.0,non_english
,995802.0,non_english
,996143.0,non_english
,996156.0,non_english
,996993.0,non_english
,997037.0,non_english
,997271.0,non_english
,997358.0,non_english
,997410.0,non_english
,997624.0,non_english
,997822.0,non_english
,998070.0,non_english
,998106.0,non_english
,998382.0,non_english
,998467.0,non_english
,998755.0,non_english
,999208.0,non_english
,999756.0,non_english
,999843.0,non_english
,1000144.0,non_english
,1001237.0,non_english
,1001292.0,non_english
,1001298.0,non_english
,1001433.0,non_english
,1001897.0,non_english
,1002094.0,non_english
,1002280.0,non_english
,1002457.0,non_english
,1003039.0,non_english
,1003059.0,non_english
,1003123.0,non_english
,1003124.0,non_english
,1003667.0,non_english
,1004459.0,non_english
,1006223.0,non_english
,1006462.0,non_english
,1006757.0,non_english
,1006859.0,non_english
,1007116.0,non_english
,1007130.0,non_english
,1007281.0,non_english
,1007480.0,non_english
,1007484.0,non_english
,1007971.0,non_english
,1008012.0,non_english
,1008228.0,non_english
,1008353.0,non_english
,1008703.0,non_english
,1008729.0,non_english
,1008920.0,non_english
,1009000.0,non_english
,1010317.0,non_english
,1010736.0,non_english
,1012490.0,non_english
,1012722.0,non_english
,1012976.0,non_english
,1013207.0,non_english
,1013276.0,non_english
,1013794.0,non_english
,1014361.0,non_english
,1014513.0,non_english
,1015375.0,non_english
,1015554.0,non_english
,1015565.0,non_english
,1015609.0,non_english
,1015838.0,non_english
,1016141.0,non_english
,1016647.0,non_english
,1016894.0,non_english
,1017070.0,non_english
,1017078.0,non_english
,1017081.0,non_english
,1017084.0,non_english
,1017119.0,non_english
,1017156.0,non_english
,1017287.0,non_english
,1017538.0,non_english
,1017716.0,non_english
,1017772.0,non_english
,1018996.0,non_english
,1019525.0,non_english
,1019755.0,non_english
,1020390.0,non_english
,1020568.0,non_english
,1020651.0,non_english
,1020772.0,non_english
,1020944.0,non_english
,1021009.0,non_english
,1021136.0,non_english
,1021208.0,non_english
,1021424.0,non_english
,1021481.0,non_english
,1021685.0,non_english
,1021760.0,non_english
,1022176.0,non_english
,1022242.0,non_english
,1022254.0,non_english
,1022616.0,non_english
,1022653.0,non_english
,1022856.0,non_english
,1023187.0,non_english
,1023716.0,non_english
,1024610.0,non_english
,1025907.0,non_english
,1026535.0,non_english
,1026594.0,non_english
,1026611.0,non_english
,1026684.0,non_english
,1027706.0,non_english
,1028050.0,non_english
,1028204.0,non_english
,1028281.0,non_english
,1028346.0,non_english
,1029085.0,non_english
,1029116.0,non_english
,1029459.0,non_english
,1029717.0,non_english
,1030627.0,non_english
,1030699.0,non_english
,1031537.0,non_english
,1031643.0,non_english
,1031975.0,non_english
,1033432.0,non_english
,1034191.0,non_english
,1034798.0,non_english
,1034813.0,non_english
,1035075.0,non_english
,1035334.0,non_english
,1035728.0,non_english
,1035971.0,non_english
,1036716.0,non_english
,1036743.0,non_english
,1036916.0,non_english
,1037157.0,non_english
,1039118.0,non_english
,1039154.0,non_english
,1039681.0,non_english
,1039832.0,non_english
,1040096.0,non_english
,1040168.0,non_english
,1040183.0,non_english
,1040227.0,non_english
,1040246.0,non_english
,1040256.0,non_english
,1040271.0,non_english
,1040355.0,non_english
,1040959.0,non_english
,1040973.0,non_english
,1042013.0,non_english
,1043056.0,non_english
,1043103.0,non_english
,1043113.0,non_english
,1043197.0,non_english
,1043242.0,non_english
,1043541.0,non_english
,1043717.0,non_english
,1043855.0,non_english
,1043959.0,non_english
,1044059.0,non_english
,1044303.0,non_english
,1044367.0,non_english
,1044506.0,non_english
,1045067.0,non_english
,1045184.0,non_english
,1045225.0,non_english
,1045307.0,non_english
,1046138.0,non_english
,1046809.0,non_english
,1046855.0,non_english
,1047825.0,non_english
,1048701.0,non_english
,1048976.0,non_english
,1048978.0,non_english
,1048989.0,non_english
,1049729.0,non_english
,1050203.0,non_english
,1050497.0,non_english
,1050953.0,non_english
,1051997.0,non_english
,1052210.0,non_english
,1052219.0,non_english
,1052237.0,non_english
,1052467.0,non_english
,1052584.0,non_english
,1052714.0,non_english
,1052993.0,non_english
,1053561.0,non_english
,1053683.0,non_english
,1053709.0,non_english
,1053726.0,non_english
,1054714.0,non_english
,1054815.0,non_english
,1055072.0,non_english
,1055077.0,non_english
,1055319.0,non_english
,1055467.0,non_english
,1056761.0,non_english
,1056858.0,non_english
,1057311.0,non_english
,1057383.0,non_english
,1057637.0,non_english
,1058540.0,non_english
,1059644.0,non_english
,1059797.0,non_english
,1060051.0,non_english
,1060110.0,non_english
,1060680.0,non_english
,1060813.0,non_english
,1061195.0,non_english
,1061937.0,non_english
,1062210.0,non_english
,1062872.0,non_english
,1062887.0,non_english
,1063486.0,non_english
,1063511.0,non_english
,1064019.0,non_english
,1064125.0,non_english
,1064288.0,non_english
,1064574.0,non_english
,1065289.0,non_english
,1065367.0,non_english
,1065455.0,non_english
,1065509.0,non_english
,1065513.0,non_english
,1066194.0,non_english
,1066211.0,non_english
,1067155.0,non_english
,1067439.0,non_english
,1067517.0,non_english
,1067825.0,non_english
,1068327.0,non_english
,1069201.0,non_english
,1069395.0,non_english
,1070069.0,non_english
,1070686.0,non_english
,1070753.0,non_english
,1071177.0,non_english
,1071373.0,non_english
,1071379.0,non_english
,1071540.0,non_english
,1072138.0,non_english
,1072311.0,non_english
,1072328.0,non_english
,1072425.0,non_english
,1072593.0,non_english
,1072861.0,non_english
,1073104.0,non_english
,1073110.0,non_english
,1073195.0,non_english
,1073416.0,non_english
,1073578.0,non_english
,1073966.0,non_english
,1074253.0,non_english
,1074277.0,non_english
,1075496.0,non_english
,1075554.0,non_english
,1075765.0,non_english
,1075772.0,non_english
,1075878.0,non_english
,1077009.0,non_english
,1077395.0,non_english
,1077715.0,non_english
,1078125.0,non_english
,1078451.0,non_english
,1078528.0,non_english
,1078797.0,non_english
,1079174.0,non_english
,1079490.0,non_english
,1079502.0,non_english
,1079962.0,non_english
,1079970.0,non_english
,1079996.0,non_english
,1080490.0,non_english
,1080669.0,non_english
,1080971.0,non_english
,1081162.0,non_english
,1081357.0,non_english
,1081371.0,non_english
,1081540.0,non_english
,1081637.0,non_english
,1081862.0,non_english
,1082761.0,non_english
,1082797.0,non_english
,1082900.0,non_english
,1083421.0,non_english
,1083590.0,non_english
,1084150.0,non_english
,1084250.0,non_english
,1084260.0,non_english
,1084391.0,non_english
,1084606.0,non_english
,1084676.0,non_english
,1084689.0,non_english
,1085075.0,non_english
,1085194.0,non_english
,1085512.0,non_english
,1085999.0,non_english
,1086535.0,non_english
,1087344.0,non_english
,1088049.0,non_english
,1088278.0,non_english
,1089092.0,non_english
,1089852.0,non_english
,1090193.0,non_english
,1090544.0,non_english
,1090709.0,non_english
,1091388.0,non_english
,1091491.0,non_english
,1092050.0,non_english
,1094046.0,non_english
,1094047.0,non_english
,1095700.0,non_english
,1096265.0,non_english
,1096372.0,non_english
,1097429.0,non_english
,1097479.0,non_english
,1097825.0,non_english
,1099131.0,non_english
,1099462.0,non_english
,1099565.0,non_english
,1099758.0,non_english
,1099909.0,non_english
,1101244.0,non_english
,1101304.0,non_english
,1101309.0,non_english
,1101633.0,non_english
,1101640.0,non_english
,1101680.0,non_english
,1101694.0,non_english
,1101766.0,non_english
,1101812.0,non_english
,1101865.0,non_english
,1102397.0,non_english
,1102969.0,non_english
,1103426.0,non_english
,1103814.0,non_english
,1104772.0,non_english
,1105377.0,non_english
,1105531.0,non_english
,1105754.0,non_english
,1106337.0,non_english
,1106448.0,non_english
,1107003.0,non_english
,1107081.0,non_english
,1107643.0,non_english
,1107807.0,non_english
,1107946.0,non_english
,1108078.0,non_english
,1108196.0,non_english
,1108352.0,non_english
,1108608.0,non_english
,1108765.0,non_english
,1108884.0,non_english
,1110004.0,non_english
,1110041.0,non_english
,1110043.0,non_english
,1110092.0,non_english
,1110598.0,non_english
,1111315.0,non_english
,1111904.0,non_english
,1111913.0,non_english
,1112115.0,non_english
,1112214.0,non_english
,1112319.0,non_english
,1113154.0,non_english
,1113156.0,non_english
,1113288.0,non_english
,1113487.0,non_english
,1113624.0,non_english
,1113698.0,non_english
,1113894.0,non_english
,1114256.0,non_english
,1114323.0,non_english
,1114607.0,non_english
,1115131.0,non_english
,1115610.0,non_english
,1115630.0,non_english
,1115676.0,non_english
,1116769.0,non_english
,1116802.0,non_english
,1116943.0,non_english
,1118624.0,non_english
,1118917.0,non_english
,1119152.0,non_english
,1119605.0,non_english
,1119823.0,non_english
,1119843.0,non_english
,1120390.0,non_english
,1120677.0,non_english
,1120848.0,non_english
,1120936.0,non_english
,1120952.0,non_english
,1121396.0,non_english
,1121748.0,non_english
,1122056.0,non_english
,1122077.0,non_english
,1122122.0,non_english
,1122661.0,non_english
,1122889.0,non_english
,1122962.0,non_english
,1123037.0,non_english
,1123160.0,non_english
,1123705.0,non_english
,1123723.0,non_english
,1123862.0,non_english
,1124927.0,non_english
,1124997.0,non_english
,1125305.0,non_english
,1125883.0,non_english
,1126758.0,non_english
,1126771.0,non_english
,1126911.0,non_english
,1127112.0,non_english
,1127182.0,non_english
,1127336.0,non_english
,1127830.0,non_english
,1127939.0,non_english
,1128656.0,non_english
,1128700.0,non_english
,1129019.0,non_english
,1129459.0,non_english
,1130393.0,non_english
,1130739.0,non_english
,1131318.0,non_english
,1131570.0,non_english
,1131991.0,non_english
,1132275.0,non_english
,1132375.0,non_english
,1132579.0,non_english
,1132586.0,non_english
,1132703.0,non_english
,1132723.0,non_english
,1132725.0,non_english
,1132968.0,non_english
,1133437.0,non_english
,1133995.0,non_english
,1134067.0,non_english
,1134240.0,non_english
,1134332.0,non_english
,1134476.0,non_english
,1134494.0,non_english
,1134518.0,non_english
,1134530.0,non_english
,1134642.0,non_english
,1135007.0,non_english
,1135088.0,non_english
,1135767.0,non_english
,1135794.0,non_english
,1135948.0,non_english
,1136244.0,non_english
,1136908.0,non_english
,1137643.0,non_english
,1138002.0,non_english
,1138477.0,non_english
,1138798.0,non_english
,1138855.0,non_english
,1140627.0,non_english
,1140719.0,non_english
,1140808.0,non_english
,1140824.0,non_english
,1141561.0,non_english
,1141567.0,non_english
,1142886.0,non_english
,1143110.0,non_english
,1144343.0,non_english
,1144391.0,non_english
,1144426.0,non_english
,1144501.0,non_english
,1145090.0,non_english
,1145309.0,non_english
,1145859.0,non_english
,1146090.0,non_english
,1146177.0,non_english
,1146221.0,non_english
,1146557.0,non_english
,1146883.0,non_english
,1147719.0,non_english
,1147818.0,non_english
,1148683.0,non_english
,1148739.0,non_english
,1149088.0,non_english
,1149288.0,non_english
,1149644.0,non_english
,1149808.0,non_english
,1150314.0,non_english
,1150994.0,non_english
,1151110.0,non_english
,1151146.0,non_english
,1152294.0,non_english
,1153378.0,non_english
,1153511.0,non_english
,1153532.0,non_english
,1153534.0,non_english
,1153606.0,non_english
,1153618.0,non_english
,1153793.0,non_english
,1154803.0,non_english
,1155220.0,non_english
,1155381.0,non_english
,1155952.0,non_english
,1156030.0,non_english
,1156033.0,non_english
,1156311.0,non_english
,1157007.0,non_english
,1157551.0,non_english
,1158037.0,non_english
,1158057.0,non_english
,1158548.0,non_english
,1158730.0,non_english
,1158785.0,non_english
,1159054.0,non_english
,1159066.0,non_english
,1159159.0,non_english
,1159592.0,non_english
,1159615.0,non_english
,1160191.0,non_english
,1161110.0,non_english
,1161374.0,non_english
,1161656.0,non_english
,1162839.0,non_english
,1163292.0,non_english
,1163669.0,non_english
,1163811.0,non_english
,1163876.0,non_english
,1163892.0,non_english
,1164068.0,non_english
,1164563.0,non_english
,1165495.0,non_english
,1166014.0,non_english
,1166797.0,non_english
,1166845.0,non_english
,1166855.0,non_english
,1167292.0,non_english
,1167358.0,non_english
,1167999.0,non_english
,1168001.0,non_english
,1168289.0,non_english
,1168552.0,non_english
,1168686.0,non_english
,1168729.0,non_english
,1169834.0,non_english
,1169907.0,non_english
,1170476.0,non_english
,1171545.0,non_english
,1171743.0,non_english
,1171774.0,non_english
,1171827.0,non_english
,1172212.0,non_english
,1172263.0,non_english
,1172456.0,non_english
,1172473.0,non_english
,1172793.0,non_english
,1172890.0,non_english
,1173287.0,non_english
,1173698.0,non_english
,1174768.0,non_english
,1174868.0,non_english
,1174887.0,non_english
,1174946.0,non_english
,1175035.0,non_english
,1175146.0,non_english
,1175879.0,non_english
,1176215.0,non_english
,1176253.0,non_english
,1176367.0,non_english
,1176370.0,non_english
,1177661.0,non_english
,1177994.0,non_english
,1178556.0,non_english
,1178654.0,non_english
,1178938.0,non_english
,1179777.0,non_english
,1179858.0,non_english
,1179935.0,non_english
,1179952.0,non_english
,1180092.0,non_english
,1180927.0,non_english
,1181404.0,non_english
,1181937.0,non_english
,1182294.0,non_english
,1182383.0,non_english
,1182509.0,non_english
,1182899.0,non_english
,1183561.0,non_english
,1183660.0,non_english
,1183793.0,non_english
,1184035.0,non_english
,1184148.0,non_english
,1184173.0,non_english
,1186596.0,non_english
,1186738.0,non_english
,1187147.0,non_english
,1187751.0,non_english
,1188103.0,non_english
,1188303.0,non_english
,1188408.0,non_english
,1188480.0,non_english
,1189193.0,non_english
,1189398.0,non_english
,1189794.0,non_english
,1190021.0,non_english
,1190165.0,non_english
,1190243.0,non_english
,1190279.0,non_english
,1190995.0,non_english
,1191271.0,non_english
,1191272.0,non_english
,1191645.0,non_english
,1191656.0,non_english
,1192009.0,non_english
,1192251.0,non_english
,1192735.0,non_english
,1192987.0,non_english
,1193053.0,non_english
,1193081.0,non_english
,1193402.0,non_english
,1194266.0,non_english
,1195197.0,non_english
,1195198.0,non_english
,1195482.0,non_english
,1196119.0,non_english
,1196277.0,non_english
,1196390.0,non_english
,1196397.0,non_english
,1197157.0,non_english
,1197159.0,non_english
,1197346.0,non_english
,1197614.0,non_english
,1198029.0,non_english
,1198643.0,non_english
,1198644.0,non_english
,1198936.0,non_english
,1199650.0,non_english
,1199724.0,non_english
,1200876.0,non_english
,1200879.0,non_english
,1201109.0,non_english
,1201318.0,non_english
,1202045.0,non_english
,1202188.0,non_english
,1202382.0,non_english
,1202513.0,non_english
,1202803.0,non_english
,1204055.0,non_english
,1204245.0,non_english
,1204325.0,non_english
,1204385.0,non_english
,1204833.0,non_english
,1205282.0,non_english
,1205579.0,non_english
,1205843.0,non_english
,1206051.0,non_english
,1206943.0,non_english
,1207068.0,non_english
,1207458.0,non_english
,1207594.0,non_english
,1207891.0,non_english
,1208014.0,non_english
,1208426.0,non_english
,1208482.0,non_english
,1208933.0,non_english
,1208988.0,non_english
,1209243.0,non_english
,1209694.0,non_english
,1210370.0,non_english
,1211259.0,non_english
,1211266.0,non_english
,1212882.0,non_english
,1213203.0,non_english
,1213408.0,non_english
,1213454.0,non_english
,1213734.0,non_english
,1214288.0,non_english
,1214907.0,non_english
,1215164.0,non_english
,1215714.0,non_english
,1216053.0,non_english
,1216429.0,non_english
,1216981.0,non_english
,1217335.0,non_english
,1217349.0,non_english
,1217371.0,non_english
,1217477.0,non_english
,1217925.0,non_english
,1217942.0,non_english
,1218282.0,non_english
,1218834.0,non_english
,1219648.0,non_english
,1219913.0,non_english
,1219984.0,non_english
,1220361.0,non_english
,1220783.0,non_english
,1220918.0,non_english
,1220932.0,non_english
,1221958.0,non_english
,1222207.0,non_english
,1223124.0,non_english
,1223311.0,non_english
,1223333.0,non_english
,1223344.0,non_english
,1223844.0,non_english
,1223872.0,non_english
,1224294.0,non_english
,1224437.0,non_english
,1225199.0,non_english
,1225592.0,non_english
,1226016.0,non_english
,1226510.0,non_english
,1226520.0,non_english
,1227277.0,non_english
,1227766.0,non_english
,1228280.0,non_english
,1228767.0,non_english
,1229045.0,non_english
,1229394.0,non_english
,1229577.0,non_english
,1229814.0,non_english
,1230494.0,non_english
,1230705.0,non_english
,1230833.0,non_english
,1230956.0,non_english
,1230982.0,non_english
,1231777.0,non_english
,1231880.0,non_english
,1231891.0,non_english
,1232081.0,non_english
,1232089.0,non_english
,1232269.0,non_english
,1232599.0,non_english
,1232665.0,non_english
,1233086.0,non_english
,1234227.0,non_english
,1234575.0,non_english
,1235381.0,non_english
,1235388.0,non_english
,1235427.0,non_english
,1235718.0,non_english
,1235806.0,non_english
,1236097.0,non_english
,1236112.0,non_english
,1236225.0,non_english
,1236434.0,non_english
,1236662.0,non_english
,1238219.0,non_english
,1238350.0,non_english
,1238418.0,non_english
,1238495.0,non_english
,1239122.0,non_english
,1239316.0,non_english
,1239686.0,non_english
,1239693.0,non_english
,1239817.0,non_english
,1240339.0,non_english
,1240425.0,non_english
,1240727.0,non_english
,1242015.0,non_english
,1242076.0,non_english
,1242665.0,non_english
,1242747.0,non_english
,1242964.0,non_english
,1243006.0,non_english
,1243066.0,non_english
,1243084.0,non_english
,1243458.0,non_english
,1243552.0,non_english
,1243610.0,non_english
,1244054.0,non_english
,1244247.0,non_english
,1244727.0,non_english
,1244776.0,non_english
,1244964.0,non_english
,1245001.0,non_english
,1246355.0,non_english
,1246511.0,non_english
,1246599.0,non_english
,1247143.0,non_english
,1248065.0,non_english
,1248406.0,non_english
,1248532.0,non_english
,1248784.0,non_english
,1249184.0,non_english
,1249290.0,non_english
,1249623.0,non_english
,1249702.0,non_english
,1249791.0,non_english
,1249996.0,non_english
,1250118.0,non_english
,1250973.0,non_english
,1251507.0,non_english
,1252435.0,non_english
,1253153.0,non_english
,1253190.0,non_english
,1253202.0,non_english
,1253352.0,non_english
,1254490.0,non_english
,1254748.0,non_english
,1255182.0,non_english
,1255307.0,non_english
,1255709.0,non_english
,1255840.0,non_english
,1256556.0,non_english
,1257651.0,non_english
,1257919.0,non_english
,1258641.0,non_english
,1259825.0,non_english
,1259925.0,non_english
,1260219.0,non_english
,1260366.0,non_english
,1261676.0,non_english
,1261752.0,non_english
,1261802.0,non_english
,1261807.0,non_english
,1262520.0,non_english
,1262635.0,non_english
,1263257.0,non_english
,1263384.0,non_english
,1263811.0,non_english
,1263946.0,non_english
,1264179.0,non_english
,1264190.0,non_english
,1264337.0,non_english
,1264360.0,non_english
,1264602.0,non_english
,1265710.0,non_english
,1265804.0,non_english
,1266243.0,non_english
,1266345.0,non_english
,1266431.0,non_english
,1266827.0,non_english
,1266888.0,non_english
,1266904.0,non_english
,1267289.0,non_english
,1268631.0,non_english
,1268663.0,non_english
,1268716.0,non_english
,1268801.0,non_english
,1269299.0,non_english
,1269491.0,non_english
,1269718.0,non_english
,1270281.0,non_english
,1270534.0,non_english
,1270545.0,non_english
,1270600.0,non_english
,1271202.0,non_english
,1271370.0,non_english
,1271698.0,non_english
,1271753.0,non_english
,1271890.0,non_english
,1272044.0,non_english
,1272298.0,non_english
,1272463.0,non_english
,1272763.0,non_english
,1273097.0,non_english
,1273359.0,non_english
,1273938.0,non_english
,1274304.0,non_english
,1274575.0,non_english
,1275077.0,non_english
,1275290.0,non_english
,1276299.0,non_english
,1276613.0,non_english
,1277452.0,non_english
,1277490.0,non_english
,1277870.0,non_english
,1278309.0,non_english
,1278640.0,non_english
,1278755.0,non_english
,1278818.0,non_english
,1278852.0,non_english
,1278979.0,non_english
,1279145.0,non_english
,1279357.0,non_english
,1279441.0,non_english
,1279547.0,non_english
,1279835.0,non_english
,1279889.0,non_english
,1280018.0,non_english
,1281465.0,non_english
,1281560.0,non_english
,1282010.0,non_english
,1283272.0,non_english
,1283295.0,non_english
,1283479.0,non_english
,1283765.0,non_english
,1284730.0,non_english
,1284887.0,non_english
,1285160.0,non_english
,1285232.0,non_english
,1285558.0,non_english
,1285858.0,non_english
,1286020.0,non_english
,1286024.0,non_english
,1286417.0,non_english
,1286427.0,non_english
,1286734.0,non_english
,1287698.0,non_english
,1288272.0,non_english
,1288357.0,non_english
,1288859.0,non_english
,1289573.0,non_english
,1289851.0,non_english
,1291415.0,non_english
,1291687.0,non_english
,1291992.0,non_english
,1292257.0,non_english
,1293084.0,non_english
,1293379.0,non_english
,1293400.0,non_english
,1294020.0,non_english
,1294539.0,non_english
,1295433.0,non_english
,1295464.0,non_english
,1295686.0,non_english
,1295824.0,non_english
,1295933.0,non_english
,1296876.0,non_english
,1296893.0,non_english
,1297466.0,non_english
,1297467.0,non_english
,1298011.0,non_english
,1298117.0,non_english
,1298162.0,non_english
,1298520.0,non_english
,1298936.0,non_english
,1299068.0,non_english
,1299296.0,non_english
,1299515.0,non_english
,1299744.0,non_english
,1300300.0,non_english
,1300504.0,non_english
,1300593.0,non_english
,1300638.0,non_english
,1300678.0,non_english
,1300759.0,non_english
,1301636.0,non_english
,1301640.0,non_english
,1301716.0,non_english
,1301717.0,non_english
,1301912.0,non_english
,1301998.0,non_english
,1302227.0,non_english
,1302555.0,non_english
,1302670.0,non_english
,1303160.0,non_english
,1303789.0,non_english
,1304890.0,non_english
,1305547.0,non_english
,1306351.0,non_english
,1306364.0,non_english
,1306658.0,non_english
,1307154.0,non_english
,1307437.0,non_english
,1307463.0,non_english
,1307479.0,non_english
,1308631.0,non_english
,1308707.0,non_english
,1309111.0,non_english
,1309117.0,non_english
,1309122.0,non_english
,1309152.0,non_english
,1309221.0,non_english
,1310217.0,non_english
,1311207.0,non_english
,1311231.0,non_english
,1311234.0,non_english
,1311484.0,non_english
,1311721.0,non_english
,1312045.0,non_english
,1312411.0,non_english
,1312455.0,non_english
,1313191.0,non_english
,1314194.0,non_english
,1314346.0,non_english
,1314545.0,non_english
,1314555.0,non_english
,1314875.0,non_english
,1315018.0,non_english
,1315182.0,non_english
,1315375.0,non_english
,1316118.0,non_english
,1316297.0,non_english
,1316341.0,non_english
,1316427.0,non_english
,1316581.0,non_english
,1317127.0,non_english
,1317303.0,non_english
,1317704.0,non_english
,1317854.0,non_english
,1318038.0,non_english
,1318059.0,non_english
,1318555.0,non_english
,1318763.0,non_english
,1318780.0,non_english
,1318944.0,non_english
,1319181.0,non_english
,1319567.0,non_english
,1319633.0,non_english
,1319779.0,non_english
,1319831.0,non_english
,1319902.0,non_english
,1319935.0,non_english
,1319950.0,non_english
,1320269.0,non_english
,1320323.0,non_english
,1320474.0,non_english
,1320528.0,non_english
,1320588.0,non_english
,1321021.0,non_english
,1321287.0,non_english
,1321361.0,non_english
,1321391.0,non_english
,1322014.0,non_english
,1322338.0,non_english
,1322517.0,non_english
,1322695.0,non_english
,1322839.0,non_english
,1322982.0,non_english
,1323080.0,non_english
,1323448.0,non_english
,1323754.0,non_english
,1323757.0,non_english
,1324141.0,non_english
,1324258.0,non_english
,1324272.0,non_english
,1324432.0,non_english
,1324806.0,non_english
,1325563.0,non_english
,1327004.0,non_english
,1328126.0,non_english
,1328394.0,non_english
,1328412.0,non_english
,1328452.0,non_english
,1328533.0,non_english
,1328544.0,non_english
,1329310.0,non_english
,1329344.0,non_english
,1331430.0,non_english
,1331570.0,non_english
,1331808.0,non_english
,1331923.0,non_english
,1331925.0,non_english
,1331983.0,non_english
,1331990.0,non_english
,1332082.0,non_english
,1332947.0,non_english
,1333084.0,non_english
,1333536.0,non_english
,1333600.0,non_english
,1333949.0,non_english
,1334095.0,non_english
,1334214.0,non_english
,1334778.0,non_english
,1335445.0,non_english
,1335830.0,non_english
,1336508.0,non_english
,1337397.0,non_english
,1338956.0,non_english
,1339040.0,non_english
,1339143.0,non_english
,1340200.0,non_english
,1340690.0,non_english
,1341034.0,non_english
,1341314.0,non_english
,1341585.0,non_english
,1341689.0,non_english
,1341883.0,non_english
,1341985.0,non_english
,1342091.0,non_english
,1342215.0,non_english
,1343141.0,non_english
,1343766.0,non_english
,1344671.0,non_english
,1344726.0,non_english
,1344970.0,non_english
,1345586.0,non_english
,1345804.0,non_english
,1346165.0,non_english
,1346978.0,non_english
,1347052.0,non_english
,1347088.0,non_english
,1347789.0,non_english
,1348161.0,non_english
,1348433.0,non_english
,1348767.0,non_english
,1348852.0,non_english
,1348854.0,non_english
,1348867.0,non_english
,1349175.0,non_english
,1349612.0,non_english
,1349695.0,non_english
,1350145.0,non_english
,1350156.0,non_english
,1350751.0,non_english
,1351438.0,non_english
,1351533.0,non_english
,1351645.0,non_english
,1351873.0,non_english
,1352131.0,non_english
,1352495.0,non_english
,1352956.0,non_english
,1353175.0,non_english
,1353274.0,non_english
,1353328.0,non_english
,1353428.0,non_english
,1353443.0,non_english
,1353774.0,non_english
,1353925.0,non_english
,1353958.0,non_english
,1354285.0,non_english
,1354365.0,non_english
,1354380.0,non_english
,1354697.0,non_english
,1354711.0,non_english
,1354949.0,non_english
,1355821.0,non_english
,1356119.0,non_english
,1356240.0,non_english
,1356451.0,non_english
,1356767.0,non_english
,1356792.0,non_english
,1356978.0,non_english
,1357456.0,non_english
,1357657.0,non_english
,1358343.0,non_english
,1358908.0,non_english
,1359084.0,non_english
,1359700.0,non_english
,1359798.0,non_english
,1359952.0,non_english
,1360023.0,non_english
,1360275.0,non_english
,1360420.0,non_english
,1360692.0,non_english
,1360865.0,non_english
,1361691.0,non_english
,1361827.0,non_english
,1362076.0,non_english
,1362291.0,non_english
,1362528.0,non_english
,1362549.0,non_english
,1362581.0,non_english
,1363195.0,non_english
,1363771.0,non_english
,1363960.0,non_english
,1364648.0,non_english
,1365389.0,non_english
,1365654.0,non_english
,1365787.0,non_english
,1366421.0,non_english
,1366740.0,non_english
,1366910.0,non_english
,1367189.0,non_english
,1367190.0,non_english
,1367868.0,non_english
,1369362.0,non_english
,1369571.0,non_english
,1369792.0,non_english
,1369877.0,non_english
,1369951.0,non_english
,1370279.0,non_english
,1370538.0,non_english
,1370570.0,non_english
,1370791.0,non_english
,1370847.0,non_english
,1371254.0,non_english
,1371627.0,non_english
,1371873.0,non_english
,1372841.0,non_english
,1373821.0,non_english
,1373828.0,non_english
,1373893.0,non_english
,1373932.0,non_english
,1374132.0,non_english
,1374558.0,non_english
,1374605.0,non_english
,1375296.0,non_english
,1375888.0,non_english
,1375979.0,non_english
,1376070.0,non_english
,1376706.0,non_english
,1376901.0,non_english
,1377713.0,non_english
,1378098.0,non_english
,1378329.0,non_english
,1378544.0,non_english
,1378888.0,non_english
,1378890.0,non_english
,1379016.0,non_english
,1379196.0,non_english
,1379772.0,non_english
,1379790.0,non_english
,1380132.0,non_english
,1380310.0,non_english
,1380933.0,non_english
,1381594.0,non_english
,1381817.0,non_english
,1382017.0,non_english
,1382019.0,non_english
,1382420.0,non_english
,1382586.0,non_english
,1383361.0,non_english
,1383695.0,non_english
,1383759.0,non_english
,1383787.0,non_english
,1383816.0,non_english
,1384635.0,non_english
,1385044.0,non_english
,1385151.0,non_english
,1385286.0,non_english
,1385584.0,non_english
,1385871.0,non_english
,1385905.0,non_english
,1385967.0,non_english
,1386621.0,non_english
,1386963.0,non_english
,1387510.0,non_english
,1387666.0,non_english
,1387762.0,non_english
,1387776.0,non_english
,1387916.0,non_english
,1388614.0,non_english
,1388905.0,non_english
,1389026.0,non_english
,1389459.0,non_english
,1390153.0,non_english
,1390202.0,non_english
,1390640.0,non_english
,1391302.0,non_english
,1393151.0,non_english
,1393167.0,non_english
,1393595.0,non_english
,1393722.0,non_english
,1393842.0,non_english
,1394029.0,non_english
,1394134.0,non_english
,1394407.0,non_english
,1394632.0,non_english
,1394693.0,non_english
,1395190.0,non_english
,1395612.0,non_english
,1395694.0,non_english
,1395999.0,non_english
,1396026.0,non_english
,1396129.0,non_english
,1396190.0,non_english
,1396245.0,non_english
,1396265.0,non_english
,1396267.0,non_english
,1396303.0,non_english
,1396345.0,non_english
,1396631.0,non_english
,1396958.0,non_english
,1397494.0,non_english
,1398311.0,non_english
,1398331.0,non_english
,1398409.0,non_english
,1398607.0,non_english
,1398662.0,non_english
,1398771.0,non_english
,1399177.0,non_english
,1399483.0,non_english
,1399924.0,non_english
,1399942.0,non_english
,1400352.0,non_english
,1401031.0,non_english
,1401275.0,non_english
,1401713.0,non_english
,1401834.0,non_english
,1402232.0,non_english
,1402234.0,non_english
,1402948.0,non_english
,1403140.0,non_english
,1403150.0,non_english
,1403487.0,non_english
,1403524.0,non_english
,1403647.0,non_english
,1403793.0,non_english
,1404052.0,non_english
,1404767.0,non_english
,1405312.0,non_english
,1405884.0,non_english
,1405943.0,non_english
,1405971.0,non_english
,1405972.0,non_english
,1406168.0,non_english
,1406779.0,non_english
,1407092.0,non_english
,1407234.0,non_english
,1407312.0,non_english
,1407851.0,non_english
,1408023.0,non_english
,1408124.0,non_english
,1409390.0,non_english
,1410136.0,non_english
,1410485.0,non_english
,1410978.0,non_english
,1411973.0,non_english
,1412280.0,non_english
,1412415.0,non_english
,1412613.0,non_english
,1412720.0,non_english
,1413443.0,non_english
,1413557.0,non_english
,1413754.0,non_english
,1413765.0,non_english
,1413928.0,non_english
,1413941.0,non_english
,1414576.0,non_english
,1414844.0,non_english
,1414958.0,non_english
,1415109.0,non_english
,1415383.0,non_english
,1416019.0,non_english
,1416267.0,non_english
,1416853.0,non_english
,1417208.0,non_english
,1417384.0,non_english
,1417517.0,non_english
,1417686.0,non_english
,1418003.0,non_english
,1418330.0,non_english
,1419003.0,non_english
,1419166.0,non_english
,1419405.0,non_english
,1419551.0,non_english
,1419708.0,non_english
,1419727.0,non_english
,1420991.0,non_english
,1421489.0,non_english
,1421831.0,non_english
,1421840.0,non_english
,1421885.0,non_english
,1422103.0,non_english
,1422478.0,non_english
,1422481.0,non_english
,1422482.0,non_english
,1422483.0,non_english
,1422487.0,non_english
,1422493.0,non_english
,1422494.0,non_english
,1422804.0,non_english
,1423050.0,non_english
,1423209.0,non_english
,1423331.0,non_english
,1423368.0,non_english
,1426096.0,non_english
,1426173.0,non_english
,1427031.0,non_english
,1427233.0,non_english
,1427284.0,non_english
,1427483.0,non_english
,1427581.0,non_english
,1427691.0,non_english
,1427724.0,non_english
,1428989.0,non_english
,1429100.0,non_english
,1430056.0,non_english
,1430157.0,non_english
,1430297.0,non_english
,1431173.0,non_english
,1431439.0,non_english
,1432345.0,non_english
,1432537.0,non_english
,1432609.0,non_english
,1432616.0,non_english
,1432733.0,non_english
,1432868.0,non_english
,1432887.0,non_english
,1434210.0,non_english
,1434467.0,non_english
,1434730.0,non_english
,1435311.0,non_english
,1435621.0,non_english
,1435941.0,non_english
,1436736.0,non_english
,1437022.0,non_english
,1438408.0,non_english
,1438637.0,non_english
,1438835.0,non_english
,1439261.0,non_english
,1439368.0,non_english
,1439557.0,non_english
,1439727.0,non_english
,1440213.0,non_english
,1440426.0,non_english
,1440679.0,non_english
,1440737.0,non_english
,1440905.0,non_english
,1441527.0,non_english
,1441588.0,non_english
,1442457.0,non_english
,1443157.0,non_english
,1443333.0,non_english
,1443376.0,non_english
,1443737.0,non_english
,1443982.0,non_english
,1444001.0,non_english
,1444116.0,non_english
,1444219.0,non_english
,1444694.0,non_english
,1444702.0,non_english
,1444774.0,non_english
,1445036.0,non_english
,1445202.0,non_english
,1446168.0,non_english
,1446318.0,non_english
,1446483.0,non_english
,1446699.0,non_english
,1447064.0,non_english
,1447132.0,non_english
,1447285.0,non_english
,1447407.0,non_english
,1448205.0,non_english
,1448327.0,non_english
,1448591.0,non_english
,1449641.0,non_english
,1449643.0,non_english
,1449742.0,non_english
,1449844.0,non_english
,1450065.0,non_english
,1450091.0,non_english
,1450106.0,non_english
,1450121.0,non_english
,1450416.0,non_english
,1450879.0,non_english
,1450974.0,non_english
,1451766.0,non_english
,1451924.0,non_english
,1454733.0,non_english
,1454964.0,non_english
,1454986.0,non_english
,1455030.0,non_english
,1455606.0,non_english
,1456276.0,non_english
,1457392.0,non_english
,1457788.0,non_english
,1457985.0,non_english
,1459475.0,non_english
,1459651.0,non_english
,1459680.0,non_english
,1460662.0,non_english
,1460744.0,non_english
,1460856.0,non_english
,1461252.0,non_english
,1461285.0,non_english
,1461329.0,non_english
,1461713.0,non_english
,1463732.0,non_english
,1464528.0,non_english
,1464616.0,non_english
,1464763.0,non_english
,1465267.0,non_english
,1465677.0,non_english
,1466320.0,non_english
,1466583.0,non_english
,1466584.0,non_english
,1466708.0,non_english
,1466966.0,non_english
,1467666.0,non_english
,1467837.0,non_english
,1468070.0,non_english
,1468145.0,non_english
,1468307.0,non_english
,1468406.0,non_english
,1468462.0,non_english
,1468482.0,non_english
,1468517.0,non_english
,1468572.0,non_english
,1469396.0,non_english
,1469473.0,non_english
,1469592.0,non_english
,1470018.0,non_english
,1470286.0,non_english
,1470370.0,non_english
,1470371.0,non_english
,1470475.0,non_english
,1470496.0,non_english
,1470587.0,non_english
,1470720.0,non_english
,1470810.0,non_english
,1470909.0,non_english
,1471563.0,non_english
,1471889.0,non_english
,1472485.0,non_english
,1472525.0,non_english
,1472562.0,non_english
,1472888.0,non_english
,1473104.0,non_english
,1473141.0,non_english
,1473150.0,non_english
,1473159.0,non_english
,1473238.0,non_english
,1473268.0,non_english
,1473378.0,non_english
,1473454.0,non_english
,1473458.0,non_english
,1473467.0,non_english
,1473813.0,non_english
,1474234.0,non_english
,1474263.0,non_english
,1474309.0,non_english
,1474548.0,non_english
,1474859.0,non_english
,1475167.0,non_english
,1475307.0,non_english
,1475512.0,non_english
,1475550.0,non_english
,1475717.0,non_english
,1476101.0,non_english
,1476163.0,non_english
,1476387.0,non_english
,1476396.0,non_english
,1476527.0,non_english
,1476533.0,non_english
,1476545.0,non_english
,1476687.0,non_english
,1476782.0,non_english
,1476834.0,non_english
,1476881.0,non_english
,1477456.0,non_english
,1477471.0,non_english
,1477722.0,non_english
,1477871.0,non_english
,1478332.0,non_english
,1479331.0,non_english
,1479391.0,non_english
,1479424.0,non_english
,1479588.0,non_english
,1479600.0,non_english
,1479657.0,non_english
,1479777.0,non_english
,1480571.0,non_english
,1480660.0,non_english
,1480895.0,non_english
,1481757.0,non_english
,1481994.0,non_english
,1482239.0,non_english
,1482312.0,non_english
,1482372.0,non_english
,1483244.0,non_english
,1483318.0,non_english
,1483477.0,non_english
,1483710.0,non_english
,1484547.0,non_english
,1484559.0,non_english
,1484682.0,non_english
,1484947.0,non_english
,1484963.0,non_english
,1485814.0,non_english
,1486259.0,non_english
,1486281.0,non_english
,1486524.0,non_english
,1486549.0,non_english
,1487969.0,non_english
,1488433.0,non_english
,1488785.0,non_english
,1488860.0,non_english
,1488874.0,non_english
,1488992.0,non_english
,1489031.0,non_english
,1489822.0,non_english
,1490139.0,non_english
,1490590.0,non_english
,1491023.0,non_english
,1491100.0,non_english
,1491840.0,non_english
,1492888.0,non_english
,1492908.0,non_english
,1493070.0,non_english
,1493174.0,non_english
,1493394.0,non_english
,1493949.0,non_english
,1493969.0,non_english
,1493981.0,non_english
,1493987.0,non_english
,1494001.0,non_english
,1494011.0,non_english
,1494298.0,non_english
,1494954.0,non_english
,1495259.0,non_english
,1495598.0,non_english
,1496499.0,non_english
,1496583.0,non_english
,1497812.0,non_english
,1498113.0,non_english
,1498588.0,non_english
,1498637.0,non_english
,1498706.0,non_english
,1500574.0,non_english
,1500685.0,non_english
,1500714.0,non_english
,1501247.0,non_english
,1501271.0,non_english
,1501340.0,non_english
,1501396.0,non_english
,1501514.0,non_english
,1501789.0,non_english
,1501799.0,non_english
,1501866.0,non_english
,1502423.0,non_english
,1502447.0,non_english
,1503083.0,non_english
,1503360.0,non_english
,1503454.0,non_english
,1503580.0,non_english
,1503602.0,non_english
,1503624.0,non_english
,1504094.0,non_english
,1504894.0,non_english
,1505316.0,non_english
,1505772.0,non_english
,1505793.0,non_english
,1506419.0,non_english
,1506695.0,non_english
,1506863.0,non_english
,1506874.0,non_english
,1507178.0,non_english
,1507632.0,non_english
,1508014.0,non_english
,1508178.0,non_english
,1508363.0,non_english
,1508420.0,non_english
,1508566.0,non_english
,1508603.0,non_english
,1508926.0,non_english
,1509505.0,non_english
,1509743.0,non_english
,1509926.0,non_english
,1510172.0,non_english
,1510486.0,non_english
,1510488.0,non_english
,1510547.0,non_english
,1510831.0,non_english
,1511258.0,non_english
,1511386.0,non_english
,1511449.0,non_english
,1511495.0,non_english
,1511505.0,non_english
,1511641.0,non_english
,1512552.0,non_english
,1512721.0,non_english
,1512886.0,non_english
,1512990.0,non_english
,1513162.0,non_english
,1513383.0,non_english
,1513591.0,non_english
,1513646.0,non_english
,1513793.0,non_english
,1513917.0,non_english
,1514092.0,non_english
,1514229.0,non_english
,1514287.0,non_english
,1515023.0,non_english
,1515679.0,non_english
,1516519.0,non_english
,1516610.0,non_english
,1517076.0,non_english
,1517309.0,non_english
,1518211.0,non_english
,1518341.0,non_english
,1518759.0,non_english
,1518789.0,non_english
,1518969.0,non_english
,1519006.0,non_english
,1519017.0,non_english
,1519081.0,non_english
,1519181.0,non_english
,1519312.0,non_english
,1519959.0,non_english
,1520366.0,non_english
,1520434.0,non_english
,1521454.0,non_english
,1521468.0,non_english
,1521493.0,non_english
,1521498.0,non_english
,1521823.0,non_english
,1521956.0,non_english
,1522054.0,non_english
,1522229.0,non_english
,1522299.0,non_english
,1522351.0,non_english
,1522886.0,non_english
,1523087.0,non_english
,1525142.0,non_english
,1525389.0,non_english
,1525487.0,non_english
,1526042.0,non_english
,1526106.0,non_english
,1526292.0,non_english
,1526585.0,non_english
,1526736.0,non_english
,1527236.0,non_english
,1528138.0,non_english
,1528553.0,non_english
,1529610.0,non_english
,1529763.0,non_english
,1529786.0,non_english
,1529800.0,non_english
,1530102.0,non_english
,1531223.0,non_english
,1531439.0,non_english
,1531596.0,non_english
,1531887.0,non_english
,1531922.0,non_english
,1532224.0,non_english
,1532481.0,non_english
,1532531.0,non_english
,1532679.0,non_english
,1532967.0,non_english
,1533219.0,non_english
,1533311.0,non_english
,1534153.0,non_english
,1534566.0,non_english
,1534576.0,non_english
,1535215.0,non_english
,1536050.0,non_english
,1536527.0,non_english
,1536664.0,non_english
,1536756.0,non_english
,1537444.0,non_english
,1537497.0,non_english
,1537804.0,non_english
,1537870.0,non_english
,1537876.0,non_english
,1537960.0,non_english
,1538586.0,non_english
,1538693.0,non_english
,1538965.0,non_english
,1539013.0,non_english
,1539072.0,non_english
,1539092.0,non_english
,1539133.0,non_english
,1539223.0,non_english
,1539319.0,non_english
,1539350.0,non_english
,1539843.0,non_english
,1540032.0,non_english
,1540036.0,non_english
,1540460.0,non_english
,1540550.0,non_english
,1540922.0,non_english
,1541581.0,non_english
,1541913.0,non_english
,1541926.0,non_english
,1542280.0,non_english
,1542382.0,non_english
,1542935.0,non_english
,1543212.0,non_english
,1543582.0,non_english
,1543818.0,non_english
,1544169.0,non_english
,1544193.0,non_english
,1544815.0,non_english
,1545340.0,non_english
,1545603.0,non_english
,1546262.0,non_english
,1546418.0,non_english
,1546581.0,non_english
,1547107.0,non_english
,1547915.0,non_english
,1548017.0,non_english
,1548429.0,non_english
,1548745.0,non_english
,1549833.0,non_english
,1551463.0,non_english
,1551472.0,non_english
,1551683.0,non_english
,1552023.0,non_english
,1552028.0,non_english
,1552948.0,non_english
,1553106.0,non_english
,1553742.0,non_english
,1553837.0,non_english
,1554193.0,non_english
,1554648.0,non_english
,1554761.0,non_english
,1554778.0,non_english
,1554921.0,non_english
,1555582.0,non_english
,1555822.0,non_english
,1556233.0,non_english
,1556328.0,non_english
,1556904.0,non_english
,1556944.0,non_english
,1556957.0,non_english
,1557071.0,non_english
,1557169.0,non_english
,1557521.0,non_english
,1557670.0,non_english
,1557943.0,non_english
,1557948.0,non_english
,1557960.0,non_english
,1558086.0,non_english
,1558489.0,non_english
,1558553.0,non_english
,1558654.0,non_english
,1559431.0,non_english
,1559849.0,non_english
,1559880.0,non_english
,1560134.0,non_english
,1560163.0,non_english
,1560368.0,non_english
,1560380.0,non_english
,1560648.0,non_english
,1560780.0,non_english
,1560876.0,non_english
,1561022.0,non_english
,1561251.0,non_english
,1561308.0,non_english
,1561737.0,non_english
,1561868.0,non_english
,1562896.0,non_english
,1563523.0,non_english
,1563671.0,non_english
,1564095.0,non_english
,1564336.0,non_english
,1565053.0,non_english
,1566180.0,non_english
,1566216.0,non_english
,1566394.0,non_english
,1566410.0,non_english
,1566536.0,non_english
,1566704.0,non_english
,1566953.0,non_english
,1567244.0,non_english
,1567273.0,non_english
,1567538.0,non_english
,1567803.0,non_english
,1567998.0,non_english
,1568028.0,non_english
,1568167.0,non_english
,1568315.0,non_english
,1568495.0,non_english
,1568532.0,non_english
,1568616.0,non_english
,1568660.0,non_english
,1568782.0,non_english
,1569251.0,non_english
,1569759.0,non_english
,1569778.0,non_english
,1570475.0,non_english
,1570554.0,non_english
,1571529.0,non_english
,1572349.0,non_english
,1572443.0,non_english
,1572496.0,non_english
,1572515.0,non_english
,1573760.0,non_english
,1573903.0,non_english
,1573947.0,non_english
,1574961.0,non_english
,1575575.0,non_english
,1575597.0,non_english
,1575608.0,non_english
,1575807.0,non_english
,1576413.0,non_english
,1576910.0,non_english
,1577351.0,non_english
,1577651.0,non_english
,1578394.0,non_english
,1578415.0,non_english
,1578817.0,non_english
,1579061.0,non_english
,1579086.0,non_english
,1579518.0,non_english
,1579555.0,non_english
,1580015.0,non_english
,1580142.0,non_english
,1580221.0,non_english
,1580288.0,non_english
,1580446.0,non_english
,1580560.0,non_english
,1580714.0,non_english
,1581165.0,non_english
,1581201.0,non_english
,1581445.0,non_english
,1581616.0,non_english
,1581823.0,non_english
,1582727.0,non_english
,1582739.0,non_english
,1582943.0,non_english
,1583205.0,non_english
,1583330.0,non_english
,1583613.0,non_english
,1583754.0,non_english
,1583816.0,non_english
,1583847.0,non_english
,1584029.0,non_english
,1584085.0,non_english
,1584088.0,non_english
,1584144.0,non_english
,1584738.0,non_english
,1585238.0,non_english
,1585711.0,non_english
,1585789.0,non_english
,1585879.0,non_english
,1586113.0,non_english
,1586481.0,non_english
,1587007.0,non_english
,1587061.0,non_english
,1587443.0,non_english
,1587655.0,non_english
,1588610.0,non_english
,1588709.0,non_english
,1589218.0,non_english
,1590124.0,non_english
,1590276.0,non_english
,1590722.0,non_english
,1590957.0,non_english
,1590997.0,non_english
,1591431.0,non_english
,1591582.0,non_english
,1591829.0,non_english
,1591916.0,non_english
,1591938.0,non_english
,1591954.0,non_english
,1592156.0,non_english
,1592345.0,non_english
,1592899.0,non_english
,1593542.0,non_english
,1593686.0,non_english
,1593700.0,non_english
,1593704.0,non_english
,1593816.0,non_english
,1593884.0,non_english
,1593931.0,non_english
,1594527.0,non_english
,1594557.0,non_english
,1595037.0,non_english
,1595049.0,non_english
,1595434.0,non_english
,1595459.0,non_english
,1595720.0,non_english
,1595728.0,non_english
,1596078.0,non_english
,1596087.0,non_english
,1596140.0,non_english
,1596144.0,non_english
,1596423.0,non_english
,1596462.0,non_english
,1596519.0,non_english
,1596544.0,non_english
,1596560.0,non_english
,1597154.0,non_english
,1597509.0,non_english
,1597972.0,non_english
,1598373.0,non_english
,1598460.0,non_english
,1598774.0,non_english
,1599119.0,non_english
,1599160.0,non_english
,1599755.0,non_english
,1599775.0,non_english
,1599869.0,non_english
,1600173.0,non_english
,1600292.0,non_english
,1600734.0,non_english
,1600989.0,non_english
,1601202.0,non_english
,1602338.0,non_english
,1602379.0,non_english
,1602641.0,non_english
,1602835.0,non_english
,1603030.0,non_english
,1603307.0,non_english
,1603383.0,non_english
,1603405.0,non_english
,1603413.0,non_english
,1603499.0,non_english
,1603681.0,non_english
,1604109.0,non_english
,1604158.0,non_english
,1604326.0,non_english
,1604808.0,non_english
,1604900.0,non_english
,1604942.0,non_english
,1604954.0,non_english
,1605721.0,non_english
,1605884.0,non_english
,1606078.0,non_english
,1607020.0,non_english
,1607856.0,non_english
,1608015.0,non_english
,1608019.0,non_english
,1608124.0,non_english
,1608125.0,non_english
,1608134.0,non_english
,1608452.0,non_english
,1608795.0,non_english
,1609188.0,non_english
,1609401.0,non_english
,1610918.0,non_english
,1611029.0,non_english
,1611445.0,non_english
,1611539.0,non_english
,1611664.0,non_english
,1612024.0,non_english
,1612212.0,non_english
,1612227.0,non_english
,1612259.0,non_english
,1612451.0,non_english
,1612456.0,non_english
,1612468.0,non_english
,1612493.0,non_english
,1612513.0,non_english
,1612722.0,non_english
,1612870.0,non_english
,1612954.0,non_english
,1612959.0,non_english
,1613238.0,non_english
,1613922.0,non_english
,1613977.0,non_english
,1614376.0,non_english
,1615384.0,non_english
,1615449.0,non_english
,1615554.0,non_english
,1615567.0,non_english
,1615607.0,non_english
,1615751.0,non_english
,1615804.0,non_english
,1616703.0,non_english
,1617298.0,non_english
,1617324.0,non_english
,1617375.0,non_english
,1617676.0,non_english
,1617755.0,non_english
,1617908.0,non_english
,1618651.0,non_english
,1618760.0,non_english
,1619502.0,non_english
,1619629.0,non_english
,1619725.0,non_english
,1619957.0,non_english
,1619977.0,non_english
,1620102.0,non_english
,1620496.0,non_english
,1620576.0,non_english
,1620971.0,non_english
,1621027.0,non_english
,1621165.0,non_english
,1621922.0,non_english
,1622389.0,non_english
,1622450.0,non_english
,1622846.0,non_english
,1622857.0,non_english
,1623077.0,non_english
,1623232.0,non_english
,1623734.0,non_english
,1623747.0,non_english
,1624084.0,non_english
,1624284.0,non_english
,1624301.0,non_english
,1624715.0,non_english
,1625335.0,non_english
,1625515.0,non_english
,1626068.0,non_english
,1626338.0,non_english
,1626452.0,non_english
,1626657.0,non_english
,1626907.0,non_english
,1626929.0,non_english
,1626967.0,non_english
,1627040.0,non_english
,1627169.0,non_english
,1627232.0,non_english
,1627261.0,non_english
,1627434.0,non_english
,1627686.0,non_english
,1627760.0,non_english
,1627869.0,non_english
,1628371.0,non_english
,1630201.0,non_english
,1630659.0,non_english
,1630731.0,non_english
,1630807.0,non_english
,1630963.0,non_english
,1631076.0,non_english
,1631103.0,non_english
,1631997.0,non_english
,1632247.0,non_english
,1632427.0,non_english
,1632537.0,non_english
,1633625.0,non_english
,1634673.0,non_english
,1634931.0,non_english
,1635106.0,non_english
,1635293.0,non_english
,1635948.0,non_english
,1636253.0,non_english
,1636485.0,non_english
,1636686.0,non_english
,1637406.0,non_english
,1637454.0,non_english
,1637581.0,non_english
,1637779.0,non_english
,1637963.0,non_english
,1638629.0,non_english
,1639803.0,non_english
,1640048.0,non_english
,1640242.0,non_english
,1640528.0,non_english
,1640727.0,non_english
,1640754.0,non_english
,1641085.0,non_english
,1641583.0,non_english
,1641656.0,non_english
,1641888.0,non_english
,1642724.0,non_english
,1642987.0,non_english
,1643147.0,non_english
,1643225.0,non_english
,1643262.0,non_english
,1643588.0,non_english
,1643762.0,non_english
,1644247.0,non_english
,1645429.0,non_english
,1645438.0,non_english
,1645439.0,non_english
,1645440.0,non_english
,1645943.0,non_english
,1646253.0,non_english
,1646265.0,non_english
,1646375.0,non_english
,1646563.0,non_english
,1646639.0,non_english
,1647468.0,non_english
,1647751.0,non_english
,1648368.0,non_english
,1649569.0,non_english
,1649580.0,non_english
,1649701.0,non_english
,1650251.0,non_english
,1650254.0,non_english
,1650352.0,non_english
,1651058.0,non_english
,1652098.0,non_english
,1652355.0,non_english
,1652511.0,non_english
,1652851.0,non_english
,1652869.0,non_english
,1653138.0,non_english
,1653380.0,non_english
,1653412.0,non_english
,1653933.0,non_english
,1654447.0,non_english
,1654666.0,non_english
,1655537.0,non_english
,1655581.0,non_english
,1655639.0,non_english
,1655674.0,non_english
,1655734.0,non_english
,1655738.0,non_english
,1655742.0,non_english
,1655855.0,non_english
,1656117.0,non_english
,1656327.0,non_english
,1656468.0,non_english
,1656825.0,non_english
,1656860.0,non_english
,1656917.0,non_english
,1656964.0,non_english
,1657152.0,non_english
,1657611.0,non_english
,1657652.0,non_english
,1658521.0,non_english
,1659113.0,non_english
,1659198.0,non_english
,1659216.0,non_english
,1659353.0,non_english
,1659839.0,non_english
,1660006.0,non_english
,1660538.0,non_english
,1660615.0,non_english
,1660677.0,non_english
,1660911.0,non_english
,1661019.0,non_english
,1661375.0,non_english
,1661762.0,non_english
,1661938.0,non_english
,1662085.0,non_english
,1662116.0,non_english
,1662309.0,non_english
,1662344.0,non_english
,1662347.0,non_english
,1662797.0,non_english
,1663354.0,non_english
,1663454.0,non_english
,1663705.0,non_english
,1664511.0,non_english
,1665697.0,non_english
,1665782.0,non_english
,1665885.0,non_english
,1666157.0,non_english
,1666381.0,non_english
,1666626.0,non_english
,1668024.0,non_english
,1668108.0,non_english
,1669084.0,non_english
,1669241.0,non_english
,1669349.0,non_english
,1669366.0,non_english
,1669369.0,non_english
,1669778.0,non_english
,1669843.0,non_english
,1669961.0,non_english
,1670063.0,non_english
,1670135.0,non_english
,1670138.0,non_english
,1670418.0,non_english
,1670480.0,non_english
,1671334.0,non_english
,1671934.0,non_english
,1671961.0,non_english
,1672289.0,non_english
,1672336.0,non_english
,1672379.0,non_english
,1672780.0,non_english
,1673398.0,non_english
,1673598.0,non_english
,1673669.0,non_english
,1673753.0,non_english
,1674622.0,non_english
,1674650.0,non_english
,1676317.0,non_english
,1676536.0,non_english
,1676617.0,non_english
,1676961.0,non_english
,1677106.0,non_english
,1677285.0,non_english
,1678017.0,non_english
,1678322.0,non_english
,1678490.0,non_english
,1678769.0,non_english
,1678792.0,non_english
,1678989.0,non_english
,1679623.0,non_english
,1679722.0,non_english
,1679819.0,non_english
,1679958.0,non_english
,1681463.0,non_english
,1682719.0,non_english
,1682983.0,non_english
,1683034.0,non_english
,1683308.0,non_english
,1683551.0,non_english
,1683623.0,non_english
,1683632.0,non_english
,1683738.0,non_english
,1683749.0,non_english
,1683897.0,non_english
,1684160.0,non_english
,1684640.0,non_english
,1685227.0,non_english
,1685291.0,non_english
,1685425.0,non_english
,1685486.0,non_english
,1687005.0,non_english
,1687096.0,non_english
,1687182.0,non_english
,1687619.0,non_english
,1689067.0,non_english
,1689243.0,non_english
,1689245.0,non_english
,1689703.0,non_english
,1689767.0,non_english
,1689776.0,non_english
,1689891.0,non_english
,1690295.0,non_english
,1690319.0,non_english
,1690689.0,non_english
,1691186.0,non_english
,1691294.0,non_english
,1691459.0,non_english
,1691716.0,non_english
,1691818.0,non_english
,1691887.0,non_english
,1692808.0,non_english
,1692927.0,non_english
,1693250.0,non_english
,1693421.0,non_english
,1693510.0,non_english
,1693692.0,non_english
,1693950.0,non_english
,1694291.0,non_english
,1694360.0,non_english
,1694461.0,non_english
,1694707.0,non_english
,1694790.0,non_english
,1695482.0,non_english
,1695539.0,non_english
,1695634.0,non_english
,1696449.0,non_english
,1696595.0,non_english
,1696813.0,non_english
,1696878.0,non_english
,1697375.0,non_english
,1697415.0,non_english
,1697461.0,non_english
,1697784.0,non_english
,1697949.0,non_english
,1697990.0,non_english
,1698083.0,non_english
,1698172.0,non_english
,1698181.0,non_english
,1698228.0,non_english
,1698493.0,non_english
,1698523.0,non_english
,1698617.0,non_english
,1698636.0,non_english
,1698643.0,non_english
,1698715.0,non_english
,1699229.0,non_english
,1699372.0,non_english
,1699615.0,non_english
,1700253.0,non_english
,1700338.0,non_english
,1700666.0,non_english
,1701099.0,non_english
,1701125.0,non_english
,1701141.0,non_english
,1701188.0,non_english
,1701245.0,non_english
,1701747.0,non_english
,1702016.0,non_english
,1702040.0,non_english
,1702097.0,non_english
,1702349.0,non_english
,1702584.0,non_english
,1702798.0,non_english
,1702834.0,non_english
,1703037.0,non_english
,1703329.0,non_english
,1703514.0,non_english
,1704036.0,non_english
,1704218.0,non_english
,1704300.0,non_english
,1704377.0,non_english
,1704509.0,non_english
,1704536.0,non_english
,1704540.0,non_english
,1704602.0,non_english
,1704610.0,non_english
,1704737.0,non_english
,1704884.0,non_english
,1705181.0,non_english
,1705280.0,non_english
,1705332.0,non_english
,1705385.0,non_english
,1705412.0,non_english
,1705532.0,non_english
,1706499.0,non_english
,1706923.0,non_english
,1708108.0,non_english
,1708180.0,non_english
,1708310.0,non_english
,1708680.0,non_english
,1708708.0,non_english
,1708725.0,non_english
,1709023.0,non_english
,1709234.0,non_english
,1709580.0,non_english
,1710082.0,non_english
,1710559.0,non_english
,1710863.0,non_english
,1710978.0,non_english
,1711237.0,non_english
,1711547.0,non_english
,1711999.0,non_english
,1712069.0,non_english
,1712383.0,non_english
,1713392.0,non_english
,1713688.0,non_english
,1714681.0,non_english
,1715259.0,non_english
,1715540.0,non_english
,1715641.0,non_english
,1715790.0,non_english
,1715969.0,non_english
,1716003.0,non_english
,1716101.0,non_english
,1716602.0,non_english
,1716898.0,non_english
,1717337.0,non_english
,1717453.0,non_english
,1717823.0,non_english
,1718002.0,non_english
,1718116.0,non_english
,1718542.0,non_english
,1718952.0,non_english
,1719625.0,non_english
,1721834.0,non_english
,1722318.0,non_english
,1722940.0,non_english
,1723034.0,non_english
,1723074.0,non_english
,1723115.0,non_english
,1723320.0,non_english
,1723321.0,non_english
,1723737.0,non_english
,1723771.0,non_english
,1723832.0,non_english
,1724062.0,non_english
,1724065.0,non_english
,1724177.0,non_english
,1724897.0,non_english
,1725066.0,non_english
,1725146.0,non_english
,1725414.0,non_english
,1725763.0,non_english
,1725827.0,non_english
,1725977.0,non_english
,1726854.0,non_english
,1727335.0,non_english
,1727549.0,non_english
,1728265.0,non_english
,1728498.0,non_english
,1729314.0,non_english
,1731410.0,non_english
,1731529.0,non_english
,1732278.0,non_english
,1733467.0,non_english
,1734010.0,non_english
,1734600.0,non_english
,1734790.0,non_english
,1734987.0,non_english
,1735356.0,non_english
,1735487.0,non_english
,1735503.0,non_english
,1735727.0,non_english
,1735959.0,non_english
,1736075.0,non_english
,1736172.0,non_english
,1736473.0,non_english
,1736565.0,non_english
,1736697.0,non_english
,1736743.0,non_english
,1736867.0,non_english
,1736879.0,non_english
,1736914.0,non_english
,1737427.0,non_english
,1737428.0,non_english
,1737644.0,non_english
,1737763.0,non_english
,1737850.0,non_english
,1737988.0,non_english
,1738248.0,non_english
,1738418.0,non_english
,1738516.0,non_english
,1738573.0,non_english
,1738693.0,non_english
,1738824.0,non_english
,1738959.0,non_english
,1738991.0,non_english
,1739011.0,non_english
,1739022.0,non_english
,1739489.0,non_english
,1739546.0,non_english
,1740702.0,non_english
,1741087.0,non_english
,1741109.0,non_english
,1741171.0,non_english
,1741571.0,non_english
,1742171.0,non_english
,1742269.0,non_english
,1742275.0,non_english
,1742376.0,non_english
,1743268.0,non_english
,1743336.0,non_english
,1744392.0,non_english
,1745099.0,non_english
,1745291.0,non_english
,1746143.0,non_english
,1746614.0,non_english
,1746717.0,non_english
,1747452.0,non_english
,1747664.0,non_english
,1747670.0,non_english
,1748176.0,non_english
,1748732.0,non_english
,1749500.0,non_english
,1750358.0,non_english
,1750444.0,non_english
,1750497.0,non_english
,1751274.0,non_english
,1751820.0,non_english
,1752165.0,non_english
,1752228.0,non_english
,1752340.0,non_english
,1752481.0,non_english
,1753073.0,non_english
,1753922.0,non_english
,1754029.0,non_english
,1754156.0,non_english
,1754184.0,non_english
,1754317.0,non_english
,1754675.0,non_english
,1755140.0,non_english
,1755732.0,non_english
,1755754.0,non_english
,1755868.0,non_english
,1755893.0,non_english
,1755920.0,non_english
,1756551.0,non_english
,1756947.0,non_english
,1757548.0,non_english
,1757987.0,non_english
,1758384.0,non_english
,1758496.0,non_english
,1758520.0,non_english
,1758633.0,non_english
,1758689.0,non_english
,1758946.0,non_english
,1759235.0,non_english
,1759248.0,non_english
,1759445.0,non_english
,1759716.0,non_english
,1759913.0,non_english
,1759923.0,non_english
,1760178.0,non_english
,1760881.0,non_english
,1760910.0,non_english
,1762200.0,non_english
,1762704.0,non_english
,1762705.0,non_english
,1763078.0,non_english
,1763203.0,non_english
,1763428.0,non_english
,1763537.0,non_english
,1763872.0,non_english
,1764201.0,non_english
,1764250.0,non_english
,1764734.0,non_english
,1765136.0,non_english
,1765371.0,non_english
,1765791.0,non_english
,1766374.0,non_english
,1766476.0,non_english
,1766847.0,non_english
,1767017.0,non_english
,1767028.0,non_english
,1767149.0,non_english
,1767155.0,non_english
,1767211.0,non_english
,1767229.0,non_english
,1767720.0,non_english
,1767738.0,non_english
,1768201.0,non_english
,1768624.0,non_english
,1768868.0,non_english
,1768887.0,non_english
,1768974.0,non_english
,1769164.0,non_english
,1769339.0,non_english
,1769554.0,non_english
,1769636.0,non_english
,1770260.0,non_english
,1770266.0,non_english
,1770798.0,non_english
,1771238.0,non_english
,1771619.0,non_english
,1771862.0,non_english
,1773886.0,non_english
,1774033.0,non_english
,1774115.0,non_english
,1774144.0,non_english
,1774195.0,non_english
,1774216.0,non_english
,1774338.0,non_english
,1774343.0,non_english
,1774510.0,non_english
,1774679.0,non_english
,1775207.0,non_english
,1775778.0,non_english
,1776674.0,non_english
,1776678.0,non_english
,1776691.0,non_english
,1776968.0,non_english
,1777239.0,non_english
,1777277.0,non_english
,1777298.0,non_english
,1777341.0,non_english
,1777391.0,non_english
,1777437.0,non_english
,1777705.0,non_english
,1778382.0,non_english
,1778633.0,non_english
,1778710.0,non_english
,1779027.0,non_english
,1779224.0,non_english
,1779904.0,non_english
,1779953.0,non_english
,1780515.0,non_english
,1781129.0,non_english
,1781311.0,non_english
,1781432.0,non_english
,1781550.0,non_english
,1782699.0,non_english
,1783559.0,non_english
,1783615.0,non_english
,1784730.0,non_english
,1784747.0,non_english
,1785104.0,non_english
,1786030.0,non_english
,1786033.0,non_english
,1786082.0,non_english
,1786290.0,non_english
,1786729.0,non_english
,1786995.0,non_english
,1787778.0,non_english
,1788180.0,non_english
,1788290.0,non_english
,1788301.0,non_english
,1788352.0,non_english
,1788470.0,non_english
,1788589.0,non_english
,1788691.0,non_english
,1788700.0,non_english
,1788853.0,non_english
,1789166.0,non_english
,1789234.0,non_english
,1789443.0,non_english
,1790147.0,non_english
,1790170.0,non_english
,1790398.0,non_english
,1790603.0,non_english
,1790613.0,non_english
,1790710.0,non_english
,1790805.0,non_english
,1791072.0,non_english
,1791487.0,non_english
,1791729.0,non_english
,1792180.0,non_english
,1792422.0,non_english
,1792875.0,non_english
,1793135.0,non_english
,1793190.0,non_english
,1793218.0,non_english
,1793926.0,non_english
,1794687.0,non_english
,1794732.0,non_english
,1794911.0,non_english
,1794926.0,non_english
,1795113.0,non_english
,1795290.0,non_english
,1795311.0,non_english
,1795397.0,non_english
,1795422.0,non_english
,1795607.0,non_english
,1795770.0,non_english
,1796026.0,non_english
,1796145.0,non_english
,1796157.0,non_english
,1796173.0,non_english
,1796225.0,non_english
,1796454.0,non_english
,1796807.0,non_english
,1797494.0,non_english
,1797537.0,non_english
,1797760.0,non_english
,1797789.0,non_english
,1798443.0,non_english
,1798461.0,non_english
,1798553.0,non_english
,1798790.0,non_english
,1798828.0,non_english
,1798978.0,non_english
,1799509.0,non_english
,1799557.0,non_english
,1799972.0,non_english
,1800953.0,non_english
,1800979.0,non_english
,1801130.0,non_english
,1801215.0,non_english
,1801217.0,non_english
,1801348.0,non_english
,1801544.0,non_english
,1801577.0,non_english
,1801614.0,non_english
,1802252.0,non_english
,1802570.0,non_english
,1802690.0,non_english
,1803089.0,non_english
,1803166.0,non_english
,1803723.0,non_english
,1804037.0,non_english
,1804038.0,non_english
,1804214.0,non_english
,1804468.0,non_english
,1804669.0,non_english
,1804763.0,non_english
,1804929.0,non_english
,1805410.0,non_english
,1805443.0,non_english
,1805689.0,non_english
,1805690.0,non_english
,1805695.0,non_english
,1805710.0,non_english
,1805787.0,non_english
,1806755.0,non_english
,1806957.0,non_english
,1807335.0,non_english
,1807338.0,non_english
,1807422.0,non_english
,1807529.0,non_english
,1807988.0,non_english
,1808016.0,non_english
,1808038.0,non_english
,1808111.0,non_english
,1808126.0,non_english
,1808128.0,non_english
,1808499.0,non_english
,1808643.0,non_english
,1808779.0,non_english
,1808807.0,non_english
,1808940.0,non_english
,1809053.0,non_english
,1809670.0,non_english
,1809753.0,non_english
,1809895.0,non_english
,1809946.0,non_english
,1809957.0,non_english
,1809969.0,non_english
,1810011.0,non_english
,1810022.0,non_english
,1810214.0,non_english
,1810356.0,non_english
,1810666.0,non_english
,1810755.0,non_english
,1810773.0,non_english
,1810825.0,non_english
,1810828.0,non_english
,1811377.0,non_english
,1811413.0,non_english
,1811424.0,non_english
,1811428.0,non_english
,1811478.0,non_english
,1811637.0,non_english
,1811993.0,non_english
,1812098.0,non_english
,1812585.0,non_english
,1812642.0,non_english
,1812694.0,non_english
,1813421.0,non_english
,1813542.0,non_english
,1813722.0,non_english
,1814587.0,non_english
,1814825.0,non_english
,1814836.0,non_english
,1814838.0,non_english
,1814927.0,non_english
,1815933.0,non_english
,1816220.0,non_english
,1816464.0,non_english
,1816475.0,non_english
,1816763.0,non_english
,1817035.0,non_english
,1817348.0,non_english
,1817485.0,non_english
,1817520.0,non_english
,1817534.0,non_english
,1817769.0,non_english
,1818033.0,non_english
,1818601.0,non_english
,1818701.0,non_english
,1819229.0,non_english
,1819244.0,non_english
,1819293.0,non_english
,1819409.0,non_english
,1819934.0,non_english
,1820083.0,non_english
,1820564.0,non_english
,1820639.0,non_english
,1820798.0,non_english
,1820910.0,non_english
,1821006.0,non_english
,1821690.0,non_english
,1821823.0,non_english
,1821829.0,non_english
,1822265.0,non_english
,1822339.0,non_english
,1822378.0,non_english
,1822460.0,non_english
,1822493.0,non_english
,1822788.0,non_english
,1823711.0,non_english
,1823805.0,non_english
,1824075.0,non_english
,1824306.0,non_english
,1824470.0,non_english
,1824839.0,non_english
,1825358.0,non_english
,1825802.0,non_english
,1826933.0,non_english
,1826988.0,non_english
,1826991.0,non_english
,1827361.0,non_english
,1827433.0,non_english
,1827719.0,non_english
,1827966.0,non_english
,1828553.0,non_english
,1828693.0,non_english
,1828966.0,non_english
,1829223.0,non_english
,1829653.0,non_english
,1829870.0,non_english
,1830032.0,non_english
,1830187.0,non_english
,1830188.0,non_english
,1830217.0,non_english
,1830383.0,non_english
,1830842.0,non_english
,1831091.0,non_english
,1831317.0,non_english
,1831356.0,non_english
,1831604.0,non_english
,1831788.0,non_english
,1832153.0,non_english
,1832445.0,non_english
,1832876.0,non_english
,1833051.0,non_english
,1833912.0,non_english
,1834363.0,non_english
,1834582.0,non_english
,1834779.0,non_english
,1834825.0,non_english
,1834826.0,non_english
,1835401.0,non_english
,1835409.0,non_english
,1835545.0,non_english
,1835575.0,non_english
,1836244.0,non_english
,1836474.0,non_english
,1836483.0,non_english
,1837019.0,non_english
,1837640.0,non_english
,1837680.0,non_english
,1837742.0,non_english
,1838277.0,non_english
,1838280.0,non_english
,1838625.0,non_english
,1838632.0,non_english
,1838642.0,non_english
,1838681.0,non_english
,1838839.0,non_english
,1838987.0,non_english
,1839018.0,non_english
,1839027.0,non_english
,1839147.0,non_english
,1839377.0,non_english
,1840369.0,non_english
,1840523.0,non_english
,1840524.0,non_english
,1840660.0,non_english
,1840811.0,non_english
,1840815.0,non_english
,1841038.0,non_english
,1841221.0,non_english
,1841438.0,non_english
,1841501.0,non_english
,1841883.0,non_english
,1842205.0,non_english
,1842262.0,non_english
,1842428.0,non_english
,1842572.0,non_english
,1843528.0,non_english
,1843714.0,non_english
,1843905.0,non_english
,1844066.0,non_english
,1844438.0,non_english
,1844694.0,non_english
,1845068.0,non_english
,1845145.0,non_english
,1845149.0,non_english
,1845395.0,non_english
,1846487.0,non_english
,1846532.0,non_english
,1847081.0,non_english
,1847253.0,non_english
,1847319.0,non_english
,1847537.0,non_english
,1848671.0,non_english
,1848971.0,non_english
,1849288.0,non_english
,1849333.0,non_english
,1849658.0,non_english
,1849754.0,non_english
,1849770.0,non_english
,1850014.0,non_english
,1850029.0,non_english
,1850133.0,non_english
,1850149.0,non_english
,1850169.0,non_english
,1850199.0,non_english
,1850240.0,non_english
,1850649.0,non_english
,1850910.0,non_english
,1850911.0,non_english
,1851400.0,non_english
,1851800.0,non_english
,1851864.0,non_english
,1852596.0,non_english
,1853070.0,non_english
,1853071.0,non_english
,1853185.0,non_english
,1853362.0,non_english
,1853986.0,non_english
,1854057.0,non_english
,1854159.0,non_english
,1854200.0,non_english
,1854207.0,non_english
,1854248.0,non_english
,1854250.0,non_english
,1854388.0,non_english
,1854517.0,non_english
,1854567.0,non_english
,1854625.0,non_english
,1854670.0,non_english
,1854671.0,non_english
,1854875.0,non_english
,1855049.0,non_english
,1855167.0,non_english
,1855213.0,non_english
,1855454.0,non_english
,1855646.0,non_english
,1855910.0,non_english
,1855987.0,non_english
,1856069.0,non_english
,1856602.0,non_english
,1856744.0,non_english
,1857065.0,non_english
,1857248.0,non_english
,1857332.0,non_english
,1857653.0,non_english
,1857661.0,non_english
,1857802.0,non_english
,1858012.0,non_english
,1858115.0,non_english
,1858158.0,non_english
,1858817.0,non_english
,1858958.0,non_english
,1859169.0,non_english
,1859346.0,non_english
,1859417.0,non_english
,1859452.0,non_english
,1859863.0,non_english
,1859925.0,non_english
,1860186.0,non_english
,1860190.0,non_english
,1860214.0,non_english
,1860268.0,non_english
,1860620.0,non_english
,1860703.0,non_english
,1861258.0,non_english
,1861501.0,non_english
,1861531.0,non_english
,1862550.0,non_english
,1863048.0,non_english
,1863425.0,non_english
,1863555.0,non_english
,1864100.0,non_english
,1864329.0,non_english
,1864361.0,non_english
,1864578.0,non_english
,1865420.0,non_english
,1866579.0,non_english
,1867201.0,non_english
,1867464.0,non_english
,1867834.0,non_english
,1868089.0,non_english
,1868169.0,non_english
,1868186.0,non_english
,1868307.0,non_english
,1868471.0,non_english
,1868487.0,non_english
,1868681.0,non_english
,1868714.0,non_english
,1868773.0,non_english
,1868791.0,non_english
,1869723.0,non_english
,1869823.0,non_english
,1870822.0,non_english
,1870971.0,non_english
,1873427.0,non_english
,1873487.0,non_english
,1873613.0,non_english
,1873887.0,non_english
,1874578.0,non_english
,1874615.0,non_english
,1875327.0,non_english
,1875333.0,non_english
,1875458.0,non_english
,1875656.0,non_english
,1875835.0,non_english
,1875910.0,non_english
,1876131.0,non_english
,1876334.0,non_english
,1876385.0,non_english
,1876489.0,non_english
,1876966.0,non_english
,1877030.0,non_english
,1877637.0,non_english
,1877649.0,non_english
,1877680.0,non_english
,1877797.0,non_english
,1877799.0,non_english
,1878342.0,non_english
,1878430.0,non_english
,1878842.0,non_english
,1878932.0,non_english
,1879086.0,non_english
,1879112.0,non_english
,1879115.0,non_english
,1879155.0,non_english
,1879284.0,non_english
,1879350.0,non_english
,1880578.0,non_english
,1880616.0,non_english
,1880678.0,non_english
,1880743.0,non_english
,1880759.0,non_english
,1881082.0,non_english
,1881320.0,non_english
,1881862.0,non_english
,1881888.0,non_english
,1882198.0,non_english
,1882203.0,non_english
,1882518.0,non_english
,1882530.0,non_english
,1882699.0,non_english
,1882981.0,non_english
,1883050.0,non_english
,1883062.0,non_english
,1883559.0,non_english
,1883735.0,non_english
,1883857.0,non_english
,1884682.0,non_english
,1884753.0,non_english
,1884813.0,non_english
,1884886.0,non_english
,1884897.0,non_english
,1884932.0,non_english
,1884986.0,non_english
,1885195.0,non_english
,1885196.0,non_english
,1885283.0,non_english
,1886171.0,non_english
,1886809.0,non_english
,1886895.0,non_english
,1887034.0,non_english
,1887899.0,non_english
,1888249.0,non_english
,1888463.0,non_english
,1888572.0,non_english
,1888842.0,non_english
,1889033.0,non_english
,1889722.0,non_english
,1890252.0,non_english
,1890349.0,non_english
,1890567.0,non_english
,1890612.0,non_english
,1891385.0,non_english
,1891451.0,non_english
,1891713.0,non_english
,1891900.0,non_english
,1891965.0,non_english
,1892032.0,non_english
,1892045.0,non_english
,1892058.0,non_english
,1892121.0,non_english
,1892401.0,non_english
,1892565.0,non_english
,1892944.0,non_english
,1893138.0,non_english
,1893273.0,non_english
,1893553.0,non_english
,1893565.0,non_english
,1893930.0,non_english
,1894099.0,non_english
,1894120.0,non_english
,1894232.0,non_english
,1894317.0,non_english
,1894389.0,non_english
,1894595.0,non_english
,1895021.0,non_english
,1895037.0,non_english
,1895459.0,non_english
,1895538.0,non_english
,1895840.0,non_english
,1895951.0,non_english
,1895979.0,non_english
,1895990.0,non_english
,1896061.0,non_english
,1896174.0,non_english
,1896269.0,non_english
,1896399.0,non_english
,1896623.0,non_english
,1897055.0,non_english
,1897635.0,non_english
,1898298.0,non_english
,1898857.0,non_english
,1899771.0,non_english
,1900184.0,non_english
,1900541.0,non_english
,1900613.0,non_english
,1900848.0,non_english
,1901494.0,non_english
,1902340.0,non_english
,1902616.0,non_english
,1903138.0,non_english
,1903378.0,non_english
,1903444.0,non_english
,1903484.0,non_english
,1903489.0,non_english
,1903993.0,non_english
,1904073.0,non_english
,1904251.0,non_english
,1904699.0,non_english
,1904846.0,non_english
,1904943.0,non_english
,1905035.0,non_english
,1906023.0,non_english
,1906498.0,non_english
,1906682.0,non_english
,1906797.0,non_english
,1906807.0,non_english
,1906842.0,non_english
,1906887.0,non_english
,1906956.0,non_english
,1907234.0,non_english
,1907543.0,non_english
,1907621.0,non_english
,1908332.0,non_english
,1908441.0,non_english
,1909049.0,non_english
,1909821.0,non_english
,1910320.0,non_english
,1911866.0,non_english
,1911919.0,non_english
,1911945.0,non_english
,1912115.0,non_english
,1912487.0,non_english
,1912651.0,non_english
,1913003.0,non_english
,1913054.0,non_english
,1913129.0,non_english
,1913145.0,non_english
,1913192.0,non_english
,1914020.0,non_english
,1914295.0,non_english
,1914298.0,non_english
,1914299.0,non_english
,1914300.0,non_english
,1914938.0,non_english
,1915168.0,non_english
,1915654.0,non_english
,1916366.0,non_english
,1916614.0,non_english
,1916966.0,non_english
,1917161.0,non_english
,1917568.0,non_english
,1917587.0,non_english
,1917927.0,non_english
,1918073.0,non_english
,1918125.0,non_english
,1918176.0,non_english
,1918315.0,non_english
,1918454.0,non_english
,1918498.0,non_english
,1918728.0,non_english
,1918760.0,non_english
,1918761.0,non_english
,1918816.0,non_english
,1919219.0,non_english
,1919608.0,non_english
,1919924.0,non_english
,1920226.0,non_english
,1920261.0,non_english
,1920565.0,non_english
,1920581.0,non_english
,1920614.0,non_english
,1920706.0,non_english
,1920889.0,non_english
,1920895.0,non_english
,1920951.0,non_english
,1921323.0,non_english
,1921329.0,non_english
,1921602.0,non_english
,1921705.0,non_english
,1922033.0,non_english
,1922232.0,non_english
,1922531.0,non_english
,1922815.0,non_english
,1922856.0,non_english
,1923515.0,non_english
,1923648.0,non_english
,1923685.0,non_english
,1923908.0,non_english
,1924136.0,non_english
,1924302.0,non_english
,1924339.0,non_english
,1924342.0,non_english
,1924686.0,non_english
,1924825.0,non_english
,1925185.0,non_english
,1925495.0,non_english
,1925957.0,non_english
,1926119.0,non_english
,1926159.0,non_english
,1928726.0,non_english
,1928779.0,non_english
,1928995.0,non_english
,1929050.0,non_english
,1929083.0,non_english
,1929225.0,non_english
,1929511.0,non_english
,1929699.0,non_english
,1930330.0,non_english
,1930585.0,non_english
,1930927.0,non_english
,1931271.0,non_english
,1931759.0,non_english
,1931875.0,non_english
,1932125.0,non_english
,1932251.0,non_english
,1932397.0,non_english
,1932589.0,non_english
,1932982.0,non_english
,1933757.0,non_english
,1933771.0,non_english
,1933796.0,non_english
,1934210.0,non_english
,1934341.0,non_english
,1934746.0,non_english
,1934930.0,non_english
,1935437.0,non_english
,1935473.0,non_english
,1935918.0,non_english
,1935941.0,non_english
,1935968.0,non_english
,1936126.0,non_english
,1936143.0,non_english
,1936394.0,non_english
,1936493.0,non_english
,1936711.0,non_english
,1936803.0,non_english
,1937068.0,non_english
,1937289.0,non_english
,1937390.0,non_english
,1937797.0,non_english
,1937821.0,non_english
,1938107.0,non_english
,1938312.0,non_english
,1938363.0,non_english
,1938389.0,non_english
,1938484.0,non_english
,1938568.0,non_english
,1939043.0,non_english
,1939047.0,non_english
,1939173.0,non_english
,1939552.0,non_english
,1939697.0,non_english
,1939699.0,non_english
,1940244.0,non_english
,1940246.0,non_english
,1940654.0,non_english
,1940665.0,non_english
,1940772.0,non_english
,1940774.0,non_english
,1941165.0,non_english
,1941847.0,non_english
,1942187.0,non_english
,1942511.0,non_english
,1942776.0,non_english
,1943684.0,non_english
,1944136.0,non_english
,1944275.0,non_english
,1944613.0,non_english
,1944657.0,non_english
,1944665.0,non_english
,1944784.0,non_english
,1944847.0,non_english
,1944883.0,non_english
,1945157.0,non_english
,1945166.0,non_english
,1945352.0,non_english
,1945762.0,non_english
,1946323.0,non_english
,1946597.0,non_english
,1946946.0,non_english
,1947003.0,non_english
,1947264.0,non_english
,1947465.0,non_english
,1947744.0,non_english
,1948100.0,non_english
,1948199.0,non_english
,1948232.0,non_english
,1948233.0,non_english
,1948747.0,non_english
,1948750.0,non_english
,1948777.0,non_english
,1948962.0,non_english
,1948996.0,non_english
,1949007.0,non_english
,1949362.0,non_english
,1950213.0,non_english
,1950776.0,non_english
,1950918.0,non_english
,1951043.0,non_english
,1951046.0,non_english
,1952670.0,non_english
,1952673.0,non_english
,1952834.0,non_english
,1953241.0,non_english
,1953658.0,non_english
,1953889.0,non_english
,1953902.0,non_english
,1954120.0,non_english
,1954420.0,non_english
,1954439.0,non_english
,1954979.0,non_english
,1955191.0,non_english
,1955289.0,non_english
,1955658.0,non_english
,1955831.0,non_english
,1955922.0,non_english
,1956075.0,non_english
,1956626.0,non_english
,1956710.0,non_english
,1956747.0,non_english
,1956769.0,non_english
,1957174.0,non_english
,1957257.0,non_english
,1957258.0,non_english
,1957338.0,non_english
,1958841.0,non_english
,1958859.0,non_english
,1958973.0,non_english
,1959219.0,non_english
,1959230.0,non_english
,1959245.0,non_english
,1959512.0,non_english
,1960140.0,non_english
,1960145.0,non_english
,1960378.0,non_english
,1960617.0,non_english
,1960688.0,non_english
,1960923.0,non_english
,1960963.0,non_english
,1961147.0,non_english
,1961151.0,non_english
,1961195.0,non_english
,1961837.0,non_english
,1962083.0,non_english
,1962400.0,non_english
,1962709.0,non_english
,1963048.0,non_english
,1963323.0,non_english
,1963345.0,non_english
,1963354.0,non_english
,1963545.0,non_english
,1963801.0,non_english
,1963858.0,non_english
,1964160.0,non_english
,1964198.0,non_english
,1964290.0,non_english
,1964458.0,non_english
,1964624.0,non_english
,1964779.0,non_english
,1964964.0,non_english
,1965471.0,non_english
,1965473.0,non_english
,1965641.0,non_english
,1965971.0,non_english
,1966060.0,non_english
,1966297.0,non_english
,1966602.0,non_english
,1966728.0,non_english
,1967024.0,non_english
,1967460.0,non_english
,1967685.0,non_english
,1967719.0,non_english
,1968104.0,non_english
,1968155.0,non_english
,1968812.0,non_english
,1968999.0,non_english
,1969171.0,non_english
,1969465.0,non_english
,1970061.0,non_english
,1970201.0,non_english
,1970523.0,non_english
,1970563.0,non_english
,1970577.0,non_english
,1970821.0,non_english
,1971191.0,non_english
,1971356.0,non_english
,1971404.0,non_english
,1971520.0,non_english
,1971777.0,non_english
,1972981.0,non_english
,1973763.0,non_english
,1973786.0,non_english
,1974197.0,non_english
,1974787.0,non_english
,1975023.0,non_english
,1975069.0,non_english
,1975399.0,non_english
,1975418.0,non_english
,1975760.0,non_english
,1976060.0,non_english
,1976064.0,non_english
,1976133.0,non_english
,1976220.0,non_english
,1976368.0,non_english
,1976412.0,non_english
,1976436.0,non_english
,1977058.0,non_english
,1977462.0,non_english
,1977610.0,non_english
,1978091.0,non_english
,1978096.0,non_english
,1978274.0,non_english
,1978328.0,non_english
,1978586.0,non_english
,1978776.0,non_english
,1979132.0,non_english
,1979197.0,non_english
,1980815.0,non_english
,1980962.0,non_english
,1981277.0,non_english
,1981572.0,non_english
,1981654.0,non_english
,1981780.0,non_english
,1981970.0,non_english
,1982012.0,non_english
,1983096.0,non_english
,1983496.0,non_english
,1983641.0,non_english
,1983696.0,non_english
,1983728.0,non_english
,1984355.0,non_english
,1984729.0,non_english
,1984746.0,non_english
,1985089.0,non_english
,1985319.0,non_english
,1985868.0,non_english
,1986007.0,non_english
,1986767.0,non_english
,1986829.0,non_english
,1986882.0,non_english
,1987126.0,non_english
,1987142.0,non_english
,1987328.0,non_english
,1987342.0,non_english
,1988371.0,non_english
,1988453.0,non_english
,1988464.0,non_english
,1988947.0,non_english
,1989131.0,non_english
,1990028.0,non_english
,1990312.0,non_english
,1990539.0,non_english
,1991350.0,non_english
,1991358.0,non_english
,1991379.0,non_english
,1991456.0,non_english
,1992473.0,non_english
,1992577.0,non_english
,1993715.0,non_english
,1993723.0,non_english
,1993746.0,non_english
,1993751.0,non_english
,1993924.0,non_english
,1993931.0,non_english
,1993934.0,non_english
,1994011.0,non_english
,1994119.0,non_english
,1994389.0,non_english
,1994981.0,non_english
,1995283.0,non_english
,1996086.0,non_english
,1996114.0,non_english
,1996159.0,non_english
,1996499.0,non_english
,1996566.0,non_english
,1996574.0,non_english
,1997179.0,non_english
,1997446.0,non_english
,1998574.0,non_english
,1998683.0,non_english
,1999310.0,non_english
,1999614.0,non_english
,1999707.0,non_english
,1999762.0,non_english
,2000164.0,non_english
,2000351.0,non_english
,2000775.0,non_english
,2001138.0,non_english
,2001660.0,non_english
,2001924.0,non_english
,2002881.0,non_english
,2003208.0,non_english
,2003350.0,non_english
,2003628.0,non_english
,2003972.0,non_english
,2004051.0,non_english
,2004099.0,non_english
,2004100.0,non_english
,2004192.0,non_english
,2004453.0,non_english
,2004568.0,non_english
,2005595.0,non_english
,2005600.0,non_english
,2005947.0,non_english
,2006062.0,non_english
,2006443.0,non_english
,2007340.0,non_english
,2007355.0,non_english
,2007499.0,non_english
,2007504.0,non_english
,2007746.0,non_english
,2008238.0,non_english
,2008311.0,non_english
,2008719.0,non_english
,2008872.0,non_english
,2009031.0,non_english
,2009041.0,non_english
,2009632.0,non_english
,2010148.0,non_english
,2010320.0,non_english
,2010454.0,non_english
,2010852.0,non_english
,2010922.0,non_english
,2011019.0,non_english
,2011021.0,non_english
,2011131.0,non_english
,2011826.0,non_english
,2012014.0,non_english
,2012444.0,non_english
,2013303.0,non_english
,2013423.0,non_english
,2013629.0,non_english
,2013654.0,non_english
,2013769.0,non_english
,2013773.0,non_english
,2013850.0,non_english
,2013902.0,non_english
,2014114.0,non_english
,2014345.0,non_english
,2015211.0,non_english
,2015387.0,non_english
,2016616.0,non_english
,2016759.0,non_english
,2016968.0,non_english
,2016980.0,non_english
,2018440.0,non_english
,2018691.0,non_english
,2018997.0,non_english
,2019165.0,non_english
,2019243.0,non_english
,2019504.0,non_english
,2019627.0,non_english
,2019858.0,non_english
,2020832.0,non_english
,2021224.0,non_english
,2021464.0,non_english
,2021847.0,non_english
,2021922.0,non_english
,2022036.0,non_english
,2022215.0,non_english
,2023726.0,non_english
,2023901.0,non_english
,2023918.0,non_english
,2024166.0,non_english
,2024704.0,non_english
,2024857.0,non_english
,2024925.0,non_english
,2024939.0,non_english
,2026202.0,non_english
,2026232.0,non_english
,2026914.0,non_english
,2026945.0,non_english
,2027173.0,non_english
,2027192.0,non_english
,2027280.0,non_english
,2028081.0,non_english
,2028214.0,non_english
,2028618.0,non_english
,2028624.0,non_english
,2028715.0,non_english
,2028723.0,non_english
,2028777.0,non_english
,2028922.0,non_english
,2029111.0,non_english
,2029321.0,non_english
,2029501.0,non_english
,2030238.0,non_english
,2030253.0,non_english
,2030470.0,non_english
,2030769.0,non_english
,2030783.0,non_english
,2031061.0,non_english
,2031389.0,non_english
,2031445.0,non_english
,2031720.0,non_english
,2031947.0,non_english
,2032069.0,non_english
,2032230.0,non_english
,2032367.0,non_english
,2032560.0,non_english
,2032710.0,non_english
,2033238.0,non_english
,2033275.0,non_english
,2033431.0,non_english
,2033517.0,non_english
,2034026.0,non_english
,2034467.0,non_english
,2034591.0,non_english
,2034640.0,non_english
,2034674.0,non_english
,2034710.0,non_english
,2034815.0,non_english
,2034827.0,non_english
,2034976.0,non_english
,2035351.0,non_english
,2035753.0,non_english
,2036045.0,non_english
,2036228.0,non_english
,2036757.0,non_english
,2036781.0,non_english
,2036845.0,non_english
,2037014.0,non_english
,2037368.0,non_english
,2037588.0,non_english
,2037667.0,non_english
,2037698.0,non_english
,2037725.0,non_english
,2037964.0,non_english
,2037992.0,non_english
,2038443.0,non_english
,2038771.0,non_english
,2039652.0,non_english
,2040095.0,non_english
,2040369.0,non_english
,2040491.0,non_english
,2040623.0,non_english
,2040896.0,non_english
,2040966.0,non_english
,2041081.0,non_english
,2041145.0,non_english
,2041577.0,non_english
,2041787.0,non_english
,2041799.0,non_english
,2042201.0,non_english
,2042337.0,non_english
,2042586.0,non_english
,2042840.0,non_english
,2042954.0,non_english
,2042961.0,non_english
,2042962.0,non_english
,2043167.0,non_english
,2043274.0,non_english
,2043554.0,non_english
,2043796.0,non_english
,2044165.0,non_english
,2044225.0,non_english
,2044616.0,non_english
,2044957.0,non_english
,2045357.0,non_english
,2047821.0,non_english
,2048558.0,non_english
,2048721.0,non_english
,2049127.0,non_english
,2049162.0,non_english
,2049217.0,non_english
,2049661.0,non_english
,2049830.0,non_english
,2050007.0,non_english
,2050964.0,non_english
,2051034.0,non_english
,2051446.0,non_english
,2051832.0,non_english
,2051854.0,non_english
,2051856.0,non_english
,2053208.0,non_english
,2053405.0,non_english
,2054203.0,non_english
,2054515.0,non_english
,2054929.0,non_english
,2055023.0,non_english
,2055681.0,non_english
,2056462.0,non_english
,2056484.0,non_english
,2056677.0,non_english
,2056778.0,non_english
,2057170.0,non_english
,2057725.0,non_english
,2057731.0,non_english
,2058658.0,non_english
,2058931.0,non_english
,2059214.0,non_english
,2059288.0,non_english
,2060382.0,non_english
,2060495.0,non_english
,2061484.0,non_english
,2061487.0,non_english
,2061615.0,non_english
,2061637.0,non_english
,2062271.0,non_english
,2062952.0,non_english
,2064487.0,non_english
,2064578.0,non_english
,2064681.0,non_english
,2066413.0,non_english
,2066422.0,non_english
,2066960.0,non_english
,2067020.0,non_english
,2067282.0,non_english
,2067411.0,non_english
,2068606.0,non_english
,2068739.0,non_english
,2069306.0,non_english
,2069352.0,non_english
,2069355.0,non_english
,2069530.0,non_english
,2069533.0,non_english
,2069535.0,non_english
,2069758.0,non_english
,2069773.0,non_english
,2069782.0,non_english
,2069962.0,non_english
,2070161.0,non_english
,2070988.0,non_english
,2071055.0,non_english
,2071070.0,non_english
,2071290.0,non_english
,2071422.0,non_english
,2071542.0,non_english
,2071592.0,non_english
,2071961.0,non_english
,2072296.0,non_english
,2072467.0,non_english
,2072983.0,non_english
,2073456.0,non_english
,2073574.0,non_english
,2073709.0,non_english
,2073805.0,non_english
,2073907.0,non_english
,2073984.0,non_english
,2074264.0,non_english
,2074270.0,non_english
,2074348.0,non_english
,2074436.0,non_english
,2074558.0,non_english
,2074682.0,non_english
,2075741.0,non_english
,2076078.0,non_english
,2076274.0,non_english
,2076660.0,non_english
,2076806.0,non_english
,2077290.0,non_english
,2077307.0,non_english
,2077342.0,non_english
,2077345.0,non_english
,2077768.0,non_english
,2077879.0,non_english
,2077914.0,non_english
,2077931.0,non_english
,2077936.0,non_english
,2078000.0,non_english
,2078084.0,non_english
,2078129.0,non_english
,2078198.0,non_english
,2078440.0,non_english
,2078450.0,non_english
,2078509.0,non_english
,2078638.0,non_english
,2078696.0,non_english
,2078706.0,non_english
,2078744.0,non_english
,2078770.0,non_english
,2079217.0,non_english
,2079408.0,non_english
,2079712.0,non_english
,2079782.0,non_english
,2079798.0,non_english
,2080405.0,non_english
,2080418.0,non_english
,2080724.0,non_english
,2080842.0,non_english
,2080947.0,non_english
,2082053.0,non_english
,2082062.0,non_english
,2082299.0,non_english
,2082693.0,non_english
,2082913.0,non_english
,2083624.0,non_english
,2084082.0,non_english
,2084127.0,non_english
,2084145.0,non_english
,2084472.0,non_english
,2084527.0,non_english
,2085117.0,non_english
,2085347.0,non_english
,2085369.0,non_english
,2085422.0,non_english
,2085513.0,non_english
,2085687.0,non_english
,2086285.0,non_english
,2086308.0,non_english
,2086364.0,non_english
,2086618.0,non_english
,2086690.0,non_english
,2086879.0,non_english
,2086954.0,non_english
,2087046.0,non_english
,2087122.0,non_english
,2087456.0,non_english
,2087488.0,non_english
,2088117.0,non_english
,2088255.0,non_english
,2088463.0,non_english
,2088728.0,non_english
,2088992.0,non_english
,2089235.0,non_english
,2089361.0,non_english
,2089466.0,non_english
,2089566.0,non_english
,2089655.0,non_english
,2090436.0,non_english
,2091096.0,non_english
,2091478.0,non_english
,2092136.0,non_english
,2092603.0,non_english
,2092862.0,non_english
,2093270.0,non_english
,2093388.0,non_english
,2093437.0,non_english
,2093657.0,non_english
,2093659.0,non_english
,2094577.0,non_english
,2094891.0,non_english
,2095386.0,non_english
,2095739.0,non_english
,2095781.0,non_english
,2095800.0,non_english
,2095878.0,non_english
,2096537.0,non_english
,2096594.0,non_english
,2098546.0,non_english
,2098881.0,non_english
,2098905.0,non_english
,2098958.0,non_english
,2099444.0,non_english
,2099626.0,non_english
,2099767.0,non_english
,2099903.0,non_english
,2100044.0,non_english
,2100097.0,non_english
,2100282.0,non_english
,2100555.0,non_english
,2101214.0,non_english
,2101636.0,non_english
,2101688.0,non_english
,2101895.0,non_english
,2101967.0,non_english
,2102250.0,non_english
,2102322.0,non_english
,2102351.0,non_english
,2103133.0,non_english
,2103150.0,non_english
,2103304.0,non_english
,2103413.0,non_english
,2104738.0,non_english
,2104773.0,non_english
,2104916.0,non_english
,2105043.0,non_english
,2105654.0,non_english
,2106099.0,non_english
,2106396.0,non_english
,2106705.0,non_english
,2106999.0,non_english
,2107135.0,non_english
,2107289.0,non_english
,2107417.0,non_english
,2107949.0,non_english
,2108061.0,non_english
,2108395.0,non_english
,2108429.0,non_english
,2108883.0,non_english
,2109021.0,non_english
,2109107.0,non_english
,2109473.0,non_english
,2109566.0,non_english
,2109979.0,non_english
,2110122.0,non_english
,2110323.0,non_english
,2110437.0,non_english
,2110472.0,non_english
,2110804.0,non_english
,2110843.0,non_english
,2110856.0,non_english
,2111443.0,non_english
,2112569.0,non_english
,2112901.0,non_english
,2113038.0,non_english
,2113212.0,non_english
,2113248.0,non_english
,2113522.0,non_english
,2113600.0,non_english
,2113743.0,non_english
,2114455.0,non_english
,2114860.0,non_english
,2115103.0,non_english
,2115121.0,non_english
,2115431.0,non_english
,2115592.0,non_english
,2115651.0,non_english
,2115708.0,non_english
,2117010.0,non_english
,2117989.0,non_english
,2118071.0,non_english
,2118595.0,non_english
,2118730.0,non_english
,2118873.0,non_english
,2118890.0,non_english
,2119147.0,non_english
,2119452.0,non_english
,2119684.0,non_english
,2120445.0,non_english
,2120506.0,non_english
,2120622.0,non_english
,2121373.0,non_english
,2121398.0,non_english
,2121587.0,non_english
,2121748.0,non_english
,2121823.0,non_english
,2121890.0,non_english
,2122006.0,non_english
,2122180.0,non_english
,2122209.0,non_english
,2122358.0,non_english
,2122450.0,non_english
,2122454.0,non_english
,2122837.0,non_english
,2122994.0,non_english
,2123693.0,non_english
,2123771.0,non_english
,2124079.0,non_english
,2124227.0,non_english
,2124286.0,non_english
,2124518.0,non_english
,2124654.0,non_english
,2124775.0,non_english
,2125047.0,non_english
,2125403.0,non_english
,2125578.0,non_english
,2125705.0,non_english
,2126470.0,non_english
,2126513.0,non_english
,2126527.0,non_english
,2126655.0,non_english
,2126982.0,non_english
,2126998.0,non_english
,2127000.0,non_english
,2127155.0,non_english
,2127214.0,non_english
,2127258.0,non_english
,2127271.0,non_english
,2127316.0,non_english
,2127743.0,non_english
,2127746.0,non_english
,2127844.0,non_english
,2127854.0,non_english
,2128600.0,non_english
,2128858.0,non_english
,2129073.0,non_english
,2129516.0,non_english
,2129546.0,non_english
,2129989.0,non_english
,2130507.0,non_english
,2130581.0,non_english
,2130597.0,non_english
,2131383.0,non_english
,2131454.0,non_english
,2131499.0,non_english
,2131871.0,non_english
,2131904.0,non_english
,2132537.0,non_english
,2132903.0,non_english
,2132927.0,non_english
,2132941.0,non_english
,2132998.0,non_english
,2133003.0,non_english
,2133363.0,non_english
,2133368.0,non_english
,2133372.0,non_english
,2133388.0,non_english
,2133416.0,non_english
,2133422.0,non_english
,2133437.0,non_english
,2133470.0,non_english
,2134000.0,non_english
,2134101.0,non_english
,2134880.0,non_english
,2135805.0,non_english
,2135898.0,non_english
,2136098.0,non_english
,2136245.0,non_english
,2136716.0,non_english
,2136810.0,non_english
,2137539.0,non_english
,2137565.0,non_english
,2138173.0,non_english
,2138223.0,non_english
,2138255.0,non_english
,2138292.0,non_english
,2138313.0,non_english
,2138540.0,non_english
,2138834.0,non_english
,2138929.0,non_english
,2139599.0,non_english
,2139856.0,non_english
,2140247.0,non_english
,2140336.0,non_english
,2140418.0,non_english
,2140476.0,non_english
,2140835.0,non_english
,2141702.0,non_english
,2141965.0,non_english
,2141967.0,non_english
,2142342.0,non_english
,2142572.0,non_english
,2142808.0,non_english
,2143126.0,non_english
,2143146.0,non_english
,2143614.0,non_english
,2144224.0,non_english
,2144246.0,non_english
,2145297.0,non_english
,2145699.0,non_english
,2146233.0,non_english
,2146541.0,non_english
,2146546.0,non_english
,2146676.0,non_english
,2146870.0,non_english
,2146970.0,non_english
,2147115.0,non_english
,2147442.0,non_english
,2147527.0,non_english
,2147561.0,non_english
,2147727.0,non_english
,2147731.0,non_english
,2148073.0,non_english
,2148215.0,non_english
,2148981.0,non_english
,2148986.0,non_english
,2149155.0,non_english
,2149378.0,non_english
,2149568.0,non_english
,2149686.0,non_english
,2149959.0,non_english
,2150008.0,non_english
,2150886.0,non_english
,2151081.0,non_english
,2151248.0,non_english
,2152062.0,non_english
,2152141.0,non_english
,2152166.0,non_english
,2152197.0,non_english
,2152295.0,non_english
,2152543.0,non_english
,2152570.0,non_english
,2152954.0,non_english
,2153100.0,non_english
,2153114.0,non_english
,2154249.0,non_english
,2154268.0,non_english
,2154394.0,non_english
,2154487.0,non_english
,2154612.0,non_english
,2154773.0,non_english
,2154881.0,non_english
,2154906.0,non_english
,2155281.0,non_english
,2155283.0,non_english
,2155376.0,non_english
,2155432.0,non_english
,2155836.0,non_english
,2156049.0,non_english
,2157805.0,non_english
,2158128.0,non_english
,2158559.0,non_english
,2158963.0,non_english
,2159565.0,non_english
,2160385.0,non_english
,2160426.0,non_english
,2160927.0,non_english
,2161007.0,non_english
,2161591.0,non_english
,2161883.0,non_english
,2162171.0,non_english
,2162207.0,non_english
,2162354.0,non_english
,2162425.0,non_english
,2162429.0,non_english
,2162481.0,non_english
,2162734.0,non_english
,2162887.0,non_english
,2163475.0,non_english
,2164533.0,non_english
,2164933.0,non_english
,2164968.0,non_english
,2165372.0,non_english
,2165373.0,non_english
,2165432.0,non_english
,2165900.0,non_english
,2166153.0,non_english
,2166250.0,non_english
,2166536.0,non_english
,2166889.0,non_english
,2167239.0,non_english
,2167258.0,non_english
,2167311.0,non_english
,2167485.0,non_english
,2167495.0,non_english
,2168628.0,non_english
,2168992.0,non_english
,2169800.0,non_english
,2170091.0,non_english
,2170093.0,non_english
,2170434.0,non_english
,2170513.0,non_english
,2170612.0,non_english
,2170621.0,non_english
,2170698.0,non_english
,2170701.0,non_english
,2170734.0,non_english
,2170804.0,non_english
,2170854.0,non_english
,2170890.0,non_english
,2170925.0,non_english
,2170928.0,non_english
,2170952.0,non_english
,2170955.0,non_english
,2170967.0,non_english
,2171000.0,non_english
,2171049.0,non_english
,2171208.0,non_english
,2171705.0,non_english
,2172526.0,non_english
,2172898.0,non_english
,2173032.0,non_english
,2173095.0,non_english
,2173641.0,non_english
,2173832.0,non_english
,2174203.0,non_english
,2174760.0,non_english
,2175826.0,non_english
,2175848.0,non_english
,2176386.0,non_english
,2176583.0,non_english
,2176919.0,non_english
,2176933.0,non_english
,2176962.0,non_english
,2176970.0,non_english
,2176978.0,non_english
,2177022.0,non_english
,2177587.0,non_english
,2178804.0,non_english
,2178868.0,non_english
,2179318.0,non_english
,2179776.0,non_english
,2179962.0,non_english
,2180013.0,non_english
,2180068.0,non_english
,2180358.0,non_english
,2180526.0,non_english
,2180888.0,non_english
,2180934.0,non_english
,2181311.0,non_english
,2182792.0,non_english
,2183582.0,non_english
,2183815.0,non_english
,2184011.0,non_english
,2184184.0,non_english
,2184185.0,non_english
,2184208.0,non_english
,2184254.0,non_english
,2185164.0,non_english
,2185524.0,non_english
,2185598.0,non_english
,2185730.0,non_english
,2186336.0,non_english
,2186426.0,non_english
,2186805.0,non_english
,2186816.0,non_english
,2186976.0,non_english
,2187153.0,non_english
,2187581.0,non_english
,2189349.0,non_english
,2189857.0,non_english
,2190365.0,non_english
,2191043.0,non_english
,2191060.0,non_english
,2191109.0,non_english
,2191294.0,non_english
,2191462.0,non_english
,2191463.0,non_english
,2191493.0,non_english
,2191553.0,non_english
,2191564.0,non_english
,2191577.0,non_english
,2192250.0,non_english
,2192909.0,non_english
,2193382.0,non_english
,2194204.0,non_english
,2194365.0,non_english
,2194461.0,non_english
,2194679.0,non_english
,2194729.0,non_english
,2194786.0,non_english
,2195134.0,non_english
,2196396.0,non_english
,2196422.0,non_english
,2196732.0,non_english
,2197971.0,non_english
,2198162.0,non_english
,2198603.0,non_english
,2199242.0,non_english
,2199416.0,non_english
,2199523.0,non_english
,2199899.0,non_english
,2200037.0,non_english
,2200042.0,non_english
,2200220.0,non_english
,2201178.0,non_english
,2201443.0,non_english
,2201581.0,non_english
,2201778.0,non_english
,2201833.0,non_english
,2201969.0,non_english
,2202294.0,non_english
,2202986.0,non_english
,2203414.0,non_english
,2203603.0,non_english
,2203617.0,non_english
,2203671.0,non_english
,2203686.0,non_english
,2203968.0,non_english
,2204279.0,non_english
,2204330.0,non_english
,2204679.0,non_english
,2205307.0,non_english
,2205341.0,non_english
,2205482.0,non_english
,2205763.0,non_english
,2205765.0,non_english
,2206033.0,non_english
,2206376.0,non_english
,2206615.0,non_english
,2206631.0,non_english
,2206655.0,non_english
,2206662.0,non_english
,2207701.0,non_english
,2208175.0,non_english
,2208539.0,non_english
,2208957.0,non_english
,2209242.0,non_english
,2209286.0,non_english
,2209532.0,non_english
,2209916.0,non_english
,2210413.0,non_english
,2210562.0,non_english
,2210616.0,non_english
,2210999.0,non_english
,2211653.0,non_english
,2212400.0,non_english
,2212960.0,non_english
,2213423.0,non_english
,2213823.0,non_english
,2213826.0,non_english
,2213999.0,non_english
,2214400.0,non_english
,2214438.0,non_english
,2215198.0,non_english
,2215344.0,non_english
,2215646.0,non_english
,2215680.0,non_english
,2215874.0,non_english
,2216184.0,non_english
,2216658.0,non_english
,2216692.0,non_english
,2216946.0,non_english
,2217119.0,non_english
,2217208.0,non_english
,2217766.0,non_english
,2217873.0,non_english
,2217923.0,non_english
,2217942.0,non_english
,2217987.0,non_english
,2218000.0,non_english
,2218470.0,non_english
,2218889.0,non_english
,2218913.0,non_english
,2218998.0,non_english
,2219497.0,non_english
,2219793.0,non_english
,2220163.0,non_english
,2220209.0,non_english
,2220373.0,non_english
,2220816.0,non_english
,2221255.0,non_english
,2221389.0,non_english
,2221738.0,non_english
,2221822.0,non_english
,2222705.0,non_english
,2222936.0,non_english
,2222957.0,non_english
,2223010.0,non_english
,2223869.0,non_english
,2224435.0,non_english
,2224651.0,non_english
,2224735.0,non_english
,2225137.0,non_english
,2225176.0,non_english
,2225637.0,non_english
,2225784.0,non_english
,2226185.0,non_english
,2226382.0,non_english
,2226544.0,non_english
,2227115.0,non_english
,2227143.0,non_english
,2227450.0,non_english
,2228619.0,non_english
,2229052.0,non_english
,2229815.0,non_english
,2229989.0,non_english
,2230115.0,non_english
,2230731.0,non_english
,2230974.0,non_english
,2231245.0,non_english
,2231414.0,non_english
,2231518.0,non_english
,2231869.0,non_english
,2233051.0,non_english
,2233070.0,non_english
,2233258.0,non_english
,2233703.0,non_english
,2234486.0,non_english
,2234791.0,non_english
,2234866.0,non_english
,2234981.0,non_english
,2235193.0,non_english
,2235279.0,non_english
,2235350.0,non_english
,2235396.0,non_english
,2235733.0,non_english
,2236019.0,non_english
,2236224.0,non_english
,2236393.0,non_english
,2236658.0,non_english
,2236676.0,non_english
,2236851.0,non_english
,2237445.0,non_english
,2237538.0,non_english
,2238094.0,non_english
,2238290.0,non_english
,2238630.0,non_english
,2239163.0,non_english
,2239921.0,non_english
,2240821.0,non_english
,2240840.0,non_english
,2241302.0,non_english
,2241338.0,non_english
,2241606.0,non_english
,2241912.0,non_english
,2242498.0,non_english
,2242505.0,non_english
,2242518.0,non_english
,2242907.0,non_english
,2243156.0,non_english
,2243400.0,non_english
,2244012.0,non_english
,2244422.0,non_english
,2244461.0,non_english
,2244632.0,non_english
,2244925.0,non_english
,2245070.0,non_english
,2245247.0,non_english
,2245283.0,non_english
,2246145.0,non_english
,2246573.0,non_english
,2246756.0,non_english
,2247309.0,non_english
,2247808.0,non_english
,2247878.0,non_english
,2247887.0,non_english
,2248465.0,non_english
,2248809.0,non_english
,2249059.0,non_english
,2249159.0,non_english
,2249822.0,non_english
,2250042.0,non_english
,2250130.0,non_english
,2250189.0,non_english
,2250298.0,non_english
,2250361.0,non_english
,2250632.0,non_english
,2250752.0,non_english
,2250769.0,non_english
,2250792.0,non_english
,2250809.0,non_english
,2251095.0,non_english
,2251264.0,non_english
,2251353.0,non_english
,2252175.0,non_english
,2252452.0,non_english
,2252455.0,non_english
,2253555.0,non_english
,2253603.0,non_english
,2253848.0,non_english
,2254200.0,non_english
,2254403.0,non_english
,2255065.0,non_english
,2255170.0,non_english
,2255378.0,non_english
,2256057.0,non_english
,2256317.0,non_english
,2256375.0,non_english
,2256479.0,non_english
,2256865.0,non_english
,2257899.0,non_english
,2258093.0,non_english
,2258468.0,non_english
,2258565.0,non_english
,2259405.0,non_english
,2259694.0,non_english
,2259800.0,non_english
,2260215.0,non_english
,2261542.0,non_english
,2261578.0,non_english
,2261636.0,non_english
,2261638.0,non_english
,2261742.0,non_english
,2261775.0,non_english
,2261806.0,non_english
,2262652.0,non_english
,2262716.0,non_english
,2262717.0,non_english
,2262750.0,non_english
,2262784.0,non_english
,2263314.0,non_english
,2263564.0,non_english
,2263964.0,non_english
,2264080.0,non_english
,2264487.0,non_english
,2264579.0,non_english
,2264580.0,non_english
,2264582.0,non_english
,2264622.0,non_english
,2264711.0,non_english
,2264775.0,non_english
,2264896.0,non_english
,2265431.0,non_english
,2265573.0,non_english
,2266018.0,non_english
,2266085.0,non_english
,2266514.0,non_english
,2266643.0,non_english
,2266703.0,non_english
,2267131.0,non_english
,2267280.0,non_english
,2267496.0,non_english
,2267601.0,non_english
,2267602.0,non_english
,2267899.0,non_english
,2268320.0,non_english
,2268494.0,non_english
,2269076.0,non_english
,2269131.0,non_english
,2269165.0,non_english
,2269245.0,non_english
,2269253.0,non_english
,2269257.0,non_english
,2269339.0,non_english
,2269595.0,non_english
,2269728.0,non_english
,2269801.0,non_english
,2269928.0,non_english
,2270148.0,non_english
,2270165.0,non_english
,2270236.0,non_english
,2270447.0,non_english
,2271008.0,non_english
,2271400.0,non_english
,2271555.0,non_english
,2272510.0,non_english
,2272605.0,non_english
,2272706.0,non_english
,2272721.0,non_english
,2272727.0,non_english
,2273363.0,non_english
,2273368.0,non_english
,2273561.0,non_english
,2273637.0,non_english
,2273677.0,non_english
,2273935.0,non_english
,2274057.0,non_english
,2274508.0,non_english
,2274537.0,non_english
,2274614.0,non_english
,2275464.0,non_english
,2276181.0,non_english
,2276321.0,non_english
,2276775.0,non_english
,2276941.0,non_english
,2277010.0,non_english
,2277107.0,non_english
,2277123.0,non_english
,2277366.0,non_english
,2277429.0,non_english
,2277568.0,non_english
,2278683.0,non_english
,2278833.0,non_english
,2279312.0,non_english
,2279927.0,non_english
,2280027.0,non_english
,2280371.0,non_english
,2280777.0,non_english
,2281087.0,non_english
,2281170.0,non_english
,2281410.0,non_english
,2281412.0,non_english
,2281471.0,non_english
,2281587.0,non_english
,2281588.0,non_english
,2281841.0,non_english
,2282373.0,non_english
,2282598.0,non_english
,2282849.0,non_english
,2283211.0,non_english
,2283266.0,non_english
,2283351.0,non_english
,2283587.0,non_english
,2283908.0,non_english
,2285147.0,non_english
,2285570.0,non_english
,2285929.0,non_english
,2287171.0,non_english
,2287347.0,non_english
,2287404.0,non_english
,2288354.0,non_english
,2288573.0,non_english
,2289325.0,non_english
,2289377.0,non_english
,2289385.0,non_english
,2289411.0,non_english
,2289930.0,non_english
,2290338.0,non_english
,2290534.0,non_english
,2290908.0,non_english
,2290962.0,non_english
,2291248.0,non_english
,2291406.0,non_english
,2291808.0,non_english
,2292200.0,non_english
,2292837.0,non_english
,2293104.0,non_english
,2293214.0,non_english
,2293326.0,non_english
,2293506.0,non_english
,2293675.0,non_english
,2294377.0,non_english
,2295711.0,non_english
,2295797.0,non_english
,2295829.0,non_english
,2295995.0,non_english
,2296012.0,non_english
,2296045.0,non_english
,2296548.0,non_english
,2296672.0,non_english
,2297555.0,non_english
,2297768.0,non_english
,2297809.0,non_english
,2298805.0,non_english
,2299299.0,non_english
,2299555.0,non_english
,2300138.0,non_english
,2300254.0,non_english
,2300574.0,non_english
,2300636.0,non_english
,2301068.0,non_english
,2301073.0,non_english
,2301727.0,non_english
,2302258.0,non_english
,2302700.0,non_english
,2302767.0,non_english
,2302987.0,non_english
,2302998.0,non_english
,2303460.0,non_english
,2303795.0,non_english
,2304443.0,non_english
,2305094.0,non_english
,2305729.0,non_english
,2305757.0,non_english
,2306283.0,non_english
,2306377.0,non_english
,2306475.0,non_english
,2306815.0,non_english
,2307147.0,non_english
,2307233.0,non_english
,2307450.0,non_english
,2307907.0,non_english
,2307959.0,non_english
,2308496.0,non_english
,2309480.0,non_english
,2309721.0,non_english
,2311958.0,non_english
,2312980.0,non_english
,2313021.0,non_english
,2313584.0,non_english
,2313998.0,non_english
,2314003.0,non_english
,2314098.0,non_english
,2314539.0,non_english
,2314693.0,non_english
,2314836.0,non_english
,2314958.0,non_english
,2315171.0,non_english
,2316038.0,non_english
,2316052.0,non_english
,2316093.0,non_english
,2316635.0,non_english
,2316922.0,non_english
,2317408.0,non_english
,2318048.0,non_english
,2318454.0,non_english
,2318570.0,non_english
,2318638.0,non_english
,2318677.0,non_english
,2318908.0,non_english
,2318971.0,non_english
,2318976.0,non_english
,2319369.0,non_english
,2319373.0,non_english
,2319480.0,non_english
,2319585.0,non_english
,2319754.0,non_english
,2320002.0,non_english
,2320581.0,non_english
,2320756.0,non_english
,2320766.0,non_english
,2320862.0,non_english
,2321005.0,non_english
,2321122.0,non_english
,2321188.0,non_english
,2321858.0,non_english
,2322486.0,non_english
,2322662.0,non_english
,2323095.0,non_english
,2323399.0,non_english
,2323614.0,non_english
,2323684.0,non_english
,2324269.0,non_english
,2324496.0,non_english
,2324747.0,non_english
,2324921.0,non_english
,2325046.0,non_english
,2325079.0,non_english
,2325166.0,non_english
,2325275.0,non_english
,2325441.0,non_english
,2325460.0,non_english
,2326243.0,non_english
,2326308.0,non_english
,2326425.0,non_english
,2327285.0,non_english
,2327400.0,non_english
,2327623.0,non_english
,2327726.0,non_english
,2328007.0,non_english
,2328284.0,non_english
,2328503.0,non_english
,2328701.0,non_english
,2328882.0,non_english
,2329194.0,non_english
,2329487.0,non_english
,2330175.0,non_english
,2330389.0,non_english
,2330616.0,non_english
,2330964.0,non_english
,2331402.0,non_english
,2331495.0,non_english
,2331561.0,non_english
,2331678.0,non_english
,2331684.0,non_english
,2331998.0,non_english
,2332012.0,non_english
,2332056.0,non_english
,2332720.0,non_english
,2332817.0,non_english
,2332880.0,non_english
,2332909.0,non_english
,2333304.0,non_english
,2333359.0,non_english
,2333458.0,non_english
,2333692.0,non_english
,2333786.0,non_english
,2333789.0,non_english
,2334117.0,non_english
,2334774.0,non_english
,2334823.0,non_english
,2335411.0,non_english
,2335499.0,non_english
,2335872.0,non_english
,2335977.0,non_english
,2336156.0,non_english
,2336254.0,non_english
,2336302.0,non_english
,2336457.0,non_english
,2336567.0,non_english
,2336907.0,non_english
,2337382.0,non_english
,2337425.0,non_english
,2337426.0,non_english
,2337515.0,non_english
,2337520.0,non_english
,2337930.0,non_english
,2338253.0,non_english
,2338640.0,non_english
,2338958.0,non_english
,2339296.0,non_english
,2340143.0,non_english
,2340185.0,non_english
,2340294.0,non_english
,2340592.0,non_english
,2340598.0,non_english
,2340727.0,non_english
,2341399.0,non_english
,2341427.0,non_english
,2341436.0,non_english
,2342037.0,non_english
,2342492.0,non_english
,2342769.0,non_english
,2343004.0,non_english
,2343071.0,non_english
,2343234.0,non_english
,2343274.0,non_english
,2343555.0,non_english
,2343710.0,non_english
,2343770.0,non_english
,2344153.0,non_english
,2344342.0,non_english
,2344355.0,non_english
,2344368.0,non_english
,2345300.0,non_english
,2346230.0,non_english
,2346547.0,non_english
,2346576.0,non_english
,2346594.0,non_english
,2347086.0,non_english
,2347385.0,non_english
,2347674.0,non_english
,2347790.0,non_english
,2347878.0,non_english
,2348749.0,non_english
,2348895.0,non_english
,2349928.0,non_english
,2350085.0,non_english
,2350230.0,non_english
,2350248.0,non_english
,2350491.0,non_english
,2350907.0,non_english
,2350964.0,non_english
,2351574.0,non_english
,2351588.0,non_english
,2351717.0,non_english
,2351947.0,non_english
,2351949.0,non_english
,2351954.0,non_english
,2352062.0,non_english
,2352079.0,non_english
,2352094.0,non_english
,2352110.0,non_english
,2352334.0,non_english
,2352394.0,non_english
,2352526.0,non_english
,2352684.0,non_english
,2352810.0,non_english
,2352960.0,non_english
,2353048.0,non_english
,2353212.0,non_english
,2353313.0,non_english
,2353613.0,non_english
,2353755.0,non_english
,2353830.0,non_english
,2354444.0,non_english
,2354738.0,non_english
,2354771.0,non_english
,2354838.0,non_english
,2355081.0,non_english
,2355512.0,non_english
,2355544.0,non_english
,2355840.0,non_english
,2356584.0,non_english
,2356815.0,non_english
,2357161.0,non_english
,2357162.0,non_english
,2357355.0,non_english
,2357814.0,non_english
,2357861.0,non_english
,2358082.0,non_english
,2358303.0,non_english
,2358313.0,non_english
,2358360.0,non_english
,2358373.0,non_english
,2358376.0,non_english
,2358455.0,non_english
,2358709.0,non_english
,2358939.0,non_english
,2358968.0,non_english
,2359336.0,non_english
,2360035.0,non_english
,2360183.0,non_english
,2360693.0,non_english
,2361357.0,non_english
,2361393.0,non_english
,2361482.0,non_english
,2362020.0,non_english
,2363867.0,non_english
,2364503.0,non_english
,2365504.0,non_english
,2365614.0,non_english
,2365782.0,non_english
,2366264.0,non_english
,2366490.0,non_english
,2366911.0,non_english
,2367305.0,non_english
,2367488.0,non_english
,2367553.0,non_english
,2367591.0,non_english
,2367654.0,non_english
,2368073.0,non_english
,2368323.0,non_english
,2368956.0,non_english
,2369172.0,non_english
,2369182.0,non_english
,2369834.0,non_english
,2369912.0,non_english
,2370171.0,non_english
,2370375.0,non_english
,2370459.0,non_english
,2370541.0,non_english
,2370790.0,non_english
,2371237.0,non_english
,2371461.0,non_english
,2371728.0,non_english
,2372252.0,non_english
,2372793.0,non_english
,2372894.0,non_english
,2373210.0,non_english
,2373395.0,non_english
,2373708.0,non_english
,2373750.0,non_english
,2373836.0,non_english
,2373950.0,non_english
,2374311.0,non_english
,2375496.0,non_english
,2375509.0,non_english
,2375524.0,non_english
,2375712.0,non_english
,2375828.0,non_english
,2375833.0,non_english
,2376495.0,non_english
,2376635.0,non_english
,2376860.0,non_english
,2377227.0,non_english
,2377275.0,non_english
,2377853.0,non_english
,2378730.0,non_english
,2378927.0,non_english
,2379920.0,non_english
,2380053.0,non_english
,2380082.0,non_english
,2381233.0,non_english
,2381326.0,non_english
,2381339.0,non_english
,2381381.0,non_english
,2381570.0,non_english
,2381581.0,non_english
,2381924.0,non_english
,2381936.0,non_english
,2382179.0,non_english
,2382230.0,non_english
,2382316.0,non_english
,2382330.0,non_english
,2382487.0,non_english
,2382616.0,non_english
,2382674.0,non_english
,2382792.0,non_english
,2382823.0,non_english
,2382950.0,non_english
,2383813.0,non_english
,2383893.0,non_english
,2383946.0,non_english
,2384419.0,non_english
,2384773.0,non_english
,2385526.0,non_english
,2385813.0,non_english
,2386097.0,non_english
,2386172.0,non_english
,2386315.0,non_english
,2387083.0,non_english
,2387235.0,non_english
,2387964.0,non_english
,2388565.0,non_english
,2388649.0,non_english
,2389481.0,non_english
,2389897.0,non_english
,2390204.0,non_english
,2390979.0,non_english
,2391146.0,non_english
,2391392.0,non_english
,2391423.0,non_english
,2391668.0,non_english
,2391806.0,non_english
,2391928.0,non_english
,2392479.0,non_english
,2392660.0,non_english
,2393206.0,non_english
,2394150.0,non_english
,2394539.0,non_english
,2395141.0,non_english
,2395167.0,non_english
,2395219.0,non_english
,2396062.0,non_english
,2396198.0,non_english
,2396328.0,non_english
,2396350.0,non_english
,2396689.0,non_english
,2396973.0,non_english
,2398147.0,non_english
,2398287.0,non_english
,2399218.0,non_english
,2399486.0,non_english
,2399636.0,non_english
,2399649.0,non_english
,2399650.0,non_english
,2400388.0,non_english
,2400562.0,non_english
,2401078.0,non_english
,2401516.0,non_english
,2401988.0,non_english
,2402163.0,non_english
,2402913.0,non_english
,2403064.0,non_english
,2403135.0,non_english
,2403321.0,non_english
,2403384.0,non_english
,2403448.0,non_english
,2403774.0,non_english
,2403892.0,non_english
,2403979.0,non_english
,2404362.0,non_english
,2404556.0,non_english
,2404830.0,non_english
,2405522.0,non_english
,2405535.0,non_english
,2405546.0,non_english
,2405674.0,non_english
,2405885.0,non_english
,2406205.0,non_english
,2406382.0,non_english
,2407017.0,non_english
,2407054.0,non_english
,2407743.0,non_english
,2408124.0,non_english
,2408351.0,non_english
,2408599.0,non_english
,2408603.0,non_english
,2409320.0,non_english
,2409510.0,non_english
,2409624.0,non_english
,2409842.0,non_english
,2412287.0,non_english
,2412629.0,non_english
,2412685.0,non_english
,2412997.0,non_english
,2413939.0,non_english
,2414367.0,non_english
,2414578.0,non_english
,2414985.0,non_english
,2415243.0,non_english
,2415302.0,non_english
,2415351.0,non_english
,2415654.0,non_english
,2415728.0,non_english
,2415867.0,non_english
,2417321.0,non_english
,2417398.0,non_english
,2418812.0,non_english
,2419099.0,non_english
,2419777.0,non_english
,2420123.0,non_english
,2420314.0,non_english
,2420357.0,non_english
,2420378.0,non_english
,2420691.0,non_english
,2421233.0,non_english
,2421241.0,non_english
,2421290.0,non_english
,2421291.0,non_english
,2422283.0,non_english
,2422333.0,non_english
,2422459.0,non_english
,2422850.0,non_english
,2423308.0,non_english
,2423503.0,non_english
,2423599.0,non_english
,2423664.0,non_english
,2424053.0,non_english
,2424206.0,non_english
,2424383.0,non_english
,2424539.0,non_english
,2424548.0,non_english
,2426139.0,non_english
,2426293.0,non_english
,2426414.0,non_english
,2426495.0,non_english
,2426526.0,non_english
,2427181.0,non_english
,2427948.0,non_english
,2428580.0,non_english
,2428584.0,non_english
,2429089.0,non_english
,2429241.0,non_english
,2429674.0,non_english
,2429749.0,non_english
,2430123.0,non_english
,2430566.0,non_english
,2430665.0,non_english
,2431121.0,non_english
,2431347.0,non_english
,2431597.0,non_english
,2431668.0,non_english
,2431695.0,non_english
,2431743.0,non_english
,2431831.0,non_english
,2431979.0,non_english
,2432530.0,non_english
,2432562.0,non_english
,2432761.0,non_english
,2432865.0,non_english
,2433579.0,non_english
,2433937.0,non_english
,2433976.0,non_english
,2434103.0,non_english
,2434520.0,non_english
,2434569.0,non_english
,2435499.0,non_english
,2435598.0,non_english
,2436261.0,non_english
,2436871.0,non_english
,2436973.0,non_english
,2437006.0,non_english
,2437854.0,non_english
,2438081.0,non_english
,2438427.0,non_english
,2438492.0,non_english
,2438921.0,non_english
,2438932.0,non_english
,2439276.0,non_english
,2439371.0,non_english
,2440136.0,non_english
,2441362.0,non_english
,2441872.0,non_english
,2442333.0,non_english
,2443673.0,non_english
,2444564.0,non_english
,2444671.0,non_english
,2444689.0,non_english
,2444945.0,non_english
,2445727.0,non_english
,2446227.0,non_english
,2446427.0,non_english
,2446643.0,non_english
,2446688.0,non_english
,2447143.0,non_english
,2447160.0,non_english
,2447392.0,non_english
,2447462.0,non_english
,2447782.0,non_english
,2447837.0,non_english
,2447945.0,non_english
,2448120.0,non_english
,2450090.0,non_english
,2450160.0,non_english
,2451212.0,non_english
,2452855.0,non_english
,2453000.0,non_english
,2453177.0,non_english
,2453773.0,non_english
,2454172.0,non_english
,2454422.0,non_english
,2455000.0,non_english
,2455126.0,non_english
,2455449.0,non_english
,2455478.0,non_english
,2456196.0,non_english
,2456217.0,non_english
,2456743.0,non_english
,2457086.0,non_english
,2457517.0,non_english
,2457527.0,non_english
,2457538.0,non_english
,2457624.0,non_english
,2457792.0,non_english
,2457968.0,non_english
,2457983.0,non_english
,2458034.0,non_english
,2458049.0,non_english
,2458401.0,non_english
,2458413.0,non_english
,2459029.0,non_english
,2459084.0,non_english
,2459347.0,non_english
,2459801.0,non_english
,2460009.0,non_english
,2460467.0,non_english
,2460740.0,non_english
,2461105.0,non_english
,2461262.0,non_english
,2461357.0,non_english
,2461446.0,non_english
,2462212.0,non_english
,2462410.0,non_english
,2462894.0,non_english
,2463017.0,non_english
,2463440.0,non_english
,2463488.0,non_english
,2464610.0,non_english
,2464979.0,non_english
,2465248.0,non_english
,2465319.0,non_english
,2465435.0,non_english
,2465647.0,non_english
,2465939.0,non_english
,2466172.0,non_english
,2467819.0,non_english
,2468853.0,non_english
,2468874.0,non_english
,2469444.0,non_english
,2469460.0,non_english
,2469670.0,non_english
,2469808.0,non_english
,2470808.0,non_english
,2471179.0,non_english
,2471640.0,non_english
,2472420.0,non_english
,2472421.0,non_english
,2473213.0,non_english
,2473327.0,non_english
,2473356.0,non_english
,2474065.0,non_english
,2474147.0,non_english
,2474937.0,non_english
,2475204.0,non_english
,2475903.0,non_english
,2476582.0,non_english
,2476613.0,non_english
,2476677.0,non_english
,2477030.0,non_english
,2477101.0,non_english
,2477305.0,non_english
,2477403.0,non_english
,2477797.0,non_english
,2477806.0,non_english
,2477813.0,non_english
,2477817.0,non_english
,2477818.0,non_english
,2477933.0,non_english
,2478181.0,non_english
,2478183.0,non_english
,2478404.0,non_english
,2478863.0,non_english
,2479284.0,non_english
,2479557.0,non_english
,2481017.0,non_english
,2481269.0,non_english
,2482105.0,non_english
,2482172.0,non_english
,2483184.0,non_english
,2483391.0,non_english
,2483528.0,non_english
,2483775.0,non_english
,2483849.0,non_english
,2484382.0,non_english
,2484399.0,non_english
,2486258.0,non_english
,2486632.0,non_english
,2487496.0,non_english
,2488577.0,non_english
,2489092.0,non_english
,2490259.0,non_english
,2490260.0,non_english
,2490560.0,non_english
,2491111.0,non_english
,2491878.0,non_english
,2491944.0,non_english
,2492585.0,non_english
,2492720.0,non_english
,2492842.0,non_english
,2492866.0,non_english
,2493335.0,non_english
,2493491.0,non_english
,2493524.0,non_english
,2493882.0,non_english
,2494535.0,non_english
,2494694.0,non_english
,2494721.0,non_english
,2495030.0,non_english
,2495143.0,non_english
,2496122.0,non_english
,2496151.0,non_english
,2496481.0,non_english
,2496999.0,non_english
,2497222.0,non_english
,2497759.0,non_english
,2497772.0,non_english
,2497876.0,non_english
,2497985.0,non_english
,2498139.0,non_english
,2498254.0,non_english
,2498318.0,non_english
,2498392.0,non_english
,2500695.0,non_english
,2501184.0,non_english
,2501930.0,non_english
,2501976.0,non_english
,2502410.0,non_english
,2502825.0,non_english
,2503265.0,non_english
,2503347.0,non_english
,2503722.0,non_english
,2503790.0,non_english
,2503919.0,non_english
,2504602.0,non_english
,2504619.0,non_english
,2506075.0,non_english
,2506162.0,non_english
,2506301.0,non_english
,2506768.0,non_english
,2506784.0,non_english
,2506866.0,non_english
,2506873.0,non_english
,2507135.0,non_english
,2507696.0,non_english
,2508145.0,non_english
,2508820.0,non_english
,2509199.0,non_english
,2510184.0,non_english
,2510211.0,non_english
,2510308.0,non_english
,2510674.0,non_english
,2510915.0,non_english
,2511090.0,non_english
,2511726.0,non_english
,2511757.0,non_english
,2512714.0,non_english
,2513581.0,non_english
,2514317.0,non_english
,2514854.0,non_english
,2515330.0,non_english
,2515738.0,non_english
,2515836.0,non_english
,2516000.0,non_english
,2516211.0,non_english
,2516463.0,non_english
,2516552.0,non_english
,2517263.0,non_english
,2517460.0,non_english
,2518371.0,non_english
,2518504.0,non_english
,2518508.0,non_english
,2518660.0,non_english
,2519199.0,non_english
,2521513.0,non_english
,2521526.0,non_english
,2521626.0,non_english
,2521653.0,non_english
,2521700.0,non_english
,2522086.0,non_english
,2522144.0,non_english
,2522571.0,non_english
,2522806.0,non_english
,2522939.0,non_english
,2523229.0,non_english
,2523260.0,non_english
,2523328.0,non_english
,2523360.0,non_english
,2523645.0,non_english
,2525044.0,non_english
,2525138.0,non_english
,2525319.0,non_english
,2525403.0,non_english
,2525468.0,non_english
,2525625.0,non_english
,2525635.0,non_english
,2526098.0,non_english
,2526181.0,non_english
,2527161.0,non_english
,2527665.0,non_english
,2527781.0,non_english
,2528305.0,non_english
,2528807.0,non_english
,2528913.0,non_english
,2529036.0,non_english
,2529134.0,non_english
,2529597.0,non_english
,2531376.0,non_english
,2531593.0,non_english
,2531716.0,non_english
,2531870.0,non_english
,2531905.0,non_english
,2531920.0,non_english
,2532323.0,non_english
,2532642.0,non_english
,2532644.0,non_english
,2534984.0,non_english
,2534996.0,non_english
,2535148.0,non_english
,2535167.0,non_english
,2535387.0,non_english
,2535481.0,non_english
,2535484.0,non_english
,2535536.0,non_english
,2535875.0,non_english
,2535963.0,non_english
,2536238.0,non_english
,2536583.0,non_english
,2537777.0,non_english
,2537906.0,non_english
,2538442.0,non_english
,2538672.0,non_english
,2539147.0,non_english
,2539451.0,non_english
,2539454.0,non_english
,2540358.0,non_english
,2540430.0,non_english
,2540814.0,non_english
,2541495.0,non_english
,2541988.0,non_english
,2542253.0,non_english
,2542553.0,non_english
,2543362.0,non_english
,2543427.0,non_english
,2543430.0,non_english
,2543601.0,non_english
,2544199.0,non_english
,2544268.0,non_english
,2544416.0,non_english
,2544808.0,non_english
,2544839.0,non_english
,2544862.0,non_english
,2544930.0,non_english
,2545152.0,non_english
,2545178.0,non_english
,2546081.0,non_english
,2546312.0,non_english
,2547157.0,non_english
,2548011.0,non_english
,2548183.0,non_english
,2548756.0,non_english
,2548917.0,non_english
,2549350.0,non_english
,2549889.0,non_english
,2550259.0,non_english
,2550887.0,non_english
,2551163.0,non_english
,2551586.0,non_english
,2552043.0,non_english
,2552430.0,non_english
,2552555.0,non_english
,2552760.0,non_english
,2552910.0,non_english
,2552911.0,non_english
,2554389.0,non_english
,2554945.0,non_english
,2555446.0,non_english
,2556789.0,non_english
,2556816.0,non_english
,2556981.0,non_english
,2557340.0,non_english
,2557375.0,non_english
,2557945.0,non_english
,2557950.0,non_english
,2558172.0,non_english
,2558262.0,non_english
,2559094.0,non_english
,2559398.0,non_english
,2559449.0,non_english
,2560193.0,non_english
,2560379.0,non_english
,2560513.0,non_english
,2560816.0,non_english
,2560820.0,non_english
,2561216.0,non_english
,2561472.0,non_english
,2561584.0,non_english
,2561688.0,non_english
,2562243.0,non_english
,2562374.0,non_english
,2562434.0,non_english
,2562545.0,non_english
,2562559.0,non_english
,2562569.0,non_english
,2562781.0,non_english
,2562799.0,non_english
,2562935.0,non_english
,2562952.0,non_english
,2563003.0,non_english
,2563027.0,non_english
,2563510.0,non_english
,2563610.0,non_english
,2563623.0,non_english
,2563678.0,non_english
,2564046.0,non_english
,2564268.0,non_english
,2564369.0,non_english
,2564376.0,non_english
,2564552.0,non_english
,2565535.0,non_english
,2566180.0,non_english
,2566194.0,non_english
,2566307.0,non_english
,2567078.0,non_english
,2567371.0,non_english
,2567438.0,non_english
,2568102.0,non_english
,2568200.0,non_english
,2568243.0,non_english
,2569209.0,non_english
,2569554.0,non_english
,2569715.0,non_english
,2569791.0,non_english
,2570051.0,non_english
,2570070.0,non_english
,2570424.0,non_english
,2571650.0,non_english
,2571664.0,non_english
,2572223.0,non_english
,2572286.0,non_english
,2572401.0,non_english
,2572610.0,non_english
,2573005.0,non_english
,2573416.0,non_english
,2573427.0,non_english
,2573470.0,non_english
,2573950.0,non_english
,2573951.0,non_english
,2574084.0,non_english
,2574520.0,non_english
,2574672.0,non_english
,2574991.0,non_english
,2576331.0,non_english
,2576905.0,non_english
,2577214.0,non_english
,2577572.0,non_english
,2577573.0,non_english
,2579142.0,non_english
,2579567.0,non_english
,2579615.0,non_english
,2581294.0,non_english
,2581775.0,non_english
,2581874.0,non_english
,2582541.0,non_english
,2583363.0,non_english
,2584706.0,non_english
,2584807.0,non_english
,2585047.0,non_english
,2585199.0,non_english
,2585360.0,non_english
,2585801.0,non_english
,2585820.0,non_english
,2585962.0,non_english
,2586014.0,non_english
,2587415.0,non_english
,2588451.0,non_english
,2588768.0,non_english
,2589124.0,non_english
,2589368.0,non_english
,2589613.0,non_english
,2589741.0,non_english
,2589764.0,non_english
,2590360.0,non_english
,2591018.0,non_english
,2591549.0,non_english
,2591637.0,non_english
,2591775.0,non_english
,2591946.0,non_english
,2592519.0,non_english
,2593173.0,non_english
,2593317.0,non_english
,2593635.0,non_english
,2593980.0,non_english
,2595450.0,non_english
,2595608.0,non_english
,2595873.0,non_english
,2595886.0,non_english
,2595889.0,non_english
,2596638.0,non_english
,2596846.0,non_english
,2597057.0,non_english
,2597993.0,non_english
,2598443.0,non_english
,2598462.0,non_english
,2598507.0,non_english
,2598657.0,non_english
,2598972.0,non_english
,2599428.0,non_english
,2599495.0,non_english
,2600147.0,non_english
,2600680.0,non_english
,2601227.0,non_english
,2601728.0,non_english
,2602167.0,non_english
,2602389.0,non_english
,2603195.0,non_english
,2603636.0,non_english
,2606119.0,non_english
,2607880.0,non_english
,2607895.0,non_english
,2608127.0,non_english
,2608571.0,non_english
,2609827.0,non_english
,2609960.0,non_english
,2610228.0,non_english
,2610952.0,non_english
,2611963.0,non_english
,2614557.0,non_english
,2614630.0,non_english
,2615156.0,non_english
,2615381.0,non_english
,2616164.0,non_english
,2616248.0,non_english
,2616277.0,non_english
,2616368.0,non_english
,2616371.0,non_english
,2616512.0,non_english
,2617396.0,non_english
,2617445.0,non_english
,2617538.0,non_english
,2617592.0,non_english
,2618754.0,non_english
,2618875.0,non_english
,2618893.0,non_english
,2618984.0,non_english
,2620065.0,non_english
,2620486.0,non_english
,2621127.0,non_english
,2621890.0,non_english
,2622201.0,non_english
,2623000.0,non_english
,2623760.0,non_english
,2625228.0,non_english
,2625393.0,non_english
,2625431.0,non_english
,2625667.0,non_english
,2625874.0,non_english
,2626753.0,non_english
,2626827.0,non_english
,2627613.0,non_english
,2628441.0,non_english
,2628516.0,non_english
,2628527.0,non_english
,2629708.0,non_english
,2629926.0,non_english
,2630003.0,non_english
,2630755.0,non_english
,2631154.0,non_english
,2631258.0,non_english
,2631966.0,non_english
,2632495.0,non_english
,2632586.0,non_english
,2632705.0,non_english
,2632831.0,non_english
,2633280.0,non_english
,2633966.0,non_english
,2633988.0,non_english
,2634327.0,non_english
,2634396.0,non_english
,2634419.0,non_english
,2634838.0,non_english
,2635044.0,non_english
,2635142.0,non_english
,2635993.0,non_english
,2636006.0,non_english
,2636405.0,non_english
,2637244.0,non_english
,2637342.0,non_english
,2637637.0,non_english
,2637898.0,non_english
,2638437.0,non_english
,2638718.0,non_english
,2638985.0,non_english
,2639324.0,non_english
,2640638.0,non_english
,2640655.0,non_english
,2641588.0,non_english
,2641643.0,non_english
,2641839.0,non_english
,2641915.0,non_english
,2641920.0,non_english
,2641947.0,non_english
,2642152.0,non_english
,2642911.0,non_english
,2643035.0,non_english
,2643317.0,non_english
,2643518.0,non_english
,2643785.0,non_english
,2643938.0,non_english
,2644236.0,non_english
,2644302.0,non_english
,2645372.0,non_english
,2646787.0,non_english
,2646899.0,non_english
,2647508.0,non_english
,2647863.0,non_english
,2647968.0,non_english
,2648585.0,non_english
,2648679.0,non_english
,2648698.0,non_english
,2648762.0,non_english
,2648889.0,non_english
,2649389.0,non_english
,2649470.0,non_english
,2650154.0,non_english
,2650468.0,non_english
,2650769.0,non_english
,2650776.0,non_english
,2650825.0,non_english
,2650829.0,non_english
,2650838.0,non_english
,2650892.0,non_english
,2650932.0,non_english
,2651154.0,non_english
,2651254.0,non_english
,2651704.0,non_english
,2651780.0,non_english
,2651799.0,non_english
,2652213.0,non_english
,2652384.0,non_english
,2652733.0,non_english
,2653369.0,non_english
,2653647.0,non_english
,2653683.0,non_english
,2654845.0,non_english
,2654884.0,non_english
,2655078.0,non_english
,2655104.0,non_english
,2655171.0,non_english
,2655178.0,non_english
,2655208.0,non_english
,2655320.0,non_english
,2655352.0,non_english
,2655360.0,non_english
,2655389.0,non_english
,2655497.0,non_english
,2655525.0,non_english
,2655585.0,non_english
,2655672.0,non_english
,2655933.0,non_english
,2656199.0,non_english
,2657239.0,non_english
,2657461.0,non_english
,2657662.0,non_english
,2658373.0,non_english
,2658613.0,non_english
,2658666.0,non_english
,2658918.0,non_english
,2659132.0,non_english
,2659627.0,non_english
,2660230.0,non_english
,2660410.0,non_english
,2661132.0,non_english
,2661517.0,non_english
,2661538.0,non_english
,2661657.0,non_english
,2661841.0,non_english
,2661857.0,non_english
,2661939.0,non_english
,2662068.0,non_english
,2662308.0,non_english
,2662788.0,non_english
,2662840.0,non_english
,2662987.0,non_english
,2663226.0,non_english
,2663312.0,non_english
,2663786.0,non_english
,2664152.0,non_english
,2664588.0,non_english
,2665146.0,non_english
,2665847.0,non_english
,2665889.0,non_english
,2665953.0,non_english
,2666045.0,non_english
,2666608.0,non_english
,2666610.0,non_english
,2666632.0,non_english
,2666639.0,non_english
,2666913.0,non_english
,2667579.0,non_english
,2667951.0,non_english
,2667958.0,non_english
,2668122.0,non_english
,2668162.0,non_english
,2668274.0,non_english
,2668392.0,non_english
,2669753.0,non_english
,2669984.0,non_english
,2670004.0,non_english
,2670113.0,non_english
,2670125.0,non_english
,2670130.0,non_english
,2670139.0,non_english
,2670201.0,non_english
,2670515.0,non_english
,2670638.0,non_english
,2670671.0,non_english
,2670999.0,non_english
,2671474.0,non_english
,2671912.0,non_english
,2672886.0,non_english
,2673061.0,non_english
,2673256.0,non_english
,2673485.0,non_english
,2673739.0,non_english
,2673945.0,non_english
,2674805.0,non_english
,2674970.0,non_english
,2675431.0,non_english
,2675432.0,non_english
,2675454.0,non_english
,2675565.0,non_english
,2676190.0,non_english
,2677311.0,non_english
,2677658.0,non_english
,2677763.0,non_english
,2678005.0,non_english
,2678438.0,non_english
,2678561.0,non_english
,2678653.0,non_english
,2680013.0,non_english
,2680050.0,non_english
,2681103.0,non_english
,2681271.0,non_english
,2681494.0,non_english
,2682164.0,non_english
,2682175.0,non_english
,2682334.0,non_english
,2683260.0,non_english
,2683995.0,non_english
,2685350.0,non_english
,2685493.0,non_english
,2685699.0,non_english
,2685761.0,non_english
,2686008.0,non_english
,2686033.0,non_english
,2686085.0,non_english
,2686158.0,non_english
,2686181.0,non_english
,2686411.0,non_english
,2686662.0,non_english
,2686802.0,non_english
,2687326.0,non_english
,2687949.0,non_english
,2688138.0,non_english
,2689176.0,non_english
,2689423.0,non_english
,2689914.0,non_english
,2689997.0,non_english
,2690221.0,non_english
,2690567.0,non_english
,2690681.0,non_english
,2691456.0,non_english
,2692049.0,non_english
,2692165.0,non_english
,2692919.0,non_english
,2693207.0,non_english
,2693386.0,non_english
,2693511.0,non_english
,2693544.0,non_english
,2694008.0,non_english
,2695115.0,non_english
,2695724.0,non_english
,2696001.0,non_english
,2696186.0,non_english
,2696461.0,non_english
,2697170.0,non_english
,2697441.0,non_english
,2698315.0,non_english
,2698668.0,non_english
,2698829.0,non_english
,2699521.0,non_english
,2700071.0,non_english
,2700202.0,non_english
,2700415.0,non_english
,2700667.0,non_english
,2701000.0,non_english
,2701087.0,non_english
,2701142.0,non_english
,2701228.0,non_english
,2701474.0,non_english
,2701861.0,non_english
,2701988.0,non_english
,2702766.0,non_english
,2703134.0,non_english
,2703137.0,non_english
,2703602.0,non_english
,2703724.0,non_english
,2703883.0,non_english
,2703977.0,non_english
,2704010.0,non_english
,2704587.0,non_english
,2705151.0,non_english
,2705721.0,non_english
,2705836.0,non_english
,2706066.0,non_english
,2706381.0,non_english
,2706803.0,non_english
,2706951.0,non_english
,2706990.0,non_english
,2707108.0,non_english
,2707560.0,non_english
,2707609.0,non_english
,2707854.0,non_english
,2707897.0,non_english
,2708641.0,non_english
,2708770.0,non_english
,2709043.0,non_english
,2709389.0,non_english
,2709551.0,non_english
,2709586.0,non_english
,2709959.0,non_english
,2710078.0,non_english
,2710114.0,non_english
,2710640.0,non_english
,2710966.0,non_english
,2711058.0,non_english
,2711259.0,non_english
,2711296.0,non_english
,2711299.0,non_english
,2711464.0,non_english
,2711803.0,non_english
,2712267.0,non_english
,2712750.0,non_english
,2712824.0,non_english
,2712993.0,non_english
,2713206.0,non_english
,2715274.0,non_english
,2715387.0,non_english
,2715554.0,non_english
,2716136.0,non_english
,2716395.0,non_english
,2716642.0,non_english
,2717941.0,non_english
,2718488.0,non_english
,2718617.0,non_english
,2719286.0,non_english
,2719896.0,non_english
,2719900.0,non_english
,2719904.0,non_english
,2719905.0,non_english
,2720629.0,non_english
,2720982.0,non_english
,2721429.0,non_english
,2722117.0,non_english
,2722322.0,non_english
,2723387.0,non_english
,2724462.0,non_english
,2724499.0,non_english
,2724642.0,non_english
,2725719.0,non_english
,2725835.0,non_english
,2726390.0,non_english
,2726805.0,non_english
,2727131.0,non_english
,2727293.0,non_english
,2727332.0,non_english
,2727605.0,non_english
,2728066.0,non_english
,2728247.0,non_english
,2728434.0,non_english
,2728518.0,non_english
,2728680.0,non_english
,2728852.0,non_english
,2729095.0,non_english
,2729191.0,non_english
,2729771.0,non_english
,2730539.0,non_english
,2730676.0,non_english
,2730770.0,non_english
,2730864.0,non_english
,2731171.0,non_english
,2731326.0,non_english
,2731484.0,non_english
,2731587.0,non_english
,2731700.0,non_english
,2732306.0,non_english
,2732511.0,non_english
,2733223.0,non_english
,2734848.0,non_english
,2735576.0,non_english
,2735799.0,non_english
,2735822.0,non_english
,2736043.0,non_english
,2736047.0,non_english
,2736069.0,non_english
,2736315.0,non_english
,2736640.0,non_english
,2736903.0,non_english
,2737025.0,non_english
,2737858.0,non_english
,2737895.0,non_english
,2737900.0,non_english
,2738034.0,non_english
,2738239.0,non_english
,2738433.0,non_english
,2738460.0,non_english
,2738870.0,non_english
,2739089.0,non_english
,2739103.0,non_english
,2739251.0,non_english
,2739480.0,non_english
,2739779.0,non_english
,2740075.0,non_english
,2740407.0,non_english
,2740827.0,non_english
,2740919.0,non_english
,2740922.0,non_english
,2741354.0,non_english
,2742442.0,non_english
,2742848.0,non_english
,2743278.0,non_english
,2743682.0,non_english
,2744149.0,non_english
,2744434.0,non_english
,2745023.0,non_english
,2745278.0,non_english
,2745813.0,non_english
,2745944.0,non_english
,2745957.0,non_english
,2745966.0,non_english
,2746246.0,non_english
,2746248.0,non_english
,2746748.0,non_english
,2747218.0,non_english
,2747475.0,non_english
,2747483.0,non_english
,2747794.0,non_english
,2747854.0,non_english
,2748501.0,non_english
,2749264.0,non_english
,2749761.0,non_english
,2750070.0,non_english
,2750071.0,non_english
,2750477.0,non_english
,2750595.0,non_english
,2750715.0,non_english
,2750903.0,non_english
,2751022.0,non_english
,2751282.0,non_english
,2751698.0,non_english
,2751934.0,non_english
,2752623.0,non_english
,2752643.0,non_english
,2753991.0,non_english
,2754244.0,non_english
,2754368.0,non_english
,2754573.0,non_english
,2755046.0,non_english
,2755086.0,non_english
,2755264.0,non_english
,2755450.0,non_english
,2757028.0,non_english
,2757429.0,non_english
,2757882.0,non_english
,2757984.0,non_english
,2758026.0,non_english
,2758250.0,non_english
,2759536.0,non_english
,2759852.0,non_english
,2760485.0,non_english
,2760704.0,non_english
,2760731.0,non_english
,2760742.0,non_english
,2761238.0,non_english
,2761396.0,non_english
,2761884.0,non_english
,2761948.0,non_english
,2762736.0,non_english
,2763010.0,non_english
,2763704.0,non_english
,2764567.0,non_english
,2764918.0,non_english
,2765375.0,non_english
,2765755.0,non_english
,2765786.0,non_english
,2765789.0,non_english
,2765799.0,non_english
,2766048.0,non_english
,2766058.0,non_english
,2766147.0,non_english
,2766544.0,non_english
,2766569.0,non_english
,2766653.0,non_english
,2766926.0,non_english
,2767675.0,non_english
,2768053.0,non_english
,2768056.0,non_english
,2768232.0,non_english
,2768257.0,non_english
,2768269.0,non_english
,2768425.0,non_english
,2768508.0,non_english
,2768537.0,non_english
,2769117.0,non_english
,2769154.0,non_english
,2769315.0,non_english
,2770095.0,non_english
,2770300.0,non_english
,2771109.0,non_english
,2771128.0,non_english
,2771515.0,non_english
,2771826.0,non_english
,2772297.0,non_english
,2772842.0,non_english
,2773290.0,non_english
,2773695.0,non_english
,2773957.0,non_english
,2774084.0,non_english
,2774599.0,non_english
,2774732.0,non_english
,2775352.0,non_english
,2775705.0,non_english
,2775917.0,non_english
,2775971.0,non_english
,2776294.0,non_english
,2776393.0,non_english
,2776625.0,non_english
,2776712.0,non_english
,2776913.0,non_english
,2777175.0,non_english
,2777450.0,non_english
,2777465.0,non_english
,2777792.0,non_english
,2777805.0,non_english
,2778172.0,non_english
,2778284.0,non_english
,2778303.0,non_english
,2778565.0,non_english
,2778566.0,non_english
,2779141.0,non_english
,2779234.0,non_english
,2779270.0,non_english
,2779519.0,non_english
,2779610.0,non_english
,2780026.0,non_english
,2780455.0,non_english
,2780670.0,non_english
,2780709.0,non_english
,2780914.0,non_english
,2781397.0,non_english
,2781425.0,non_english
,2781664.0,non_english
,2781736.0,non_english
,2781771.0,non_english
,2781963.0,non_english
,2782013.0,non_english
,2782669.0,non_english
,2783474.0,non_english
,2783563.0,non_english
,2784185.0,non_english
,2785121.0,non_english
,2785167.0,non_english
,2785303.0,non_english
,2785494.0,non_english
,2785571.0,non_english
,2785620.0,non_english
,2785997.0,non_english
,2786124.0,non_english
,2786388.0,non_english
,2786409.0,non_english
,2786468.0,non_english
,2786537.0,non_english
,2786679.0,non_english
,2786691.0,non_english
,2787312.0,non_english
,2787480.0,non_english
,2787787.0,non_english
,2787971.0,non_english
,2788476.0,non_english
,2788553.0,non_english
,2788794.0,non_english
,2790490.0,non_english
,2790542.0,non_english
,2790571.0,non_english
,2790640.0,non_english
,2791114.0,non_english
,2791129.0,non_english
,2791246.0,non_english
,2791559.0,non_english
,2792549.0,non_english
,2792556.0,non_english
,2792775.0,non_english
,2792872.0,non_english
,2793311.0,non_english
,2793516.0,non_english
,2793706.0,non_english
,2793975.0,non_english
,2794065.0,non_english
,2794304.0,non_english
,2794726.0,non_english
,2795645.0,non_english
,2795984.0,non_english
,2796191.0,non_english
,2796653.0,non_english
,2796969.0,non_english
,2797028.0,non_english
,2797245.0,non_english
,2797324.0,non_english
,2797821.0,non_english
,2797823.0,non_english
,2798139.0,non_english
,2798569.0,non_english
,2798719.0,non_english
,2798757.0,non_english
,2799127.0,non_english
,2799316.0,non_english
,2799489.0,non_english
,2799690.0,non_english
,2799713.0,non_english
,2799944.0,non_english
,2800076.0,non_english
,2800283.0,non_english
,2800316.0,non_english
,2800546.0,non_english
,2800679.0,non_english
,2800680.0,non_english
,2800709.0,non_english
,2800803.0,non_english
,2801408.0,non_english
,2801584.0,non_english
,2801597.0,non_english
,2801626.0,non_english
,2801946.0,non_english
,2801999.0,non_english
,2802007.0,non_english
,2802417.0,non_english
,2803085.0,non_english
,2803144.0,non_english
,2803214.0,non_english
,2803272.0,non_english
,2803275.0,non_english
,2803395.0,non_english
,2803510.0,non_english
,2803568.0,non_english
,2803582.0,non_english
,2803636.0,non_english
,2803840.0,non_english
,2803873.0,non_english
,2803877.0,non_english
,2804978.0,non_english
,2805368.0,non_english
,2805832.0,non_english
,2806017.0,non_english
,2806537.0,non_english
,2806543.0,non_english
,2806865.0,non_english
,2807196.0,non_english
,2807960.0,non_english
,2808367.0,non_english
,2808521.0,non_english
,2808713.0,non_english
,2808845.0,non_english
,2809087.0,non_english
,2809208.0,non_english
,2809243.0,non_english
,2809546.0,non_english
,2809646.0,non_english
,2809764.0,non_english
,2809778.0,non_english
,2810707.0,non_english
,2810797.0,non_english
,2810814.0,non_english
,2810841.0,non_english
,2811115.0,non_english
,2811223.0,non_english
,2811232.0,non_english
,2811434.0,non_english
,2812184.0,non_english
,2812788.0,non_english
,2813039.0,non_english
,2813695.0,non_english
,2813816.0,non_english
,2814071.0,non_english
,2815092.0,non_english
,2815683.0,non_english
,2816292.0,non_english
,2816318.0,non_english
,2816324.0,non_english
,2816427.0,non_english
,2816496.0,non_english
,2817794.0,non_english
,2818134.0,non_english
,2818677.0,non_english
,2819573.0,non_english
,2819619.0,non_english
,2819772.0,non_english
,2820144.0,non_english
,2820588.0,non_english
,2820611.0,non_english
,2820655.0,non_english
,2820664.0,non_english
,2820824.0,non_english
,2821005.0,non_english
,2821183.0,non_english
,2821232.0,non_english
,2822363.0,non_english
,2822861.0,non_english
,2823338.0,non_english
,2823477.0,non_english
,2824729.0,non_english
,2825034.0,non_english
,2825351.0,non_english
,2825962.0,non_english
,2826242.0,non_english
,2827342.0,non_english
,2827428.0,non_english
,2827942.0,non_english
,2828796.0,non_english
,2829009.0,non_english
,2829234.0,non_english
,2829451.0,non_english
,2829532.0,non_english
,2829834.0,non_english
,2829944.0,non_english
,2829949.0,non_english
,2830049.0,non_english
,2830108.0,non_english
,2830350.0,non_english
,2830575.0,non_english
,2831345.0,non_english
,2831726.0,non_english
,2831803.0,non_english
,2832527.0,non_english
,2832580.0,non_english
,2832613.0,non_english
,2833444.0,non_english
,2834106.0,non_english
,2834844.0,non_english
,2834931.0,non_english
,2835511.0,non_english
,2835812.0,non_english
,2836684.0,non_english
,2837060.0,non_english
,2837177.0,non_english
,2837232.0,non_english
,2837240.0,non_english
,2837984.0,non_english
,2838510.0,non_english
,2838826.0,non_english
,2839311.0,non_english
,2840229.0,non_english
,2840230.0,non_english
,2840602.0,non_english
,2841101.0,non_english
,2842355.0,non_english
,2842984.0,non_english
,2842995.0,non_english
,2843465.0,non_english
,2843493.0,non_english
,2845153.0,non_english
,2845797.0,non_english
,2845832.0,non_english
,2846090.0,non_english
,2846365.0,non_english
,2846383.0,non_english
,2846813.0,non_english
,2846860.0,non_english
,2847131.0,non_english
,2847487.0,non_english
,2847818.0,non_english
,2847940.0,non_english
,2848264.0,non_english
,2848481.0,non_english
,2848969.0,non_english
,2849725.0,non_english
,2849881.0,non_english
,2850432.0,non_english
,2850439.0,non_english
,2850638.0,non_english
,2850698.0,non_english
,2851045.0,non_english
,2851126.0,non_english
,2851827.0,non_english
,2851980.0,non_english
,2853086.0,non_english
,2853400.0,non_english
,2853612.0,non_english
,2853803.0,non_english
,2853938.0,non_english
,2853946.0,non_english
,2853950.0,non_english
,2853985.0,non_english
,2854018.0,non_english
,2854067.0,non_english
,2854373.0,non_english
,2854534.0,non_english
,2854835.0,non_english
,2855306.0,non_english
,2855322.0,non_english
,2855627.0,non_english
,2855691.0,non_english
,2855791.0,non_english
,2856089.0,non_english
,2856090.0,non_english
,2857307.0,non_english
,2859043.0,non_english
,2859378.0,non_english
,2859430.0,non_english
,2859548.0,non_english
,2859557.0,non_english
,2859559.0,non_english
,2859851.0,non_english
,2860187.0,non_english
,2860210.0,non_english
,2860312.0,non_english
,2860748.0,non_english
,2860988.0,non_english
,2861031.0,non_english
,2861308.0,non_english
,2861598.0,non_english
,2861975.0,non_english
,2862081.0,non_english
,2862086.0,non_english
,2862520.0,non_english
,2863074.0,non_english
,2863378.0,non_english
,2863769.0,non_english
,2864736.0,non_english
,2865562.0,non_english
,2866304.0,non_english
,2866482.0,non_english
,2866684.0,non_english
,2867112.0,non_english
,2867171.0,non_english
,2867513.0,non_english
,2867524.0,non_english
,2867850.0,non_english
,2868409.0,non_english
,2868984.0,non_english
,2869113.0,non_english
,2869305.0,non_english
,2869595.0,non_english
,2869799.0,non_english
,2870003.0,non_english
,2870411.0,non_english
,2870658.0,non_english
,2870719.0,non_english
,2870857.0,non_english
,2870860.0,non_english
,2871137.0,non_english
,2871549.0,non_english
,2871884.0,non_english
,2872010.0,non_english
,2872053.0,non_english
,2872284.0,non_english
,2872585.0,non_english
,2872887.0,non_english
,2873319.0,non_english
,2873501.0,non_english
,2874174.0,non_english
,2874318.0,non_english
,2874838.0,non_english
,2874858.0,non_english
,2874939.0,non_english
,2875062.0,non_english
,2875107.0,non_english
,2875288.0,non_english
,2875580.0,non_english
,2876183.0,non_english
,2877220.0,non_english
,2878098.0,non_english
,2878530.0,non_english
,2878568.0,non_english
,2879372.0,non_english
,2879375.0,non_english
,2879608.0,non_english
,2879976.0,non_english
,2880211.0,non_english
,2880420.0,non_english
,2880556.0,non_english
,2880596.0,non_english
,2880751.0,non_english
,2880753.0,non_english
,2880857.0,non_english
,2881081.0,non_english
,2881131.0,non_english
,2881561.0,non_english
,2881610.0,non_english
,2881912.0,non_english
,2882159.0,non_english
,2882509.0,non_english
,2882705.0,non_english
,2882765.0,non_english
,2882988.0,non_english
,2883012.0,non_english
,2883172.0,non_english
,2884764.0,non_english
,2885104.0,non_english
,2885149.0,non_english
,2885250.0,non_english
,2885352.0,non_english
,2885416.0,non_english
,2885982.0,non_english
,2886025.0,non_english
,2886149.0,non_english
,2886170.0,non_english
,2886526.0,non_english
,2886685.0,non_english
,2887015.0,non_english
,2887177.0,non_english
,2887276.0,non_english
,2887412.0,non_english
,2887503.0,non_english
,2887655.0,non_english
,2888135.0,non_english
,2888359.0,non_english
,2888438.0,non_english
,2888538.0,non_english
,2888601.0,non_english
,2888714.0,non_english
,2888839.0,non_english
,2889981.0,non_english
,2890010.0,non_english
,2890044.0,non_english
,2890079.0,non_english
,2890202.0,non_english
,2890353.0,non_english
,2890380.0,non_english
,2890567.0,non_english
,2890779.0,non_english
,2891064.0,non_english
,2891145.0,non_english
,2891146.0,non_english
,2891247.0,non_english
,2891656.0,non_english
,2891928.0,non_english
,2892116.0,non_english
,2892432.0,non_english
,2892636.0,non_english
,2892792.0,non_english
,2892976.0,non_english
,2893026.0,non_english
,2893467.0,non_english
,2893676.0,non_english
,2894173.0,non_english
,2895338.0,non_english
,2895438.0,non_english
,2895453.0,non_english
,2895506.0,non_english
,2895692.0,non_english
,2895748.0,non_english
,2896108.0,non_english
,2896318.0,non_english
,2896934.0,non_english
,2897478.0,non_english
,2897665.0,non_english
,2897723.0,non_english
,2898026.0,non_english
,2898099.0,non_english
,2898495.0,non_english
,2898767.0,non_english
,2898791.0,non_english
,2898997.0,non_english
,2899666.0,non_english
,2899712.0,non_english
,2899948.0,non_english
,2900104.0,non_english
,2900828.0,non_english
,2900935.0,non_english
,2900990.0,non_english
,2901141.0,non_english
,2901163.0,non_english
,2901190.0,non_english
,2901267.0,non_english
,2901921.0,non_english
,2901939.0,non_english
,2902053.0,non_english
,2902199.0,non_english
,2902323.0,non_english
,2902392.0,non_english
,2902654.0,non_english
,2902795.0,non_english
,2903016.0,non_english
,2903161.0,non_english
,2903176.0,non_english
,2903326.0,non_english
,2903380.0,non_english
,2904452.0,non_english
,2904457.0,non_english
,2904642.0,non_english
,2904909.0,non_english
,2904951.0,non_english
,2905135.0,non_english
,2905328.0,non_english
,2906018.0,non_english
,2906063.0,non_english
,2906799.0,non_english
,2907265.0,non_english
,2907399.0,non_english
,2907995.0,non_english
,2908489.0,non_english
,2908663.0,non_english
,2908871.0,non_english
,2908899.0,non_english
,2908940.0,non_english
,2909031.0,non_english
,2909095.0,non_english
,2909286.0,non_english
,2909402.0,non_english
,2909612.0,non_english
,2910172.0,non_english
,2910864.0,non_english
,2910937.0,non_english
,2911057.0,non_english
,2911141.0,non_english
,2911182.0,non_english
,2911191.0,non_english
,2911637.0,non_english
,2911678.0,non_english
,2911800.0,non_english
,2912537.0,non_english
,2912559.0,non_english
,2912653.0,non_english
,2913457.0,non_english
,2913597.0,non_english
,2913696.0,non_english
,2914719.0,non_english
,2914771.0,non_english
,2914866.0,non_english
,2914901.0,non_english
,2914952.0,non_english
,2915035.0,non_english
,2915425.0,non_english
,2915469.0,non_english
,2916549.0,non_english
,2917248.0,non_english
,2917370.0,non_english
,2917413.0,non_english
,2918037.0,non_english
,2918879.0,non_english
,2919427.0,non_english
,2919591.0,non_english
,2920128.0,non_english
,2920358.0,non_english
,2921262.0,non_english
,2922106.0,non_english
,2923087.0,non_english
,2923664.0,non_english
,2923924.0,non_english
,2924475.0,non_english
,2925146.0,non_english
,2925153.0,non_english
,2925175.0,non_english
,2925478.0,non_english
,2925755.0,non_english
,2926033.0,non_english
,2926133.0,non_english
,2926796.0,non_english
,2926838.0,non_english
,2927347.0,non_english
,2927808.0,non_english
,2928134.0,non_english
,2928216.0,non_english
,2928782.0,non_english
,2928863.0,non_english
,2928877.0,non_english
,2929557.0,non_english
,2929743.0,non_english
,2929970.0,non_english
,2930000.0,non_english
,2930019.0,non_english
,2930030.0,non_english
,2930064.0,non_english
,2930755.0,non_english
,2930773.0,non_english
,2931544.0,non_english
,2931549.0,non_english
,2931602.0,non_english
,2932462.0,non_english
,2932572.0,non_english
,2932726.0,non_english
,2933001.0,non_english
,2933461.0,non_english
,2933806.0,non_english
,2934043.0,non_english
,2934049.0,non_english
,2934123.0,non_english
,2934132.0,non_english
,2934274.0,non_english
,2934586.0,non_english
,2935006.0,non_english
,2935487.0,non_english
,2936191.0,non_english
,2936199.0,non_english
,2937015.0,non_english
,2937046.0,non_english
,2937477.0,non_english
,2937696.0,non_english
,2938805.0,non_english
,2939507.0,non_english
,2939624.0,non_english
,2940188.0,non_english
,2940860.0,non_english
,2940934.0,non_english
,2941608.0,non_english
,2941699.0,non_english
,2942295.0,non_english
,2942306.0,non_english
,2942524.0,non_english
,2942766.0,non_english
,2942864.0,non_english
,2943222.0,non_english
,2943717.0,non_english
,2943839.0,non_english
,2944012.0,non_english
,2944039.0,non_english
,2944307.0,non_english
,2944320.0,non_english
,2944556.0,non_english
,2944580.0,non_english
,2945218.0,non_english
,2945295.0,non_english
,2945412.0,non_english
,2945657.0,non_english
,2946321.0,non_english
,2946399.0,non_english
,2946564.0,non_english
,2946620.0,non_english
,2946670.0,non_english
,2946893.0,non_english
,2946974.0,non_english
,2949107.0,non_english
,2949336.0,non_english
,2949337.0,non_english
,2949463.0,non_english
,2949466.0,non_english
,2949747.0,non_english
,2950396.0,non_english
,2950472.0,non_english
,2950714.0,non_english
,2951361.0,non_english
,2951664.0,non_english
,2952471.0,non_english
,2952967.0,non_english
,2953010.0,non_english
,2953115.0,non_english
,2954091.0,non_english
,2954118.0,non_english
,2954219.0,non_english
,2954232.0,non_english
,2954458.0,non_english
,2954922.0,non_english
,2955800.0,non_english
,2955881.0,non_english
,2956238.0,non_english
,2956680.0,non_english
,2956742.0,non_english
,2957340.0,non_english
,2958187.0,non_english
,2958189.0,non_english
,2958222.0,non_english
,2958694.0,non_english
,2958768.0,non_english
,2959326.0,non_english
,2959716.0,non_english
,2959823.0,non_english
,2960146.0,non_english
,2960529.0,non_english
,2960627.0,non_english
,2960727.0,non_english
,2960871.0,non_english
,2960874.0,non_english
,2961699.0,non_english
,2961887.0,non_english
,2963218.0,non_english
,2963845.0,non_english
,2964226.0,non_english
,2964367.0,non_english
,2964424.0,non_english
,2964544.0,non_english
,2964724.0,non_english
,2964775.0,non_english
,2964838.0,non_english
,2965268.0,non_english
,2965463.0,non_english
,2965718.0,non_english
,2965832.0,non_english
,2966043.0,non_english
,2966521.0,non_english
,2966613.0,non_english
,2966678.0,non_english
,2966794.0,non_english
,2966930.0,non_english
,2967259.0,non_english
,2967486.0,non_english
,2967537.0,non_english
,2967700.0,non_english
,2967793.0,non_english
,2967953.0,non_english
,2968180.0,non_english
,2968183.0,non_english
,2968522.0,non_english
,2968853.0,non_english
,2968911.0,non_english
,2969000.0,non_english
,2969052.0,non_english
,2969200.0,non_english
,2969893.0,non_english
,2969896.0,non_english
,2970290.0,non_english
,2970726.0,non_english
,2970729.0,non_english
,2971356.0,non_english
,2971402.0,non_english
,2971583.0,non_english
,2971705.0,non_english
,2971750.0,non_english
,2972245.0,non_english
,2972381.0,non_english
,2972805.0,non_english
,2974101.0,non_english
,2974164.0,non_english
,2974382.0,non_english
,2974383.0,non_english
,2974400.0,non_english
,2974439.0,non_english
,2974806.0,non_english
,2974866.0,non_english
,2974898.0,non_english
,2975058.0,non_english
,2975116.0,non_english
,2975505.0,non_english
,2976086.0,non_english
,2976143.0,non_english
,2976882.0,non_english
,2977100.0,non_english
,2977189.0,non_english
,2977620.0,non_english
,2977727.0,non_english
,2977748.0,non_english
,2977912.0,non_english
,2977977.0,non_english
,2978065.0,non_english
,2978481.0,non_english
,2978807.0,non_english
,2978837.0,non_english
,2978958.0,non_english
,2979111.0,non_english
,2979772.0,non_english
,2980761.0,non_english
,2981107.0,non_english
,2981474.0,non_english
,2981829.0,non_english
,2981842.0,non_english
,2981863.0,non_english
,2981873.0,non_english
,2982065.0,non_english
,2982101.0,non_english
,2982253.0,non_english
,2982284.0,non_english
,2982303.0,non_english
,2982320.0,non_english
,2982354.0,non_english
,2982422.0,non_english
,2982691.0,non_english
,2983380.0,non_english
,2983947.0,non_english
,2984315.0,non_english
,2984721.0,non_english
,2984852.0,non_english
,2984894.0,non_english
,2985084.0,non_english
,2985499.0,non_english
,2985764.0,non_english
,2986889.0,non_english
,2986895.0,non_english
,2987399.0,non_english
,2987465.0,non_english
,2987481.0,non_english
,2987579.0,non_english
,2987617.0,non_english
,2987620.0,non_english
,2987703.0,non_english
,2987755.0,non_english
,2988083.0,non_english
,2988309.0,non_english
,2988668.0,non_english
,2988990.0,non_english
,2989173.0,non_english
,2989337.0,non_english
,2989575.0,non_english
,2990120.0,non_english
,2990184.0,non_english
,2990811.0,non_english
,2990812.0,non_english
,2990972.0,non_english
,2991173.0,non_english
,2991332.0,non_english
,2991390.0,non_english
,2991570.0,non_english
,2991755.0,non_english
,2992062.0,non_english
,2992326.0,non_english
,2992847.0,non_english
,2992923.0,non_english
,2993170.0,non_english
,2993260.0,non_english
,2993412.0,non_english
,2993978.0,non_english
,2994968.0,non_english
,2995200.0,non_english
,2995792.0,non_english
,2996692.0,non_english
,2996853.0,non_english
,2996961.0,non_english
,2997117.0,non_english
,2997236.0,non_english
,2997398.0,non_english
,2997588.0,non_english
,2997641.0,non_english
,2999154.0,non_english
,2999199.0,non_english
,2999209.0,non_english
,3000003.0,non_english
,3000044.0,non_english
,3000073.0,non_english
,3000074.0,non_english
,3002107.0,non_english
,3002110.0,non_english
,3002111.0,non_english
,3002392.0,non_english
,3002963.0,non_english
,3003362.0,non_english
,3003604.0,non_english
,3003797.0,non_english
,3003809.0,non_english
,3003887.0,non_english
,3004030.0,non_english
,3004773.0,non_english
,3004873.0,non_english
,3006133.0,non_english
,3006144.0,non_english
,3006563.0,non_english
,3007180.0,non_english
,3007490.0,non_english
,3008885.0,non_english
,3008997.0,non_english
,3010166.0,non_english
,3010468.0,non_english
,3010470.0,non_english
,3010881.0,non_english
,3010941.0,non_english
,3011241.0,non_english
,3011384.0,non_english
,3011769.0,non_english
,3012363.0,non_english
,3012421.0,non_english
,3014434.0,non_english
,3014463.0,non_english
,3015030.0,non_english
,3015192.0,non_english
,3015537.0,non_english
,3015893.0,non_english
,3016635.0,non_english
,3016805.0,non_english
,3017404.0,non_english
,3017612.0,non_english
,3017730.0,non_english
,3018193.0,non_english
,3018195.0,non_english
,3018263.0,non_english
,3018627.0,non_english
,3018641.0,non_english
,3019139.0,non_english
,3019163.0,non_english
,3019182.0,non_english
,3019505.0,non_english
,3019645.0,non_english
,3019966.0,non_english
,3020016.0,non_english
,3020045.0,non_english
,3020517.0,non_english
,3020568.0,non_english
,3021019.0,non_english
,3021710.0,non_english
,3021983.0,non_english
,3022516.0,non_english
,3022878.0,non_english
,3023094.0,non_english
,3023115.0,non_english
,3023201.0,non_english
,3023245.0,non_english
,3024238.0,non_english
,3024980.0,non_english
,3025639.0,non_english
,3025809.0,non_english
,3025830.0,non_english
,3025890.0,non_english
,3025979.0,non_english
,3026174.0,non_english
,3026234.0,non_english
,3027486.0,non_english
,3027522.0,non_english
,3027900.0,non_english
,3028025.0,non_english
,3028776.0,non_english
,3029240.0,non_english
,3029370.0,non_english
,3029398.0,non_english
,3029500.0,non_english
,3029833.0,non_english
,3029984.0,non_english
,3031563.0,non_english
,3032189.0,non_english
,3033468.0,non_english
,3034467.0,non_english
,3035379.0,non_english
,3035743.0,non_english
,3036434.0,non_english
,3036591.0,non_english
,3036655.0,non_english
,3036727.0,non_english
,3036731.0,non_english
,3037185.0,non_english
,3037725.0,non_english
,3037741.0,non_english
,3037785.0,non_english
,3038323.0,non_english
,3038377.0,non_english
,3038589.0,non_english
,3038784.0,non_english
,3039086.0,non_english
,3039203.0,non_english
,3039573.0,non_english
,3039806.0,non_english
,3041929.0,non_english
,3042565.0,non_english
,3042812.0,non_english
,3043563.0,non_english
,3043569.0,non_english
,3044033.0,non_english
,3044281.0,non_english
,3044365.0,non_english
,3044495.0,non_english
,3044552.0,non_english
,3044587.0,non_english
,3044801.0,non_english
,3045011.0,non_english
,3045015.0,non_english
,3045553.0,non_english
,3046572.0,non_english
,3046605.0,non_english
,3046742.0,non_english
,3046836.0,non_english
,3047224.0,non_english
,3047309.0,non_english
,3047441.0,non_english
,3048209.0,non_english
,3048346.0,non_english
,3048420.0,non_english
,3048679.0,non_english
,3048803.0,non_english
,3050582.0,non_english
,3050950.0,non_english
,3050977.0,non_english
,3051059.0,non_english
,3051513.0,non_english
,3051768.0,non_english
,3051888.0,non_english
,3053464.0,non_english
,3053884.0,non_english
,3054001.0,non_english
,3054204.0,non_english
,3054250.0,non_english
,3054400.0,non_english
,3054517.0,non_english
,3054648.0,non_english
,3055323.0,non_english
,3055936.0,non_english
,3056064.0,non_english
,3057979.0,non_english
,3058279.0,non_english
,3058368.0,non_english
,3058538.0,non_english
,3059180.0,non_english
,3059309.0,non_english
,3060142.0,non_english
,3060295.0,non_english
,3060488.0,non_english
,3060750.0,non_english
,3060752.0,non_english
,3060926.0,non_english
,3061389.0,non_english
,3061850.0,non_english
,3061879.0,non_english
,3062130.0,non_english
,3062131.0,non_english
,3062141.0,non_english
,3062356.0,non_english
,3062667.0,non_english
,3065006.0,non_english
,3065082.0,non_english
,3065204.0,non_english
,3065775.0,non_english
,3065827.0,non_english
,3065999.0,non_english
,3066029.0,non_english
,3066197.0,non_english
,3066492.0,non_english
,3067075.0,non_english
,3067694.0,non_english
,3067714.0,non_english
,3068338.0,non_english
,3068518.0,non_english
,3068572.0,non_english
,3068574.0,non_english
,3068890.0,non_english
,3069308.0,non_english
,3069349.0,non_english
,3069623.0,non_english
,3069771.0,non_english
,3070136.0,non_english
,3070642.0,non_english
,3070680.0,non_english
,3070686.0,non_english
,3071428.0,non_english
,3071461.0,non_english
,3072021.0,non_english
,3072168.0,non_english
,3072178.0,non_english
,3072277.0,non_english
,3072752.0,non_english
,3073500.0,non_english
,3073551.0,non_english
,3073655.0,non_english
,3073713.0,non_english
,3074011.0,non_english
,3074589.0,non_english
,3074843.0,non_english
,3075137.0,non_english
,3075963.0,non_english
,3076847.0,non_english
,3076901.0,non_english
,3076994.0,non_english
,3076996.0,non_english
,3078037.0,non_english
,3078120.0,non_english
,3078404.0,non_english
,3078742.0,non_english
,3079117.0,non_english
,3079132.0,non_english
,3080075.0,non_english
,3080386.0,non_english
,3080918.0,non_english
,3081107.0,non_english
,3081572.0,non_english
,3083331.0,non_english
,3083604.0,non_english
,3083782.0,non_english
,3084260.0,non_english
,3084415.0,non_english
,3084908.0,non_english
,3085581.0,non_english
,3085821.0,non_english
,3086576.0,non_english
,3086875.0,non_english
,3086943.0,non_english
,3086981.0,non_english
,3087122.0,non_english
,3087275.0,non_english
,3087344.0,non_english
,3087567.0,non_english
,3087682.0,non_english
,3087958.0,non_english
,3088164.0,non_english
,3088167.0,non_english
,3088782.0,non_english
,3088800.0,non_english
,3089079.0,non_english
,3089598.0,non_english
,3089777.0,non_english
,3090244.0,non_english
,3090264.0,non_english
,3090758.0,non_english
,3090962.0,non_english
,3091154.0,non_english
,3091320.0,non_english
,3091769.0,non_english
,3092003.0,non_english
,3092040.0,non_english
,3092054.0,non_english
,3092969.0,non_english
,3092970.0,non_english
,3092972.0,non_english
,3092983.0,non_english
,3093152.0,non_english
,3093370.0,non_english
,3093444.0,non_english
,3093452.0,non_english
,3093699.0,non_english
,3094028.0,non_english
,3094031.0,non_english
,3094429.0,non_english
,3094986.0,non_english
,3095258.0,non_english
,3095609.0,non_english
,3095905.0,non_english
,3095906.0,non_english
,3095926.0,non_english
,3095961.0,non_english
,3096053.0,non_english
,3096190.0,non_english
,3096232.0,non_english
,3096270.0,non_english
,3096387.0,non_english
,3096424.0,non_english
,3096488.0,non_english
,3096501.0,non_english
,3096598.0,non_english
,3096742.0,non_english
,3097101.0,non_english
,3098161.0,non_english
,3098439.0,non_english
,3098875.0,non_english
,3098941.0,non_english
,3099933.0,non_english
,3099947.0,non_english
,3100251.0,non_english
,3100378.0,non_english
,3100583.0,non_english
,3100870.0,non_english
,3101168.0,non_english
,3101382.0,non_english
,3102220.0,non_english
,3102516.0,non_english
,3102634.0,non_english
,3102650.0,non_english
,3102660.0,non_english
,3102703.0,non_english
,3102727.0,non_english
,3102789.0,non_english
,3102825.0,non_english
,3102990.0,non_english
,3102998.0,non_english
,3103066.0,non_english
,3103093.0,non_english
,3103117.0,non_english
,3103144.0,non_english
,3103467.0,non_english
,3103609.0,non_english
,3104073.0,non_english
,3104422.0,non_english
,3104618.0,non_english
,3104620.0,non_english
,3105089.0,non_english
,3106155.0,non_english
,3106477.0,non_english
,3106514.0,non_english
,3108558.0,non_english
,3108838.0,non_english
,3108864.0,non_english
,3108962.0,non_english
,3109093.0,non_english
,3109539.0,non_english
,3109541.0,non_english
,3109672.0,non_english
,3109870.0,non_english
,3110206.0,non_english
,3110709.0,non_english
,3110837.0,non_english
,3110984.0,non_english
,3110995.0,non_english
,3111075.0,non_english
,3111420.0,non_english
,3111516.0,non_english
,3111697.0,non_english
,3111873.0,non_english
,3111910.0,non_english
,3112378.0,non_english
,3112526.0,non_english
,3112717.0,non_english
,3113137.0,non_english
,3113143.0,non_english
,3113395.0,non_english
,3114136.0,non_english
,3114336.0,non_english
,3114829.0,non_english
,3115130.0,non_english
,3115277.0,non_english
,3115455.0,non_english
,3115557.0,non_english
,3115586.0,non_english
,3117158.0,non_english
,3117462.0,non_english
,3117553.0,non_english
,3117765.0,non_english
,3118255.0,non_english
,3119408.0,non_english
,3119948.0,non_english
,3120179.0,non_english
,3120446.0,non_english
,3120604.0,non_english
,3121347.0,non_english
,3121879.0,non_english
,3121930.0,non_english
,3123047.0,non_english
,3123343.0,non_english
,3123421.0,non_english
,3123487.0,non_english
,3123489.0,non_english
,3123595.0,non_english
,3123636.0,non_english
,3123726.0,non_english
,3123857.0,non_english
,3123874.0,non_english
,3124176.0,non_english
,3124291.0,non_english
,3124589.0,non_english
,3124687.0,non_english
,3124953.0,non_english
,3125122.0,non_english
,3125177.0,non_english
,3125700.0,non_english
,3126340.0,non_english
,3126777.0,non_english
,3127511.0,non_english
,3127583.0,non_english
,3127624.0,non_english
,3127669.0,non_english
,3127672.0,non_english
,3127679.0,non_english
,3128103.0,non_english
,3128151.0,non_english
,3128650.0,non_english
,3129113.0,non_english
,3129466.0,non_english
,3130470.0,non_english
,3131361.0,non_english
,3131575.0,non_english
,3132041.0,non_english
,3132223.0,non_english
,3132445.0,non_english
,3132656.0,non_english
,3133178.0,non_english
,3133453.0,non_english
,3133748.0,non_english
,3134088.0,non_english
,3134312.0,non_english
,3134379.0,non_english
,3134638.0,non_english
,3134776.0,non_english
,3135830.0,non_english
,3135917.0,non_english
,3136842.0,non_english
,3137350.0,non_english
,3137559.0,non_english
,3137817.0,non_english
,3137858.0,non_english
,3137859.0,non_english
,3138328.0,non_english
,3138525.0,non_english
,3138607.0,non_english
,3138672.0,non_english
,3139100.0,non_english
,3139458.0,non_english
,3139694.0,non_english
,3139753.0,non_english
,3139789.0,non_english
,3139917.0,non_english
,3140005.0,non_english
,3140038.0,non_english
,3140342.0,non_english
,3140841.0,non_english
,3140930.0,non_english
,3141044.0,non_english
,3141142.0,non_english
,3141638.0,non_english
,3141704.0,non_english
,3143188.0,non_english
,3143228.0,non_english
,3143497.0,non_english
,3143539.0,non_english
,3143566.0,non_english
,3143670.0,non_english
,3143695.0,non_english
,3143729.0,non_english
,3143747.0,non_english
,3143955.0,non_english
,3144080.0,non_english
,3144132.0,non_english
,3144222.0,non_english
,3144982.0,non_english
,3145587.0,non_english
,3146456.0,non_english
,3146523.0,non_english
,3146816.0,non_english
,3146869.0,non_english
,3147063.0,non_english
,3147123.0,non_english
,3147647.0,non_english
,3148387.0,non_english
,3149326.0,non_english
,3149659.0,non_english
,3149890.0,non_english
,3150113.0,non_english
,3150222.0,non_english
,3150481.0,non_english
,3150526.0,non_english
,3150904.0,non_english
,3150994.0,non_english
,3151078.0,non_english
,3151164.0,non_english
,3151205.0,non_english
,3151434.0,non_english
,3151631.0,non_english
,3151890.0,non_english
,3151911.0,non_english
,3152313.0,non_english
,3153012.0,non_english
,3153328.0,non_english
,3153431.0,non_english
,3153516.0,non_english
,3153553.0,non_english
,3153616.0,non_english
,3153831.0,non_english
,3154100.0,non_english
,3154273.0,non_english
,3154686.0,non_english
,3155480.0,non_english
,3155879.0,non_english
,3156404.0,non_english
,3156933.0,non_english
,3156992.0,non_english
,3157432.0,non_english
,3158094.0,non_english
,3158982.0,non_english
,3159005.0,non_english
,3159019.0,non_english
,3159211.0,non_english
,3159810.0,non_english
,3160223.0,non_english
,3160654.0,non_english
,3160950.0,non_english
,3161457.0,non_english
,3162394.0,non_english
,3162766.0,non_english
,3163030.0,non_english
,3163323.0,non_english
,3163395.0,non_english
,3163884.0,non_english
,3164558.0,non_english
,3164634.0,non_english
,3165027.0,non_english
,3166850.0,non_english
,3167150.0,non_english
,3167160.0,non_english
,3167188.0,non_english
,3167224.0,non_english
,3167975.0,non_english
,3168130.0,non_english
,3168628.0,non_english
,3168976.0,non_english
,3169296.0,non_english
,3169378.0,non_english
,3169399.0,non_english
,3169583.0,non_english
,3169873.0,non_english
,3170326.0,non_english
,3170599.0,non_english
,3170699.0,non_english
,3171009.0,non_english
,3171193.0,non_english
,3171231.0,non_english
,3171271.0,non_english
,3171386.0,non_english
,3171580.0,non_english
,3171823.0,non_english
,3172026.0,non_english
,3172211.0,non_english
,3172217.0,non_english
,3172232.0,non_english
,3172235.0,non_english
,3172344.0,non_english
,3172387.0,non_english
,3172423.0,non_english
,3172473.0,non_english
,3172581.0,non_english
,3172679.0,non_english
,3172733.0,non_english
,3172749.0,non_english
,3172885.0,non_english
,3173149.0,non_english
,3173386.0,non_english
,3173602.0,non_english
,3173942.0,non_english
,3174120.0,non_english
,3174822.0,non_english
,3175142.0,non_english
,3175219.0,non_english
,3175387.0,non_english
,3176669.0,non_english
,3176740.0,non_english
,3176843.0,non_english
,3177811.0,non_english
,3178011.0,non_english
,3179105.0,non_english
,3180252.0,non_english
,3180314.0,non_english
,3180493.0,non_english
,3180595.0,non_english
,3180663.0,non_english
,3181199.0,non_english
,3181424.0,non_english
,3181437.0,non_english
,3182219.0,non_english
,3182714.0,non_english
,3182924.0,non_english
,3183385.0,non_english
,3183913.0,non_english
,3184646.0,non_english
,3184819.0,non_english
,3184824.0,non_english
,3185154.0,non_english
,3185435.0,non_english
,3186921.0,non_english
,3187286.0,non_english
,3187294.0,non_english
,3187392.0,non_english
,3187911.0,non_english
,3188206.0,non_english
,3188244.0,non_english
,3188673.0,non_english
,3188961.0,non_english
,3189839.0,non_english
,3189892.0,non_english
,3190005.0,non_english
,3190101.0,non_english
,3190213.0,non_english
,3190328.0,non_english
,3190501.0,non_english
,3190970.0,non_english
,3191015.0,non_english
,3191075.0,non_english
,3191280.0,non_english
,3191349.0,non_english
,3191491.0,non_english
,3191597.0,non_english
,3191913.0,non_english
,3192011.0,non_english
,3192037.0,non_english
,3192176.0,non_english
,3192353.0,non_english
,3192484.0,non_english
,3192492.0,non_english
,3193331.0,non_english
,3193479.0,non_english
,3194918.0,non_english
,3195054.0,non_english
,3195106.0,non_english
,3195134.0,non_english
,3195237.0,non_english
,3195401.0,non_english
,3195499.0,non_english
,3195525.0,non_english
,3195531.0,non_english
,3195654.0,non_english
,3196302.0,non_english
,3196398.0,non_english
,3196511.0,non_english
,3196598.0,non_english
,3198874.0,non_english
,3198937.0,non_english
,3199043.0,non_english
,3199125.0,non_english
,3200600.0,non_english
,3200648.0,non_english
,3200722.0,non_english
,3201228.0,non_english
,3201245.0,non_english
,3201911.0,non_english
,3202838.0,non_english
,3203028.0,non_english
,3203473.0,non_english
,3203774.0,non_english
,3203964.0,non_english
,3204327.0,non_english
,3204487.0,non_english
,3204870.0,non_english
,3204877.0,non_english
,3205217.0,non_english
,3205353.0,non_english
,3205993.0,non_english
,3206206.0,non_english
,3206901.0,non_english
,3206922.0,non_english
,3207423.0,non_english
,3207647.0,non_english
,3207940.0,non_english
,3208091.0,non_english
,3208284.0,non_english
,3208301.0,non_english
,3209155.0,non_english
,3209500.0,non_english
,3209519.0,non_english
,3209540.0,non_english
,3209745.0,non_english
,3209783.0,non_english
,3209822.0,non_english
,3210259.0,non_english
,3211666.0,non_english
,3211774.0,non_english
,3211871.0,non_english
,3211954.0,non_english
,3212258.0,non_english
,3212615.0,non_english
,3212822.0,non_english
,3213429.0,non_english
,3213431.0,non_english
,3214288.0,non_english
,3214866.0,non_english
,3214982.0,non_english
,3215229.0,non_english
,3216282.0,non_english
,3216333.0,non_english
,3216507.0,non_english
,3216698.0,non_english
,3216747.0,non_english
,3216964.0,non_english
,3217317.0,non_english
,3217579.0,non_english
,3217787.0,non_english
,3218239.0,non_english
,3218269.0,non_english
,3218789.0,non_english
,3219072.0,non_english
,3219364.0,non_english
,3220124.0,non_english
,3220263.0,non_english
,3220363.0,non_english
,3220367.0,non_english
,3221158.0,non_english
,3221207.0,non_english
,3222176.0,non_english
,3222250.0,non_english
,3222723.0,non_english
,3223025.0,non_english
,3223064.0,non_english
,3223073.0,non_english
,3223197.0,non_english
,3223708.0,non_english
,3223906.0,non_english
,3224117.0,non_english
,3224271.0,non_english
,3224453.0,non_english
,3224589.0,non_english
,3224689.0,non_english
,3225661.0,non_english
,3225707.0,non_english
,3225815.0,non_english
,3225831.0,non_english
,3226079.0,non_english
,3226141.0,non_english
,3226445.0,non_english
,3226549.0,non_english
,3226753.0,non_english
,3226758.0,non_english
,3226830.0,non_english
,3227459.0,non_english
,3227758.0,non_english
,3227871.0,non_english
,3227963.0,non_english
,3228655.0,non_english
,3228783.0,non_english
,3228961.0,non_english
,3229013.0,non_english
,3229726.0,non_english
,3230014.0,non_english
,3230159.0,non_english
,3230273.0,non_english
,3230292.0,non_english
,3230293.0,non_english
,3230496.0,non_english
,3230787.0,non_english
,3230994.0,non_english
,3231490.0,non_english
,3231523.0,non_english
,3231587.0,non_english
,3231597.0,non_english
,3231727.0,non_english
,3231768.0,non_english
,3232071.0,non_english
,3232191.0,non_english
,3232195.0,non_english
,3232447.0,non_english
,3232631.0,non_english
,3233323.0,non_english
,3233428.0,non_english
,3233531.0,non_english
,3233738.0,non_english
,3233817.0,non_english
,3234169.0,non_english
,3235484.0,non_english
,3235502.0,non_english
,3236198.0,non_english
,3236328.0,non_english
,3236460.0,non_english
,3236787.0,non_english
,3236796.0,non_english
,3237596.0,non_english
,3237863.0,non_english
,3238533.0,non_english
,3238691.0,non_english
,3238784.0,non_english
,3238837.0,non_english
,3239041.0,non_english
,3239325.0,non_english
,3240226.0,non_english
,3240936.0,non_english
,3241249.0,non_english
,3242030.0,non_english
,3242140.0,non_english
,3242152.0,non_english
,3242779.0,non_english
,3242799.0,non_english
,3244020.0,non_english
,3244936.0,non_english
,3245887.0,non_english
,3246151.0,non_english
,3246184.0,non_english
,3246226.0,non_english
,3246369.0,non_english
,3246819.0,non_english
,3246881.0,non_english
,3247012.0,non_english
,3247271.0,non_english
,3247654.0,non_english
,3247784.0,non_english
,3247795.0,non_english
,3248230.0,non_english
,3248238.0,non_english
,3248242.0,non_english
,3248330.0,non_english
,3248520.0,non_english
,3249218.0,non_english
,3249238.0,non_english
,3249302.0,non_english
,3249453.0,non_english
,3249810.0,non_english
,3249991.0,non_english
,3250405.0,non_english
,3250773.0,non_english
,3250980.0,non_english
,3251025.0,non_english
,3251147.0,non_english
,3251457.0,non_english
,3251466.0,non_english
,3251791.0,non_english
,3251958.0,non_english
,3252037.0,non_english
,3252132.0,non_english
,3252168.0,non_english
,3252197.0,non_english
,3252357.0,non_english
,3252823.0,non_english
,3252824.0,non_english
,3252897.0,non_english
,3252996.0,non_english
,3253281.0,non_english
,3253440.0,non_english
,3253682.0,non_english
,3253716.0,non_english
,3253859.0,non_english
,3253924.0,non_english
,3254024.0,non_english
,3254054.0,non_english
,3254111.0,non_english
,3254371.0,non_english
,3254461.0,non_english
,3254474.0,non_english
,3254536.0,non_english
,3254610.0,non_english
,3254828.0,non_english
,3255245.0,non_english
,3255289.0,non_english
,3255723.0,non_english
,3255747.0,non_english
,3256185.0,non_english
,3256504.0,non_english
,3256623.0,non_english
,3257277.0,non_english
,3257558.0,non_english
,3257867.0,non_english
,3258182.0,non_english
,3258198.0,non_english
,3258230.0,non_english
,3258247.0,non_english
,3258315.0,non_english
,3258468.0,non_english
,3258774.0,non_english
,3258789.0,non_english
,3258986.0,non_english
,3259257.0,non_english
,3259644.0,non_english
,3260597.0,non_english
,3260867.0,non_english
,3261110.0,non_english
,3261149.0,non_english
,3261562.0,non_english
,3261809.0,non_english
,3262294.0,non_english
,3262358.0,non_english
,3262444.0,non_english
,3262483.0,non_english
,3262498.0,non_english
,3262657.0,non_english
,3262795.0,non_english
,3263157.0,non_english
,3263228.0,non_english
,3263356.0,non_english
,3263697.0,non_english
,3264081.0,non_english
,3264579.0,non_english
,3264908.0,non_english
,3264919.0,non_english
,3265487.0,non_english
,3265497.0,non_english
,3265537.0,non_english
,3266730.0,non_english
,3266841.0,non_english
,3266932.0,non_english
,3266950.0,non_english
,3266951.0,non_english
,3267221.0,non_english
,3267468.0,non_english
,3267478.0,non_english
,3267787.0,non_english
,3268300.0,non_english
,3268467.0,non_english
,3268540.0,non_english
,3269214.0,non_english
,3269256.0,non_english
,3269499.0,non_english
,3269508.0,non_english
,3269614.0,non_english
,3270219.0,non_english
,3270471.0,non_english
,3270696.0,non_english
,3270705.0,non_english
,3271100.0,non_english
,3271415.0,non_english
,3271534.0,non_english
,3271634.0,non_english
,3271709.0,non_english
,3271812.0,non_english
,3271813.0,non_english
,3271917.0,non_english
,3272054.0,non_english
,3272442.0,non_english
,3272951.0,non_english
,3273196.0,non_english
,3273406.0,non_english
,3273788.0,non_english
,3273811.0,non_english
,3273975.0,non_english
,3274683.0,non_english
,3275432.0,non_english
,3275838.0,non_english
,3276018.0,non_english
,3276019.0,non_english
,3276108.0,non_english
,3276281.0,non_english
,3276647.0,non_english
,3276993.0,non_english
,3277105.0,non_english
,3277237.0,non_english
,3277591.0,non_english
,3277603.0,non_english
,3277713.0,non_english
,3278180.0,non_english
,3278447.0,non_english
,3278474.0,non_english
,3278679.0,non_english
,3279228.0,non_english
,3279234.0,non_english
,3279377.0,non_english
,3279488.0,non_english
,3279489.0,non_english
,3279576.0,non_english
,3279698.0,non_english
,3280214.0,non_english
,3281066.0,non_english
,3281286.0,non_english
,3281746.0,non_english
,3282084.0,non_english
,3282201.0,non_english
,3282424.0,non_english
,3282919.0,non_english
,3283007.0,non_english
,3283627.0,non_english
,3283843.0,non_english
,3283845.0,non_english
,3283953.0,non_english
,3284226.0,non_english
,3284338.0,non_english
,3284627.0,non_english
,3284879.0,non_english
,3284972.0,non_english
,3285349.0,non_english
,3285568.0,non_english
,3287101.0,non_english
,3287104.0,non_english
,3287397.0,non_english
,3287534.0,non_english
,3287550.0,non_english
,3287682.0,non_english
,3287697.0,non_english
,3288022.0,non_english
,3288074.0,non_english
,3288300.0,non_english
,3288550.0,non_english
,3288643.0,non_english
,3289106.0,non_english
,3289164.0,non_english
,3289322.0,non_english
,3289362.0,non_english
,3289623.0,non_english
,3289645.0,non_english
,3289897.0,non_english
,3290262.0,non_english
,3290267.0,non_english
,3290294.0,non_english
,3290921.0,non_english
,3291184.0,non_english
,3291433.0,non_english
,3291696.0,non_english
,3291879.0,non_english
,3291978.0,non_english
,3292300.0,non_english
,3292741.0,non_english
,3293035.0,non_english
,3293181.0,non_english
,3293294.0,non_english
,3293451.0,non_english
,3293923.0,non_english
,3294195.0,non_english
,3294242.0,non_english
,3294310.0,non_english
,3294525.0,non_english
,3294615.0,non_english
,3294855.0,non_english
,3294966.0,non_english
,3295391.0,non_english
,3295790.0,non_english
,3295919.0,non_english
,3296355.0,non_english
,3296774.0,non_english
,3297743.0,non_english
,3297795.0,non_english
,3298024.0,non_english
,3299354.0,non_english
,3299686.0,non_english
,3300155.0,non_english
,3300157.0,non_english
,3300275.0,non_english
,3300292.0,non_english
,3300326.0,non_english
,3300335.0,non_english
,3300507.0,non_english
,3300568.0,non_english
,3300597.0,non_english
,3300601.0,non_english
,3300618.0,non_english
,3300629.0,non_english
,3301632.0,non_english
,3301634.0,non_english
,3301787.0,non_english
,3302000.0,non_english
,3302203.0,non_english
,3302286.0,non_english
,3302363.0,non_english
,3302529.0,non_english
,3302599.0,non_english
,3302859.0,non_english
,3303888.0,non_english
,3303970.0,non_english
,3304305.0,non_english
,3304584.0,non_english
,3305421.0,non_english
,3305523.0,non_english
,3306825.0,non_english
,3306989.0,non_english
,3307013.0,non_english
,3308434.0,non_english
,3308556.0,non_english
,3308618.0,non_english
,3308657.0,non_english
,3308873.0,non_english
,3309161.0,non_english
,3309218.0,non_english
,3309882.0,non_english
,3309890.0,non_english
,3309930.0,non_english
,3310176.0,non_english
,3310352.0,non_english
,3310400.0,non_english
,3310472.0,non_english
,3310573.0,non_english
,3310644.0,non_english
,3310778.0,non_english
,3310887.0,non_english
,3310951.0,non_english
,3311200.0,non_english
,3311201.0,non_english
,3311246.0,non_english
,3311548.0,non_english
,3311807.0,non_english
,3311885.0,non_english
,3311896.0,non_english
,3312340.0,non_english
,3312753.0,non_english
,3312825.0,non_english
,3313120.0,non_english
,3313186.0,non_english
,3313414.0,non_english
,3313500.0,non_english
,3313623.0,non_english
,3314583.0,non_english
,3314717.0,non_english
,3314752.0,non_english
,3315102.0,non_english
,3315159.0,non_english
,3315178.0,non_english
,3315230.0,non_english
,3315252.0,non_english
,3315288.0,non_english
,3315291.0,non_english
,3315832.0,non_english
,3316742.0,non_english
,3316913.0,non_english
,3317038.0,non_english
,3317235.0,non_english
,3317888.0,non_english
,3317974.0,non_english
,3318084.0,non_english
,3318132.0,non_english
,3318147.0,non_english
,3318208.0,non_english
,3318862.0,non_english
,3318867.0,non_english
,3319458.0,non_english
,3319490.0,non_english
,3319849.0,non_english
,3319915.0,non_english
,3320285.0,non_english
,3320379.0,non_english
,3320405.0,non_english
,3320951.0,non_english
,3320966.0,non_english
,3322465.0,non_english
,3322470.0,non_english
,3322525.0,non_english
,3322929.0,non_english
,3322952.0,non_english
,3323245.0,non_english
,3323351.0,non_english
,3323720.0,non_english
,3323772.0,non_english
,3323991.0,non_english
,3324044.0,non_english
,3324245.0,non_english
,3324344.0,non_english
,3324695.0,non_english
,3324901.0,non_english
,3324909.0,non_english
,3325358.0,non_english
,3325601.0,non_english
,3326161.0,non_english
,3326200.0,non_english
,3326218.0,non_english
,3326348.0,non_english
,3326602.0,non_english
,3326755.0,non_english
,3326821.0,non_english
,3327062.0,non_english
,3327406.0,non_english
,3327439.0,non_english
,3327475.0,non_english
,3328037.0,non_english
,3328880.0,non_english
,3329099.0,non_english
,3329652.0,non_english
,3329901.0,non_english
,3329911.0,non_english
,3330076.0,non_english
,3330275.0,non_english
,3330536.0,non_english
,3330648.0,non_english
,3330718.0,non_english
,3330836.0,non_english
,3330870.0,non_english
,3331427.0,non_english
,3331807.0,non_english
,3332712.0,non_english
,3333098.0,non_english
,3333171.0,non_english
,3333319.0,non_english
,3333516.0,non_english
,3333574.0,non_english
,3333775.0,non_english
,3333905.0,non_english
,3333930.0,non_english
,3334006.0,non_english
,3334167.0,non_english
,3334576.0,non_english
,3334847.0,non_english
,3335005.0,non_english
,3335472.0,non_english
,3335537.0,non_english
,3335910.0,non_english
,3336361.0,non_english
,3336427.0,non_english
,3336453.0,non_english
,3336482.0,non_english
,3336625.0,non_english
,3336653.0,non_english
,3337232.0,non_english
,3337594.0,non_english
,3337846.0,non_english
,3337980.0,non_english
,3338004.0,non_english
,3338218.0,non_english
,3338918.0,non_english
,3338963.0,non_english
,3339333.0,non_english
,3339472.0,non_english
,3339628.0,non_english
,3339843.0,non_english
,3340199.0,non_english
,3340694.0,non_english
,3340869.0,non_english
,3341026.0,non_english
,3341517.0,non_english
,3342069.0,non_english
,3342790.0,non_english
,3342834.0,non_english
,3342842.0,non_english
,3343069.0,non_english
,3343136.0,non_english
,3343540.0,non_english
,3343546.0,non_english
,3343752.0,non_english
,3344268.0,non_english
,3344354.0,non_english
,3345068.0,non_english
,3345069.0,non_english
,3345071.0,non_english
,3345502.0,non_english
,3345640.0,non_english
,3346086.0,non_english
,3346343.0,non_english
,3346460.0,non_english
,3346684.0,non_english
,3346891.0,non_english
,3347070.0,non_english
,3347290.0,non_english
,3347692.0,non_english
,3347780.0,non_english
,3347952.0,non_english
,3348530.0,non_english
,3349007.0,non_english
,3349217.0,non_english
,3349450.0,non_english
,3349637.0,non_english
,3349696.0,non_english
,3349824.0,non_english
,3349846.0,non_english
,3349942.0,non_english
,3350596.0,non_english
,3350858.0,non_english
,3350876.0,non_english
,3351187.0,non_english
,3351271.0,non_english
,3351362.0,non_english
,3351417.0,non_english
,3351499.0,non_english
,3351849.0,non_english
,3352374.0,non_english
,3352419.0,non_english
,3352668.0,non_english
,3353226.0,non_english
,3353356.0,non_english
,3353521.0,non_english
,3354179.0,non_english
,3354224.0,non_english
,3354524.0,non_english
,3354688.0,non_english
,3354722.0,non_english
,3355130.0,non_english
,3355458.0,non_english
,3355604.0,non_english
,3355845.0,non_english
,3356006.0,non_english
,3356502.0,non_english
,3356589.0,non_english
,3356870.0,non_english
,3356918.0,non_english
,3357180.0,non_english
,3357372.0,non_english
,3357378.0,non_english
,3357409.0,non_english
,3357523.0,non_english
,3357727.0,non_english
,3359008.0,non_english
,3359134.0,non_english
,3359352.0,non_english
,3359443.0,non_english
,3359641.0,non_english
,3359687.0,non_english
,3359698.0,non_english
,3359767.0,non_english
,3360471.0,non_english
,3360969.0,non_english
,3361331.0,non_english
,3361371.0,non_english
,3361839.0,non_english
,3362070.0,non_english
,3362114.0,non_english
,3362416.0,non_english
,3362483.0,non_english
,3362876.0,non_english
,3363736.0,non_english
,3364117.0,non_english
,3364692.0,non_english
,3365044.0,non_english
,3365744.0,non_english
,3365788.0,non_english
,3366043.0,non_english
,3366225.0,non_english
,3366260.0,non_english
,3366546.0,non_english
,3366613.0,non_english
,3366871.0,non_english
,3367169.0,non_english
,3367596.0,non_english
,3367727.0,non_english
,3367795.0,non_english
,3367965.0,non_english
,3368722.0,non_english
,3369199.0,non_english
,3369232.0,non_english
,3369916.0,non_english
,3369927.0,non_english
,3369997.0,non_english
,3370137.0,non_english
,3370364.0,non_english
,3370652.0,non_english
,3370737.0,non_english
,3370751.0,non_english
,3370914.0,non_english
,3371014.0,non_english
,3371438.0,non_english
,3371795.0,non_english
,3371809.0,non_english
,3372526.0,non_english
,3372633.0,non_english
,3372835.0,non_english
,3373132.0,non_english
,3373676.0,non_english
,3373762.0,non_english
,3373979.0,non_english
,3374061.0,non_english
,3374262.0,non_english
,3374404.0,non_english
,3374486.0,non_english
,3375012.0,non_english
,3375013.0,non_english
,3375017.0,non_english
,3375987.0,non_english
,3376092.0,non_english
,3376190.0,non_english
,3376238.0,non_english
,3376359.0,non_english
,3376463.0,non_english
,3376566.0,non_english
,3376805.0,non_english
,3376836.0,non_english
,3376897.0,non_english
,3377210.0,non_english
,3377369.0,non_english
,3377376.0,non_english
,3377504.0,non_english
,3377509.0,non_english
,3377649.0,non_english
,3379101.0,non_english
,3379516.0,non_english
,3379531.0,non_english
,3379647.0,non_english
,3379702.0,non_english
,3379747.0,non_english
,3379782.0,non_english
,3380634.0,non_english
,3380661.0,non_english
,3381118.0,non_english
,3381238.0,non_english
,3381257.0,non_english
,3381515.0,non_english
,3381559.0,non_english
,3381709.0,non_english
,3382841.0,non_english
,3382984.0,non_english
,3383145.0,non_english
,3383192.0,non_english
,3383302.0,non_english
,3383790.0,non_english
,3383855.0,non_english
,3384003.0,non_english
,3384076.0,non_english
,3384198.0,non_english
,3384228.0,non_english
,3384235.0,non_english
,3384544.0,non_english
,3386038.0,non_english
,3386095.0,non_english
,3386645.0,non_english
,3386910.0,non_english
,3387521.0,non_english
,3387851.0,non_english
,3387964.0,non_english
,3388095.0,non_english
,3388541.0,non_english
,3388630.0,non_english
,3388713.0,non_english
,3388720.0,non_english
,3388751.0,non_english
,3388893.0,non_english
,3389005.0,non_english
,3389466.0,non_english
,3389589.0,non_english
,3389948.0,non_english
,3390929.0,non_english
,3391102.0,non_english
,3391434.0,non_english
,3392338.0,non_english
,3392549.0,non_english
,3394526.0,non_english
,3394717.0,non_english
,3394905.0,non_english
,3395544.0,non_english
,3395746.0,non_english
,3395766.0,non_english
,3395780.0,non_english
,3396023.0,non_english
,3397013.0,non_english
,3397875.0,non_english
,3398276.0,non_english
,3398362.0,non_english
,3398474.0,non_english
,3398687.0,non_english
,3398736.0,non_english
,3399075.0,non_english
,3399339.0,non_english
,3399553.0,non_english
,3399908.0,non_english
,3400070.0,non_english
,3400125.0,non_english
,3400199.0,non_english
,3400251.0,non_english
,3400320.0,non_english
,3400380.0,non_english
,3401111.0,non_english
,3401140.0,non_english
,3401151.0,non_english
,3401369.0,non_english
,3401373.0,non_english
,3401561.0,non_english
,3402226.0,non_english
,3402613.0,non_english
,3402915.0,non_english
,3403235.0,non_english
,3404002.0,non_english
,3404412.0,non_english
,3404413.0,non_english
,3404535.0,non_english
,3404569.0,non_english
,3404623.0,non_english
,3404712.0,non_english
,3404722.0,non_english
,3404843.0,non_english
,3405128.0,non_english
,3405735.0,non_english
,3406321.0,non_english
,3406465.0,non_english
,3406493.0,non_english
,3406565.0,non_english
,3407098.0,non_english
,3407153.0,non_english
,3407245.0,non_english
,3407409.0,non_english
,3408045.0,non_english
,3408254.0,non_english
,3408714.0,non_english
,3409000.0,non_english
,3409228.0,non_english
,3409341.0,non_english
,3410051.0,non_english
,3410276.0,non_english
,3410657.0,non_english
,3410693.0,non_english
,3411750.0,non_english
,3412393.0,non_english
,3412649.0,non_english
,3413296.0,non_english
,3413324.0,non_english
,3413405.0,non_english
,3413975.0,non_english
,3414805.0,non_english
,3415420.0,non_english
,3416097.0,non_english
,3416537.0,non_english
,3416924.0,non_english
,3417067.0,non_english
,3417166.0,non_english
,3417223.0,non_english
,3417739.0,non_english
,3417790.0,non_english
,3417827.0,non_english
,3418144.0,non_english
,3418199.0,non_english
,3418357.0,non_english
,3418513.0,non_english
,3418569.0,non_english
,3418742.0,non_english
,3419456.0,non_english
,3419458.0,non_english
,3419586.0,non_english
,3419905.0,non_english
,3420077.0,non_english
,3420120.0,non_english
,3420415.0,non_english
,3421022.0,non_english
,3421086.0,non_english
,3421124.0,non_english
,3421259.0,non_english
,3421803.0,non_english
,3422125.0,non_english
,3422698.0,non_english
,3422994.0,non_english
,3422996.0,non_english
,3423051.0,non_english
,3424373.0,non_english
,3425074.0,non_english
,3425250.0,non_english
,3425321.0,non_english
,3425665.0,non_english
,3425812.0,non_english
,3426076.0,non_english
,3426736.0,non_english
,3426744.0,non_english
,3427023.0,non_english
,3427684.0,non_english
,3428447.0,non_english
,3428485.0,non_english
,3429007.0,non_english
,3430175.0,non_english
,3430269.0,non_english
,3430368.0,non_english
,3430602.0,non_english
,3430853.0,non_english
,3431615.0,non_english
,3431991.0,non_english
,3432304.0,non_english
,3432566.0,non_english
,3432752.0,non_english
,3434711.0,non_english
,3435298.0,non_english
,3435351.0,non_english
,3435558.0,non_english
,3435876.0,non_english
,3435992.0,non_english
,3436075.0,non_english
,3436171.0,non_english
,3436220.0,non_english
,3436225.0,non_english
,3436784.0,non_english
,3437109.0,non_english
,3438281.0,non_english
,3438313.0,non_english
,3439408.0,non_english
,3439714.0,non_english
,3440002.0,non_english
,3440070.0,non_english
,3440078.0,non_english
,3440452.0,non_english
,3440758.0,non_english
,3441236.0,non_english
,3441239.0,non_english
,3441453.0,non_english
,3441690.0,non_english
,3441885.0,non_english
,3442226.0,non_english
,3442262.0,non_english
,3442479.0,non_english
,3442514.0,non_english
,3442838.0,non_english
,3443257.0,non_english
,3443978.0,non_english
,3444145.0,non_english
,3444355.0,non_english
,3444437.0,non_english
,3444517.0,non_english
,3444520.0,non_english
,3444902.0,non_english
,3445950.0,non_english
,3446132.0,non_english
,3446196.0,non_english
,3446199.0,non_english
,3446211.0,non_english
,3446362.0,non_english
,3446676.0,non_english
,3447328.0,non_english
,3447332.0,non_english
,3448002.0,non_english
,3448330.0,non_english
,3448574.0,non_english
,3449161.0,non_english
,3449489.0,non_english
,3450469.0,non_english
,3450501.0,non_english
,3450504.0,non_english
,3450649.0,non_english
,3451822.0,non_english
,3452194.0,non_english
,3452574.0,non_english
,3452662.0,non_english
,3452787.0,non_english
,3453108.0,non_english
,3453370.0,non_english
,3453633.0,non_english
,3453855.0,non_english
,3454307.0,non_english
,3454597.0,non_english
,3454640.0,non_english
,3454826.0,non_english
,3457171.0,non_english
,3457308.0,non_english
,3457686.0,non_english
,3458174.0,non_english
,3458308.0,non_english
,3458350.0,non_english
,3458400.0,non_english
,3458600.0,non_english
,3458734.0,non_english
,3459130.0,non_english
,3459181.0,non_english
,3459575.0,non_english
,3460185.0,non_english
,3460650.0,non_english
,3461240.0,non_english
,3461333.0,non_english
,3461334.0,non_english
,3461484.0,non_english
,3461549.0,non_english
,3461793.0,non_english
,3463288.0,non_english
,3463596.0,non_english
,3463887.0,non_english
,3464136.0,non_english
,3466144.0,non_english
,3466791.0,non_english
,3466853.0,non_english
,3467286.0,non_english
,3467298.0,non_english
,3467600.0,non_english
,3468614.0,non_english
,3468677.0,non_english
,3469117.0,non_english
,3469454.0,non_english
,3470002.0,non_english
,3470657.0,non_english
,3470702.0,non_english
,3470938.0,non_english
,3471080.0,non_english
,3471126.0,non_english
,3471128.0,non_english
,3471340.0,non_english
,3471364.0,non_english
,3471381.0,non_english
,3471588.0,non_english
,3471653.0,non_english
,3471666.0,non_english
,3471754.0,non_english
,3471798.0,non_english
,3471915.0,non_english
,3471950.0,non_english
,3472005.0,non_english
,3472126.0,non_english
,3472227.0,non_english
,3472428.0,non_english
,3472456.0,non_english
,3473283.0,non_english
,3473659.0,non_english
,3474448.0,non_english
,3474607.0,non_english
,3475059.0,non_english
,3475391.0,non_english
,3475750.0,non_english
,3475967.0,non_english
,3476109.0,non_english
,3476136.0,non_english
,3476149.0,non_english
,3476167.0,non_english
,3476718.0,non_english
,3479057.0,non_english
,3479099.0,non_english
,3479188.0,non_english
,3479356.0,non_english
,3479451.0,non_english
,3479662.0,non_english
,3479835.0,non_english
,3479923.0,non_english
,3480158.0,non_english
,3480589.0,non_english
,3480725.0,non_english
,3481262.0,non_english
,3481609.0,non_english
,3481627.0,non_english
,3481789.0,non_english
,3482463.0,non_english
,3482713.0,non_english
,3482748.0,non_english
,3483614.0,non_english
,3486057.0,non_english
,3486863.0,non_english
,3486922.0,non_english
,3487252.0,non_english
,3487337.0,non_english
,3487740.0,non_english
,3487771.0,non_english
,3488262.0,non_english
,3488278.0,non_english
,3488605.0,non_english
,3488684.0,non_english
,3489962.0,non_english
,3490981.0,non_english
,3491230.0,non_english
,3491603.0,non_english
,3492399.0,non_english
,3492404.0,non_english
,3492599.0,non_english
,3493598.0,non_english
,3493605.0,non_english
,3494896.0,non_english
,3495088.0,non_english
,3495829.0,non_english
,3495893.0,non_english
,3496064.0,non_english
,3496609.0,non_english
,3496661.0,non_english
,3496833.0,non_english
,3496896.0,non_english
,3497535.0,non_english
,3498885.0,non_english
,3499391.0,non_english
,3501368.0,non_english
,3501424.0,non_english
,3501538.0,non_english
,3501839.0,non_english
,3501929.0,non_english
,3502329.0,non_english
,3502380.0,non_english
,3502591.0,non_english
,3502599.0,non_english
,3504068.0,non_english
,3504347.0,non_english
,3504502.0,non_english
,3504704.0,non_english
,3505230.0,non_english
,3506488.0,non_english
,3507791.0,non_english
,3508204.0,non_english
,3508784.0,non_english
,3509438.0,non_english
,3510607.0,non_english
,3510690.0,non_english
,3510771.0,non_english
,3511146.0,non_english
,3511381.0,non_english
,3511546.0,non_english
,3511550.0,non_english
,3512389.0,non_english
,3512428.0,non_english
,3512529.0,non_english
,3512622.0,non_english
,3512665.0,non_english
,3513096.0,non_english
,3513254.0,non_english
,3513291.0,non_english
,3514296.0,non_english
,3514771.0,non_english
,3514809.0,non_english
,3516533.0,non_english
,3517072.0,non_english
,3517909.0,non_english
,3517951.0,non_english
,3518084.0,non_english
,3519161.0,non_english
,3519172.0,non_english
,3519408.0,non_english
,3520169.0,non_english
,3520575.0,non_english
,3520682.0,non_english
,3521075.0,non_english
,3522166.0,non_english
,3522429.0,non_english
,3522458.0,non_english
,3522515.0,non_english
,3523107.0,non_english
,3523422.0,non_english
,3523437.0,non_english
,3523462.0,non_english
,3523515.0,non_english
,3523816.0,non_english
,3524184.0,non_english
,3524314.0,non_english
,3525112.0,non_english
,3525993.0,non_english
,3526446.0,non_english
,3527079.0,non_english
,3527255.0,non_english
,3527471.0,non_english
,3527787.0,non_english
,3528102.0,non_english
,3528568.0,non_english
,3528612.0,non_english
,3528665.0,non_english
,3529570.0,non_english
,3530097.0,non_english
,3530537.0,non_english
,3530538.0,non_english
,3530907.0,non_english
,3532440.0,non_english
,3533089.0,non_english
,3533253.0,non_english
,3533876.0,non_english
,3534230.0,non_english
,3534338.0,non_english
,3534599.0,non_english
,3535089.0,non_english
,3535240.0,non_english
,3535481.0,non_english
,3535644.0,non_english
,3535733.0,non_english
,3535899.0,non_english
,3536704.0,non_english
,3537073.0,non_english
,3537462.0,non_english
,3538088.0,non_english
,3538220.0,non_english
,3538638.0,non_english
,3539133.0,non_english
,3539555.0,non_english
,3540029.0,non_english
,3540112.0,non_english
,3540190.0,non_english
,3540432.0,non_english
,3540964.0,non_english
,3540967.0,non_english
,3541064.0,non_english
,3541181.0,non_english
,3541643.0,non_english
,3542246.0,non_english
,3542309.0,non_english
,3542406.0,non_english
,3542429.0,non_english
,3542667.0,non_english
,3543090.0,non_english
,3543200.0,non_english
,3543309.0,non_english
,3544381.0,non_english
,3544962.0,non_english
,3545160.0,non_english
,3545378.0,non_english
,3545531.0,non_english
,3545775.0,non_english
,3545920.0,non_english
,3546619.0,non_english
,3547105.0,non_english
,3547236.0,non_english
,3547327.0,non_english
,3547778.0,non_english
,3547981.0,non_english
,3548415.0,non_english
,3548459.0,non_english
,3548560.0,non_english
,3548914.0,non_english
,3549540.0,non_english
,3549608.0,non_english
,3549809.0,non_english
,3550780.0,non_english
,3550895.0,non_english
,3552677.0,non_english
,3552899.0,non_english
,3552916.0,non_english
,3553021.0,non_english
,3553086.0,non_english
,3553515.0,non_english
,3553939.0,non_english
,3554637.0,non_english
,3554729.0,non_english
,3554959.0,non_english
,3555073.0,non_english
,3555629.0,non_english
,3555739.0,non_english
,3556938.0,non_english
,3558355.0,non_english
,3558409.0,non_english
,3559064.0,non_english
,3559198.0,non_english
,3559322.0,non_english
,3559708.0,non_english
,3559845.0,non_english
,3560271.0,non_english
,3561031.0,non_english
,3561496.0,non_english
,3561761.0,non_english
,3562948.0,non_english
,3563815.0,non_english
,3564488.0,non_english
,3564670.0,non_english
,3564935.0,non_english
,3565257.0,non_english
,3565398.0,non_english
,3566150.0,non_english
,3566207.0,non_english
,3566227.0,non_english
,3566360.0,non_english
,3566918.0,non_english
,3567252.0,non_english
,3567368.0,non_english
,3568742.0,non_english
,3568922.0,non_english
,3568960.0,non_english
,3569314.0,non_english
,3569356.0,non_english
,3569466.0,non_english
,3569727.0,non_english
,3569964.0,non_english
,3571006.0,non_english
,3571661.0,non_english
,3571892.0,non_english
,3572366.0,non_english
,3572408.0,non_english
,3572603.0,non_english
,3572716.0,non_english
,3573080.0,non_english
,3573433.0,non_english
,3573826.0,non_english
,3573968.0,non_english
,3574435.0,non_english
,3574725.0,non_english
,3574789.0,non_english
,3575345.0,non_english
,3575546.0,non_english
,3577092.0,non_english
,3578154.0,non_english
,3579463.0,non_english
,3579482.0,non_english
,3580336.0,non_english
,3580808.0,non_english
,3581713.0,non_english
,3582527.0,non_english
,3582731.0,non_english
,3582963.0,non_english
,3583547.0,non_english
,3583789.0,non_english
,3584469.0,non_english
,3584539.0,non_english
,3584803.0,non_english
,3585287.0,non_english
,3585604.0,non_english
,3585762.0,non_english
,3585778.0,non_english
,3585906.0,non_english
,3586168.0,non_english
,3586405.0,non_english
,3586961.0,non_english
,3587119.0,non_english
,3587409.0,non_english
,3587665.0,non_english
,3588489.0,non_english
,3589220.0,non_english
,3589313.0,non_english
,3589380.0,non_english
,3589762.0,non_english
,3590167.0,non_english
,3590168.0,non_english
,3590840.0,non_english
,3590937.0,non_english
,3591394.0,non_english
,3591454.0,non_english
,3592466.0,non_english
,3592878.0,non_english
,3593182.0,non_english
,3593346.0,non_english
,3594062.0,non_english
,3594373.0,non_english
,3594558.0,non_english
,3594934.0,non_english
,3595145.0,non_english
,3595227.0,non_english
,3595545.0,non_english
,3596740.0,non_english
,3596896.0,non_english
,3597169.0,non_english
,3597504.0,non_english
,3597589.0,non_english
,3597926.0,non_english
,3598101.0,non_english
,3598269.0,non_english
,3599618.0,non_english
,3600760.0,non_english
,3600882.0,non_english
,3601060.0,non_english
,3601408.0,non_english
,3602520.0,non_english
,3602722.0,non_english
,3602847.0,non_english
,3602875.0,non_english
,3603029.0,non_english
,3603734.0,non_english
,3603811.0,non_english
,3604092.0,non_english
,3605076.0,non_english
,3605107.0,non_english
,3605121.0,non_english
,3605251.0,non_english
,3605475.0,non_english
,3605590.0,non_english
,3605829.0,non_english
,3606197.0,non_english
,3606588.0,non_english
,3606603.0,non_english
,3606864.0,non_english
,3607022.0,non_english
,3607094.0,non_english
,3608267.0,non_english
,3608494.0,non_english
,3609650.0,non_english
,3609902.0,non_english
,3610241.0,non_english
,3611006.0,non_english
,3611125.0,non_english
,3611245.0,non_english
,3611338.0,non_english
,3611737.0,non_english
,3612010.0,non_english
,3612045.0,non_english
,3612740.0,non_english
,3613355.0,non_english
,3613412.0,non_english
,3614369.0,non_english
,3615030.0,non_english
,3615744.0,non_english
,3616775.0,non_english
,3617103.0,non_english
,3617368.0,non_english
,3617640.0,non_english
,3617924.0,non_english
,3617955.0,non_english
,3618533.0,non_english
,3618686.0,non_english
,3618927.0,non_english
,3619250.0,non_english
,3619456.0,non_english
,3620097.0,non_english
,3620139.0,non_english
,3620328.0,non_english
,3620464.0,non_english
,3620541.0,non_english
,3622176.0,non_english
,3622337.0,non_english
,3623661.0,non_english
,3624351.0,non_english
,3624469.0,non_english
,3624673.0,non_english
,3624813.0,non_english
,3624901.0,non_english
,3625050.0,non_english
,3625571.0,non_english
,3625641.0,non_english
,3626076.0,non_english
,3626114.0,non_english
,3626299.0,non_english
,3626602.0,non_english
,3627697.0,non_english
,3627698.0,non_english
,3627754.0,non_english
,3628168.0,non_english
,3628404.0,non_english
,3628664.0,non_english
,3628875.0,non_english
,3629109.0,non_english
,3629192.0,non_english
,3629307.0,non_english
,3629889.0,non_english
,3630271.0,non_english
,3630381.0,non_english
,3630884.0,non_english
,3631577.0,non_english
,3631655.0,non_english
,3632054.0,non_english
,3632189.0,non_english
,3632521.0,non_english
,3632785.0,non_english
,3632891.0,non_english
,3633423.0,non_english
,3634178.0,non_english
,3634586.0,non_english
,3634588.0,non_english
,3634595.0,non_english
,3634639.0,non_english
,3634673.0,non_english
,3635022.0,non_english
,3635135.0,non_english
,3635137.0,non_english
,3635242.0,non_english
,3635371.0,non_english
,3635623.0,non_english
,3635844.0,non_english
,3636523.0,non_english
,3637115.0,non_english
,3637322.0,non_english
,3638101.0,non_english
,3638968.0,non_english
,3640314.0,non_english
,3640316.0,non_english
,3641026.0,non_english
,3641952.0,non_english
,3642586.0,non_english
,3642608.0,non_english
,3642829.0,non_english
,3642930.0,non_english
,3643604.0,non_english
,3643746.0,non_english
,3644675.0,non_english
,3644867.0,non_english
,3645228.0,non_english
,3645264.0,non_english
,3645599.0,non_english
,3645784.0,non_english
,3646089.0,non_english
,3646705.0,non_english
,3647401.0,non_english
,3647749.0,non_english
,3647888.0,non_english
,3648067.0,non_english
,3648249.0,non_english
,3648435.0,non_english
,3648853.0,non_english
,3649088.0,non_english
,3649749.0,non_english
,3649798.0,non_english
,3650044.0,non_english
,3650407.0,non_english
,3650627.0,non_english
,3651406.0,non_english
,3652333.0,non_english
,3652511.0,non_english
,3652566.0,non_english
,3653753.0,non_english
,3654343.0,non_english
,3654369.0,non_english
,3654574.0,non_english
,3654741.0,non_english
,3655080.0,non_english
,3655450.0,non_english
,3656310.0,non_english
,3656541.0,non_english
,3656698.0,non_english
,3656840.0,non_english
,3657496.0,non_english
,3657898.0,non_english
,3658552.0,non_english
,3658955.0,non_english
,3659856.0,non_english
,3660084.0,non_english
,3660247.0,non_english
,3660249.0,non_english
,3660307.0,non_english
,3660668.0,non_english
,3661239.0,non_english
,3661334.0,non_english
,3661580.0,non_english
,3661723.0,non_english
,3662955.0,non_english
,3663371.0,non_english
,3663635.0,non_english
,3663725.0,non_english
,3663759.0,non_english
,3664684.0,non_english
,3665493.0,non_english
,3666199.0,non_english
,3666311.0,non_english
,3666836.0,non_english
,3666948.0,non_english
,3667010.0,non_english
,3667343.0,non_english
,3667380.0,non_english
,3667921.0,non_english
,3667994.0,non_english
,3668102.0,non_english
,3668265.0,non_english
,3668575.0,non_english
,3668864.0,non_english
,3669492.0,non_english
,3669853.0,non_english
,3670116.0,non_english
,3670129.0,non_english
,3670336.0,non_english
,3670387.0,non_english
,3670714.0,non_english
,3670964.0,non_english
,3670995.0,non_english
,3671999.0,non_english
,3672133.0,non_english
,3672583.0,non_english
,3673115.0,non_english
,3673321.0,non_english
,3673581.0,non_english
,3674146.0,non_english
,3674436.0,non_english
,3674499.0,non_english
,3674541.0,non_english
,3674574.0,non_english
,3675342.0,non_english
,3676991.0,non_english
,3677025.0,non_english
,3677307.0,non_english
,3677328.0,non_english
,3677842.0,non_english
,3677946.0,non_english
,3678212.0,non_english
,3678213.0,non_english
,3679212.0,non_english
,3679458.0,non_english
,3679647.0,non_english
,3679747.0,non_english
,3680057.0,non_english
,3680754.0,non_english
,3680796.0,non_english
,3681000.0,non_english
,3681159.0,non_english
,3681922.0,non_english
,3682257.0,non_english
,3682959.0,non_english
,3682992.0,non_english
,3683087.0,non_english
,3683426.0,non_english
,3683701.0,non_english
,3683955.0,non_english
,3684945.0,non_english
,3685048.0,non_english
,3685407.0,non_english
,3685651.0,non_english
,3686078.0,non_english
,3686253.0,non_english
,3686318.0,non_english
,3686845.0,non_english
,3687157.0,non_english
,3687430.0,non_english
,3687572.0,non_english
,3688062.0,non_english
,3688105.0,non_english
,3688936.0,non_english
,3688991.0,non_english
,3689272.0,non_english
,3689564.0,non_english
,3689888.0,non_english
,3690242.0,non_english
,3690360.0,non_english
,3691145.0,non_english
,3691325.0,non_english
,3691586.0,non_english
,3691780.0,non_english
,3692430.0,non_english
,3692656.0,non_english
,3692871.0,non_english
,3693230.0,non_english
,3693347.0,non_english
,3693567.0,non_english
,3693853.0,non_english
,3694282.0,non_english
,3695257.0,non_english
,3695403.0,non_english
,3695465.0,non_english
,3695736.0,non_english
,3695976.0,non_english
,3696108.0,non_english
,3696511.0,non_english
,3696825.0,non_english
,3696967.0,non_english
,3697031.0,non_english
,3697166.0,non_english
,3697275.0,non_english
,3697671.0,non_english
,3697967.0,non_english
,3698199.0,non_english
,3698561.0,non_english
,3698596.0,non_english
,3698925.0,non_english
,3699147.0,non_english
,3699925.0,non_english
,3699995.0,non_english
,3700370.0,non_english
,3701091.0,non_english
,3701285.0,non_english
,3701564.0,non_english
,3701570.0,non_english
,3701706.0,non_english
,3702097.0,non_english
,3702334.0,non_english
,3703125.0,non_english
,3703131.0,non_english
,3703455.0,non_english
,3703665.0,non_english
,3703829.0,non_english
,3705178.0,non_english
,3705441.0,non_english
,3705673.0,non_english
,3705795.0,non_english
,3705935.0,non_english
,3706170.0,non_english
,3706300.0,non_english
,3707626.0,non_english
,3709178.0,non_english
,3709269.0,non_english
,3709279.0,non_english
,3709280.0,non_english
,3710124.0,non_english
,3710137.0,non_english
,3710519.0,non_english
,3710530.0,non_english
,3710755.0,non_english
,3711670.0,non_english
,3711902.0,non_english
,3712414.0,non_english
,3712537.0,non_english
,3712636.0,non_english
,3712995.0,non_english
,3713225.0,non_english
,3714329.0,non_english
,3714643.0,non_english
,3714987.0,non_english
,3715069.0,non_english
,3715187.0,non_english
,3715268.0,non_english
,3715293.0,non_english
,3715314.0,non_english
,3715536.0,non_english
,3715581.0,non_english
,3715594.0,non_english
,3715601.0,non_english
,3715688.0,non_english
,3716579.0,non_english
,3716675.0,non_english
,3717347.0,non_english
,3717831.0,non_english
,3717934.0,non_english
,3718200.0,non_english
,3718477.0,non_english
,3718569.0,non_english
,3719093.0,non_english
,3719202.0,non_english
,3719242.0,non_english
,3720073.0,non_english
,3720167.0,non_english
,3720921.0,non_english
,3721207.0,non_english
,3721723.0,non_english
,3721926.0,non_english
,3722084.0,non_english
,3722448.0,non_english
,3723373.0,non_english
,3723526.0,non_english
,3724199.0,non_english
,3724292.0,non_english
,3725093.0,non_english
,3725282.0,non_english
,3725984.0,non_english
,3726273.0,non_english
,3726511.0,non_english
,3726700.0,non_english
,3727670.0,non_english
,3727686.0,non_english
,3727796.0,non_english
,3727930.0,non_english
,3727974.0,non_english
,3728059.0,non_english
,3728430.0,non_english
,3728984.0,non_english
,3729314.0,non_english
,3729464.0,non_english
,3730187.0,non_english
,3730348.0,non_english
,3730453.0,non_english
,3731909.0,non_english
,3732031.0,non_english
,3732070.0,non_english
,3732212.0,non_english
,3732520.0,non_english
,3732821.0,non_english
,3733317.0,non_english
,3734081.0,non_english
,3734125.0,non_english
,3734266.0,non_english
,3734433.0,non_english
,3734654.0,non_english
,3734801.0,non_english
,3734819.0,non_english
,3735476.0,non_english
,3735557.0,non_english
,3735621.0,non_english
,3735682.0,non_english
,3736245.0,non_english
,3736654.0,non_english
,3737877.0,non_english
,3738362.0,non_english
,3738436.0,non_english
,3738440.0,non_english
,3738637.0,non_english
,3739416.0,non_english
,3739748.0,non_english
,3739751.0,non_english
,3740679.0,non_english
,3741155.0,non_english
,3741170.0,non_english
,3741279.0,non_english
,3741293.0,non_english
,3741418.0,non_english
,3741665.0,non_english
,3741683.0,non_english
,3741884.0,non_english
,3741956.0,non_english
,3741984.0,non_english
,3742395.0,non_english
,3743354.0,non_english
,3743516.0,non_english
,3743974.0,non_english
,3744074.0,non_english
,3744402.0,non_english
,3744633.0,non_english
,3744699.0,non_english
,3745075.0,non_english
,3745279.0,non_english
,3745471.0,non_english
,3746429.0,non_english
,3746487.0,non_english
,3746594.0,non_english
,3746821.0,non_english
,3746864.0,non_english
,3747447.0,non_english
,3747645.0,non_english
,3747981.0,non_english
,3748797.0,non_english
,3748825.0,non_english
,3749673.0,non_english
,3749953.0,non_english
,3750108.0,non_english
,3750252.0,non_english
,3750954.0,non_english
,3752372.0,non_english
,3752404.0,non_english
,3752412.0,non_english
,3753087.0,non_english
,3755663.0,non_english
,3755714.0,non_english
,3755842.0,non_english
,3755901.0,non_english
,3756311.0,non_english
,3757014.0,non_english
,3757353.0,non_english
,3759424.0,non_english
,3759761.0,non_english
,3760021.0,non_english
,3760611.0,non_english
,3761480.0,non_english
,3761799.0,non_english
,3761978.0,non_english
,3762014.0,non_english
,3763046.0,non_english
,3763211.0,non_english
,3763714.0,non_english
,3763753.0,non_english
,3764248.0,non_english
,3764579.0,non_english
,3765471.0,non_english
,3766181.0,non_english
,3766202.0,non_english
,3766334.0,non_english
,3766905.0,non_english
,3766952.0,non_english
,3767596.0,non_english
,3770449.0,non_english
,3770533.0,non_english
,3770646.0,non_english
,3770809.0,non_english
,3771112.0,non_english
,3771114.0,non_english
,3771418.0,non_english
,3771836.0,non_english
,3772823.0,non_english
,3772847.0,non_english
,3773451.0,non_english
,3774933.0,non_english
,3775124.0,non_english
,3775145.0,non_english
,3775240.0,non_english
,3775469.0,non_english
,3775673.0,non_english
,3776422.0,non_english
,3776427.0,non_english
,3776429.0,non_english
,3776546.0,non_english
,3776589.0,non_english
,3777081.0,non_english
,3777585.0,non_english
,3777831.0,non_english
,3778325.0,non_english
,3779381.0,non_english
,3779672.0,non_english
,3779696.0,non_english
,3780098.0,non_english
,3781036.0,non_english
,3781167.0,non_english
,3781696.0,non_english
,3782066.0,non_english
,3782094.0,non_english
,3782217.0,non_english
,3783697.0,non_english
,3783748.0,non_english
,3783849.0,non_english
,3784726.0,non_english
,3785744.0,non_english
,3786329.0,non_english
,3787036.0,non_english
,3787815.0,non_english
,3788245.0,non_english
,3788329.0,non_english
,3788338.0,non_english
,3788723.0,non_english
,3789000.0,non_english
,3790566.0,non_english
,3791249.0,non_english
,3792486.0,non_english
,3792659.0,non_english
,3792769.0,non_english
,3793175.0,non_english
,3793187.0,non_english
,3793431.0,non_english
,3793451.0,non_english
,3793920.0,non_english
,3794926.0,non_english
,3795153.0,non_english
,3795229.0,non_english
,3795371.0,non_english
,3795696.0,non_english
,3795742.0,non_english
,3796061.0,non_english
,3796259.0,non_english
,3796630.0,non_english
,3797329.0,non_english
,3798395.0,non_english
,3798588.0,non_english
,3799561.0,non_english
,3799837.0,non_english
,3800120.0,non_english
,3800411.0,non_english
,3800495.0,non_english
,3801127.0,non_english
,3801284.0,non_english
,3801327.0,non_english
,3801593.0,non_english
,3801666.0,non_english
,3801667.0,non_english
,3803197.0,non_english
,3803425.0,non_english
,3803600.0,non_english
,3803657.0,non_english
,3804258.0,non_english
,3804789.0,non_english
,3805141.0,non_english
,3805245.0,non_english
,3805266.0,non_english
,3805311.0,non_english
,3805392.0,non_english
,3805596.0,non_english
,3805624.0,non_english
,3805846.0,non_english
,3806063.0,non_english
,3806273.0,non_english
,3806586.0,non_english
,3806636.0,non_english
,3806734.0,non_english
,3806840.0,non_english
,3807044.0,non_english
,3807731.0,non_english
,3808649.0,non_english
,3808670.0,non_english
,3809184.0,non_english
,3809431.0,non_english
,3809537.0,non_english
,3809550.0,non_english
,3809734.0,non_english
,3809761.0,non_english
,3809898.0,non_english
,3810155.0,non_english
,3810169.0,non_english
,3810196.0,non_english
,3810356.0,non_english
,3810450.0,non_english
,3811023.0,non_english
,3811036.0,non_english
,3811936.0,non_english
,3813175.0,non_english
,3813565.0,non_english
,3813615.0,non_english
,3814173.0,non_english
,3814462.0,non_english
,3814483.0,non_english
,3814486.0,non_english
,3814906.0,non_english
,3815136.0,non_english
,3815279.0,non_english
,3815301.0,non_english
,3815316.0,non_english
,3815359.0,non_english
,3815963.0,non_english
,3816420.0,non_english
,3816493.0,non_english
,3816754.0,non_english
,3816946.0,non_english
,3817611.0,non_english
,3817727.0,non_english
,3817758.0,non_english
,3817811.0,non_english
,3818688.0,non_english
,3819044.0,non_english
,3819510.0,non_english
,3819854.0,non_english
,3819906.0,non_english
,3819934.0,non_english
,3820024.0,non_english
,3820211.0,non_english
,3820269.0,non_english
,3820802.0,non_english
,3821350.0,non_english
,3821389.0,non_english
,3821484.0,non_english
,3822095.0,non_english
,3822693.0,non_english
,3824269.0,non_english
,3824653.0,non_english
,3824713.0,non_english
,3825714.0,non_english
,3825826.0,non_english
,3826158.0,non_english
,3826885.0,non_english
,3827542.0,non_english
,3827789.0,non_english
,3828131.0,non_english
,3828377.0,non_english
,3828401.0,non_english
,3828814.0,non_english
,3828850.0,non_english
,3829073.0,non_english
,3829462.0,non_english
,3831421.0,non_english
,3831696.0,non_english
,3831760.0,non_english
,3832036.0,non_english
,3832279.0,non_english
,3832744.0,non_english
,3832796.0,non_english
,3833420.0,non_english
,3833635.0,non_english
,3833659.0,non_english
,3833668.0,non_english
,3833989.0,non_english
,3834015.0,non_english
,3834874.0,non_english
,3835191.0,non_english
,3835312.0,non_english
,3835608.0,non_english
,3835980.0,non_english
,3836041.0,non_english
,3836216.0,non_english
,3836475.0,non_english
,3836606.0,non_english
,3836824.0,non_english
,3836833.0,non_english
,3837292.0,non_english
,3837345.0,non_english
,3837369.0,non_english
,3838412.0,non_english
,3838654.0,non_english
,3838673.0,non_english
,3838996.0,non_english
,3839582.0,non_english
,3839667.0,non_english
,3840020.0,non_english
,3840185.0,non_english
,3840418.0,non_english
,3840783.0,non_english
,3841388.0,non_english
,3841556.0,non_english
,3841564.0,non_english
,3841598.0,non_english
,3842085.0,non_english
,3843131.0,non_english
,3843366.0,non_english
,3843729.0,non_english
,3843752.0,non_english
,3843808.0,non_english
,3844106.0,non_english
,3844305.0,non_english
,3844957.0,non_english
,3845194.0,non_english
,3845256.0,non_english
,3845318.0,non_english
,3845770.0,non_english
,3846355.0,non_english
,3846566.0,non_english
,3846652.0,non_english
,3847598.0,non_english
,3848318.0,non_english
,3848909.0,non_english
,3848990.0,non_english
,3849201.0,non_english
,3849465.0,non_english
,3850259.0,non_english
,3850308.0,non_english
,3850429.0,non_english
,3850807.0,non_english
,3850970.0,non_english
,3851204.0,non_english
,3851764.0,non_english
,3852057.0,non_english
,3852333.0,non_english
,3852606.0,non_english
,3853738.0,non_english
,3854417.0,non_english
,3854809.0,non_english
,3854955.0,non_english
,3855104.0,non_english
,3855382.0,non_english
,3855420.0,non_english
,3856621.0,non_english
,3856750.0,non_english
,3857856.0,non_english
,3858453.0,non_english
,3858609.0,non_english
,3859103.0,non_english
,3859126.0,non_english
,3860295.0,non_english
,3860338.0,non_english
,3861081.0,non_english
,3861263.0,non_english
,3861527.0,non_english
,3861624.0,non_english
,3861869.0,non_english
,3862218.0,non_english
,3862434.0,non_english
,3862817.0,non_english
,3862912.0,non_english
,3862993.0,non_english
,3863033.0,non_english
,3863213.0,non_english
,3863282.0,non_english
,3864250.0,non_english
,3864693.0,non_english
,3865084.0,non_english
,3865505.0,non_english
,3866376.0,non_english
,3866378.0,non_english
,3866465.0,non_english
,3866667.0,non_english
,3867525.0,non_english
,3867539.0,non_english
,3867673.0,non_english
,3867749.0,non_english
,3867866.0,non_english
,3868342.0,non_english
,3868707.0,non_english
,3869431.0,non_english
,3869840.0,non_english
,3869909.0,non_english
,3869943.0,non_english
,3869958.0,non_english
,3871344.0,non_english
,3871414.0,non_english
,3872407.0,non_english
,3872949.0,non_english
,3873228.0,non_english
,3873343.0,non_english
,3874105.0,non_english
,3874539.0,non_english
,3874703.0,non_english
,3875310.0,non_english
,3875686.0,non_english
,3876406.0,non_english
,3876568.0,non_english
,3876619.0,non_english
,3877262.0,non_english
,3877515.0,non_english
,3877968.0,non_english
,3878407.0,non_english
,3878633.0,non_english
,3880197.0,non_english
,3880730.0,non_english
,3880924.0,non_english
,3881653.0,non_english
,3881832.0,non_english
,3881939.0,non_english
,3883153.0,non_english
,3883664.0,non_english
,3883792.0,non_english
,3884440.0,non_english
,3884573.0,non_english
,3884768.0,non_english
,3884887.0,non_english
,3885268.0,non_english
,3885286.0,non_english
,3886777.0,non_english
,3887149.0,non_english
,3887378.0,non_english
,3887404.0,non_english
,3887592.0,non_english
,3887790.0,non_english
,3887804.0,non_english
,3888184.0,non_english
,3888946.0,non_english
,3890355.0,non_english
,3890607.0,non_english
,3890613.0,non_english
,3890798.0,non_english
,3890911.0,non_english
,3891338.0,non_english
,3891368.0,non_english
,3891411.0,non_english
,3891793.0,non_english
,3892038.0,non_english
,3892262.0,non_english
,3892855.0,non_english
,3893170.0,non_english
,3893205.0,non_english
,3893568.0,non_english
,3893678.0,non_english
,3893994.0,non_english
,3894337.0,non_english
,3895108.0,non_english
,3896082.0,non_english
,3896120.0,non_english
,3896739.0,non_english
,3896941.0,non_english
,3897005.0,non_english
,3897177.0,non_english
,3897562.0,non_english
,3898084.0,non_english
,3898904.0,non_english
,3898992.0,non_english
,3899738.0,non_english
,3900080.0,non_english
,3900422.0,non_english
,3900566.0,non_english
,3900640.0,non_english
,3900968.0,non_english
,3901141.0,non_english
,3901662.0,non_english
,3902181.0,non_english
,3902957.0,non_english
,3903268.0,non_english
,3903704.0,non_english
,3904636.0,non_english
,3906127.0,non_english
,3906559.0,non_english
,3906627.0,non_english
,3906881.0,non_english
,3908092.0,non_english
,3908433.0,non_english
,3908734.0,non_english
,3908906.0,non_english
,3909017.0,non_english
,3909045.0,non_english
,3909355.0,non_english
,3909846.0,non_english
,3910025.0,non_english
,3910174.0,non_english
,3910549.0,non_english
,3910912.0,non_english
,3910980.0,non_english
,3912437.0,non_english
,3912671.0,non_english
,3913049.0,non_english
,3913275.0,non_english
,3913417.0,non_english
,3913477.0,non_english
,3914296.0,non_english
,3914298.0,non_english
,3915335.0,non_english
,3915805.0,non_english
,3915879.0,non_english
,3915970.0,non_english
,3916021.0,non_english
,3916606.0,non_english
,3916638.0,non_english
,3916887.0,non_english
,3917149.0,non_english
,3917181.0,non_english
,3917560.0,non_english
,3918000.0,non_english
,3918154.0,non_english
,3918887.0,non_english
,3919010.0,non_english
,3919259.0,non_english
,3919479.0,non_english
,3919936.0,non_english
,3920177.0,non_english
,3920250.0,non_english
,3920704.0,non_english
,3920715.0,non_english
,3920774.0,non_english
,3922670.0,non_english
,3923398.0,non_english
,3924047.0,non_english
,3924223.0,non_english
,3925658.0,non_english
,3925684.0,non_english
,3926225.0,non_english
,3926835.0,non_english
,3928485.0,non_english
,3928849.0,non_english
,3930148.0,non_english
,3930540.0,non_english
,3931153.0,non_english
,3931855.0,non_english
,3932507.0,non_english
,3932942.0,non_english
,3933602.0,non_english
,3935032.0,non_english
,3936169.0,non_english
,3936460.0,non_english
,3936486.0,non_english
,3936820.0,non_english
,3937144.0,non_english
,3937831.0,non_english
,3937906.0,non_english
,3937944.0,non_english
,3938020.0,non_english
,3939732.0,non_english
,3939985.0,non_english
,3940000.0,non_english
,3940025.0,non_english
,3940855.0,non_english
,3941185.0,non_english
,3941366.0,non_english
,3941539.0,non_english
,3942616.0,non_english
,3943253.0,non_english
,3944523.0,non_english
,3944791.0,non_english
,3945514.0,non_english
,3945667.0,non_english
,3945751.0,non_english
,3946448.0,non_english
,3946517.0,non_english
,3946722.0,non_english
,3946889.0,non_english
,3947227.0,non_english
,3947362.0,non_english
,3947480.0,non_english
,3947621.0,non_english
,3947733.0,non_english
,3948348.0,non_english
,3948685.0,non_english
,3948810.0,non_english
,3948961.0,non_english
,3948962.0,non_english
,3949182.0,non_english
,3950197.0,non_english
,3950269.0,non_english
,3950319.0,non_english
,3951127.0,non_english
,3952537.0,non_english
,3952605.0,non_english
,3952658.0,non_english
,3952862.0,non_english
,3953088.0,non_english
,3953335.0,non_english
,3953628.0,non_english
,3953927.0,non_english
,3954209.0,non_english
,3954647.0,non_english
,3954720.0,non_english
,3955226.0,non_english
,3955437.0,non_english
,3955719.0,non_english
,3955872.0,non_english
,3956369.0,non_english
,3956641.0,non_english
,3957023.0,non_english
,3957026.0,non_english
,3957174.0,non_english
,3957249.0,non_english
,3957818.0,non_english
,3957938.0,non_english
,3959330.0,non_english
,3959697.0,non_english
,3959906.0,non_english
,3959930.0,non_english
,3959971.0,non_english
,3960159.0,non_english
,3960509.0,non_english
,3960530.0,non_english
,3960620.0,non_english
,3960824.0,non_english
,3960866.0,non_english
,3961029.0,non_english
,3961223.0,non_english
,3961441.0,non_english
,3962312.0,non_english
,3962437.0,non_english
,3962523.0,non_english
,3962989.0,non_english
,3963100.0,non_english
,3963508.0,non_english
,3963744.0,non_english
,3963862.0,non_english
,3964081.0,non_english
,3964121.0,non_english
,3965755.0,non_english
,3966061.0,non_english
,3966859.0,non_english
,3966913.0,non_english
,3967052.0,non_english
,3967290.0,non_english
,3967320.0,non_english
,3967391.0,non_english
,3967679.0,non_english
,3967682.0,non_english
,3967684.0,non_english
,3967738.0,non_english
,3967979.0,non_english
,3968799.0,non_english
,3969756.0,non_english
,3969982.0,non_english
,3970468.0,non_english
,3970484.0,non_english
,3970712.0,non_english
,3970776.0,non_english
,3971332.0,non_english
,3971386.0,non_english
,3971516.0,non_english
,3971541.0,non_english
,3971570.0,non_english
,3971974.0,non_english
,3972206.0,non_english
,3972541.0,non_english
,3972933.0,non_english
,3973106.0,non_english
,3973200.0,non_english
,3973393.0,non_english
,3973521.0,non_english
,3974293.0,non_english
,3974874.0,non_english
,3974890.0,non_english
,3975164.0,non_english
,3975723.0,non_english
,3976342.0,non_english
,3976919.0,non_english
,3977025.0,non_english
,3978477.0,non_english
,3978810.0,non_english
,3980223.0,non_english
,3980759.0,non_english
,3980908.0,non_english
,3981396.0,non_english
,3981453.0,non_english
,3981652.0,non_english
,3983072.0,non_english
,3983095.0,non_english
,3983252.0,non_english
,3983700.0,non_english
,3983797.0,non_english
,3984194.0,non_english
,3984268.0,non_english
,3984374.0,non_english
,3984941.0,non_english
,3985004.0,non_english
,3985842.0,non_english
,3985873.0,non_english
,3986061.0,non_english
,3986091.0,non_english
,3986396.0,non_english
,3986525.0,non_english
,3986847.0,non_english
,3987554.0,non_english
,3988216.0,non_english
,3988376.0,non_english
,3988436.0,non_english
,3988594.0,non_english
,3988837.0,non_english
,3990044.0,non_english
,3991798.0,non_english
,3992239.0,non_english
,3992324.0,non_english
,3992623.0,non_english
,3992738.0,non_english
,3993218.0,non_english
,3993556.0,non_english
,3994295.0,non_english
,3994356.0,non_english
,3995093.0,non_english
,3995267.0,non_english
,3995315.0,non_english
,3995468.0,non_english
,3995867.0,non_english
,3996272.0,non_english
,3997184.0,non_english
,3997320.0,non_english
,3998009.0,non_english
,3998195.0,non_english
,3998767.0,non_english
,3999457.0,non_english
,4000128.0,non_english
,4000146.0,non_english
,4000528.0,non_english
,4000530.0,non_english
,4000700.0,non_english
,4001081.0,non_english
,4002084.0,non_english
,4002142.0,non_english
,4002164.0,non_english
,4002335.0,non_english
,4002385.0,non_english
,4003137.0,non_english
,4003158.0,non_english
,4003354.0,non_english
,4003679.0,non_english
,4003782.0,non_english
,4004546.0,non_english
,4004834.0,non_english
,4004931.0,non_english
,4005274.0,non_english
,4005738.0,non_english
,4005836.0,non_english
,4006469.0,non_english
,4007147.0,non_english
,4007662.0,non_english
,4008106.0,non_english
,4008203.0,non_english
,4008276.0,non_english
,4008486.0,non_english
,4008584.0,non_english
,4009643.0,non_english
,4009717.0,non_english
,4009849.0,non_english
,4009884.0,non_english
,4010347.0,non_english
,4011486.0,non_english
,4011932.0,non_english
,4012661.0,non_english
,4012915.0,non_english
,4013162.0,non_english
,4013641.0,non_english
,4013775.0,non_english
,4013801.0,non_english
,4013830.0,non_english
,4014351.0,non_english
,4014598.0,non_english
,4014943.0,non_english
,4014963.0,non_english
,4014974.0,non_english
,4015120.0,non_english
,4016027.0,non_english
,4017437.0,non_english
,4018824.0,non_english
,4019508.0,non_english
,4019560.0,non_english
,4019617.0,non_english
,4020173.0,non_english
,4020313.0,non_english
,4021229.0,non_english
,4021678.0,non_english
,4021794.0,non_english
,4023079.0,non_english
,4023381.0,non_english
,4023602.0,non_english
,4024216.0,non_english
,4025667.0,non_english
,4025806.0,non_english
,4025908.0,non_english
,4026238.0,non_english
,4026855.0,non_english
,4026930.0,non_english
,4027194.0,non_english
,4027225.0,non_english
,4027760.0,non_english
,4027808.0,non_english
,4027824.0,non_english
,4028171.0,non_english
,4028407.0,non_english
,4029490.0,non_english
,4029871.0,non_english
,4030145.0,non_english
,4030680.0,non_english
,4031629.0,non_english
,4031784.0,non_english
,4031866.0,non_english
,4032028.0,non_english
,4032738.0,non_english
,4034107.0,non_english
,4034634.0,non_english
,4034688.0,non_english
,4036846.0,non_english
,4037288.0,non_english
,4037365.0,non_english
,4037628.0,non_english
,4037723.0,non_english
,4037798.0,non_english
,4038583.0,non_english
,4039982.0,non_english
,4041096.0,non_english
,4042532.0,non_english
,4042629.0,non_english
,4042704.0,non_english
,4043557.0,non_english
,4043578.0,non_english
,4043738.0,non_english
,4044894.0,non_english
,4045282.0,non_english
,4045385.0,non_english
,4045924.0,non_english
,4046451.0,non_english
,4046690.0,non_english
,4047049.0,non_english
,4047391.0,non_english
,4047423.0,non_english
,4047821.0,non_english
,4047832.0,non_english
,4049331.0,non_english
,4049546.0,non_english
,4049631.0,non_english
,4049671.0,non_english
,4050286.0,non_english
,4051048.0,non_english
,4051582.0,non_english
,4051620.0,non_english
,4051781.0,non_english
,4052149.0,non_english
,4052339.0,non_english
,4052410.0,non_english
,4052597.0,non_english
,4052981.0,non_english
,4054797.0,non_english
,4055489.0,non_english
,4055597.0,non_english
,4055749.0,non_english
,4056032.0,non_english
,4056067.0,non_english
,4056120.0,non_english
,4056160.0,non_english
,4056407.0,non_english
,4058041.0,non_english
,4058263.0,non_english
,4058289.0,non_english
,4058476.0,non_english
,4058988.0,non_english
,4059050.0,non_english
,4060123.0,non_english
,4060150.0,non_english
,4060369.0,non_english
,4060398.0,non_english
,4060473.0,non_english
,4060935.0,non_english
,4061212.0,non_english
,4061546.0,non_english
,4061611.0,non_english
,4061862.0,non_english
,4061883.0,non_english
,4062160.0,non_english
,4062408.0,non_english
,4062835.0,non_english
,4063371.0,non_english
,4063686.0,non_english
,4063860.0,non_english
,4063964.0,non_english
,4064179.0,non_english
,4064673.0,non_english
,4065453.0,non_english
,4065680.0,non_english
,4065712.0,non_english
,4065863.0,non_english
,4066157.0,non_english
,4066272.0,non_english
,4066275.0,non_english
,4067127.0,non_english
,4068686.0,non_english
,4068775.0,non_english
,4069200.0,non_english
,4069684.0,non_english
,4069967.0,non_english
,4070043.0,non_english
,4070176.0,non_english
,4070288.0,non_english
,4070414.0,non_english
,4070417.0,non_english
,4070462.0,non_english
,4070834.0,non_english
,4071022.0,non_english
,4071185.0,non_english
,4071291.0,non_english
,4071444.0,non_english
,4071649.0,non_english
,4071798.0,non_english
,4072140.0,non_english
,4073125.0,non_english
,4074304.0,non_english
,4074702.0,non_english
,4075008.0,non_english
,4075123.0,non_english
,4075278.0,non_english
,4075880.0,non_english
,4076236.0,non_english
,4076292.0,non_english
,4076664.0,non_english
,4076937.0,non_english
,4077185.0,non_english
,4077449.0,non_english
,4077504.0,non_english
,4077981.0,non_english
,4077997.0,non_english
,4078164.0,non_english
,4078275.0,non_english
,4078526.0,non_english
,4079322.0,non_english
,4082071.0,non_english
,4082295.0,non_english
,4082757.0,non_english
,4082768.0,non_english
,4083267.0,non_english
,4083501.0,non_english
,4084440.0,non_english
,4085115.0,non_english
,4085121.0,non_english
,4085754.0,non_english
,4085799.0,non_english
,4086564.0,non_english
,4086821.0,non_english
,4087043.0,non_english
,4087473.0,non_english
,4087529.0,non_english
,4087656.0,non_english
,4089451.0,non_english
,4089766.0,non_english
,4090641.0,non_english
,4090830.0,non_english
,4090900.0,non_english
,4091224.0,non_english
,4091538.0,non_english
,4091615.0,non_english
,4091991.0,non_english
,4092424.0,non_english
,4092611.0,non_english
,4092679.0,non_english
,4092772.0,non_english
,4093739.0,non_english
,4093794.0,non_english
,4094192.0,non_english
,4094394.0,non_english
,4094981.0,non_english
,4095038.0,non_english
,4095181.0,non_english
,4095741.0,non_english
,4095868.0,non_english
,4096331.0,non_english
,4096478.0,non_english
,4096617.0,non_english
,4097171.0,non_english
,4097362.0,non_english
,4098052.0,non_english
,4098231.0,non_english
,4098428.0,non_english
,4098526.0,non_english
,4098766.0,non_english
,4098772.0,non_english
,4098789.0,non_english
,4098848.0,non_english
,4099111.0,non_english
,4100045.0,non_english
,4101618.0,non_english
,4101924.0,non_english
,4102024.0,non_english
,4102257.0,non_english
,4102443.0,non_english
,4102747.0,non_english
,4102899.0,non_english
,4103294.0,non_english
,4103465.0,non_english
,4103512.0,non_english
,4103564.0,non_english
,4103835.0,non_english
,4103886.0,non_english
,4104643.0,non_english
,4105957.0,non_english
,4106210.0,non_english
,4106213.0,non_english
,4107173.0,non_english
,4107196.0,non_english
,4107231.0,non_english
,4107357.0,non_english
,4107419.0,non_english
,4107702.0,non_english
,4107860.0,non_english
,4107940.0,non_english
,4108193.0,non_english
,4108263.0,non_english
,4108777.0,non_english
,4109676.0,non_english
,4110786.0,non_english
,4111213.0,non_english
,4111490.0,non_english
,4111646.0,non_english
,4111886.0,non_english
,4111952.0,non_english
,4112092.0,non_english
,4112465.0,non_english
,4112814.0,non_english
,4112848.0,non_english
,4113356.0,non_english
,4113522.0,non_english
,4114317.0,non_english
,4114658.0,non_english
,4115432.0,non_english
,4115757.0,non_english
,4117538.0,non_english
,4118447.0,non_english
,4118464.0,non_english
,4119011.0,non_english
,4119207.0,non_english
,4119260.0,non_english
,4120158.0,non_english
,4120360.0,non_english
,4120441.0,non_english
,4120688.0,non_english
,4121945.0,non_english
,4122049.0,non_english
,4122092.0,non_english
,4122171.0,non_english
,4122350.0,non_english
,4122599.0,non_english
,4122619.0,non_english
,4123521.0,non_english
,4123858.0,non_english
,4124136.0,non_english
,4124320.0,non_english
,4124644.0,non_english
,4125211.0,non_english
,4125402.0,non_english
,4126048.0,non_english
,4126173.0,non_english
,4126216.0,non_english
,4126757.0,non_english
,4126884.0,non_english
,4127077.0,non_english
,4127186.0,non_english
,4127760.0,non_english
,4128334.0,non_english
,4129129.0,non_english
,4129279.0,non_english
,4129856.0,non_english
,4131525.0,non_english
,4132199.0,non_english
,4132250.0,non_english
,4132361.0,non_english
,4132623.0,non_english
,4132758.0,non_english
,4133500.0,non_english
,4133581.0,non_english
,4133753.0,non_english
,4134196.0,non_english
,4134376.0,non_english
,4134500.0,non_english
,4134551.0,non_english
,4134918.0,non_english
,4134923.0,non_english
,4134924.0,non_english
,4134981.0,non_english
,4135044.0,non_english
,4135879.0,non_english
,4136199.0,non_english
,4136321.0,non_english
,4136354.0,non_english
,4136434.0,non_english
,4136623.0,non_english
,4136654.0,non_english
,4136782.0,non_english
,4137762.0,non_english
,4137834.0,non_english
,4138329.0,non_english
,4138570.0,non_english
,4138660.0,non_english
,4138927.0,non_english
,4139094.0,non_english
,4139611.0,non_english
,4139934.0,non_english
,4140875.0,non_english
,4141379.0,non_english
,4142246.0,non_english
,4142255.0,non_english
,4142982.0,non_english
,4143083.0,non_english
,4143104.0,non_english
,4143917.0,non_english
,4144052.0,non_english
,4144105.0,non_english
,4144682.0,non_english
,4144801.0,non_english
,4144846.0,non_english
,4144948.0,non_english
,4145021.0,non_english
,4145179.0,non_english
,4145430.0,non_english
,4145512.0,non_english
,4145583.0,non_english
,4145689.0,non_english
,4145794.0,non_english
,4145912.0,non_english
,4146875.0,non_english
,4147029.0,non_english
,4147436.0,non_english
,4147447.0,non_english
,4147508.0,non_english
,4147726.0,non_english
,4147784.0,non_english
,4147986.0,non_english
,4148135.0,non_english
,4148258.0,non_english
,4148757.0,non_english
,4148807.0,non_english
,4149386.0,non_english
,4149634.0,non_english
,4149861.0,non_english
,4149937.0,non_english
,4150022.0,non_english
,4150548.0,non_english
,4150575.0,non_english
,4150716.0,non_english
,4150719.0,non_english
,4151404.0,non_english
,4151511.0,non_english
,4152158.0,non_english
,4152475.0,non_english
,4152851.0,non_english
,4154318.0,non_english
,4154336.0,non_english
,4154408.0,non_english
,4154411.0,non_english
,4154517.0,non_english
,4154567.0,non_english
,4154829.0,non_english
,4155144.0,non_english
,4155155.0,non_english
,4155612.0,non_english
,4156176.0,non_english
,4156188.0,non_english
,4156483.0,non_english
,4156546.0,non_english
,4156863.0,non_english
,4156879.0,non_english
,4157051.0,non_english
,4157060.0,non_english
,4158678.0,non_english
,4159072.0,non_english
,4159168.0,non_english
,4159347.0,non_english
,4159759.0,non_english
,4160109.0,non_english
,4160268.0,non_english
,4160294.0,non_english
,4160754.0,non_english
,4160906.0,non_english
,4161061.0,non_english
,4161213.0,non_english
,4161217.0,non_english
,4161442.0,non_english
,4161848.0,non_english
,4161965.0,non_english
,4162625.0,non_english
,4162911.0,non_english
,4163734.0,non_english
,4164093.0,non_english
,4164218.0,non_english
,4164608.0,non_english
,4165253.0,non_english
,4165904.0,non_english
,4166080.0,non_english
,4166134.0,non_english
,4166189.0,non_english
,4166384.0,non_english
,4166457.0,non_english
,4166474.0,non_english
,4167002.0,non_english
,4167224.0,non_english
,4167230.0,non_english
,4167452.0,non_english
,4167504.0,non_english
,4168025.0,non_english
,4168077.0,non_english
,4168141.0,non_english
,4168195.0,non_english
,4168253.0,non_english
,4168387.0,non_english
,4168494.0,non_english
,4168650.0,non_english
,4168867.0,non_english
,4168920.0,non_english
,4168936.0,non_english
,4169136.0,non_english
,4169648.0,non_english
,4169931.0,non_english
,4169951.0,non_english
,4170126.0,non_english
,4170741.0,non_english
,4171334.0,non_english
,4173442.0,non_english
,4174216.0,non_english
,4174379.0,non_english
,4174577.0,non_english
,4174593.0,non_english
,4174753.0,non_english
,4175141.0,non_english
,4175156.0,non_english
,4175671.0,non_english
,4176262.0,non_english
,4176573.0,non_english
,4177062.0,non_english
,4177261.0,non_english
,4178046.0,non_english
,4178699.0,non_english
,4178928.0,non_english
,4179580.0,non_english
,4179603.0,non_english
,4180199.0,non_english
,4180259.0,non_english
,4180709.0,non_english
,4180870.0,non_english
,4180882.0,non_english
,4181416.0,non_english
,4181499.0,non_english
,4182233.0,non_english
,4183026.0,non_english
,4183074.0,non_english
,4183797.0,non_english
,4184010.0,non_english
,4184341.0,non_english
,4184819.0,non_english
,4184968.0,non_english
,4184997.0,non_english
,4185061.0,non_english
,4185469.0,non_english
,4185651.0,non_english
,4185842.0,non_english
,4185939.0,non_english
,4187951.0,non_english
,4188033.0,non_english
,4188087.0,non_english
,4188108.0,non_english
,4188649.0,non_english
,4189322.0,non_english
,4189633.0,non_english
,4189772.0,non_english
,4190463.0,non_english
,4191107.0,non_english
,4191395.0,non_english
,4191446.0,non_english
,4191608.0,non_english
,4191610.0,non_english
,4192582.0,non_english
,4192858.0,non_english
,4193027.0,non_english
,4193029.0,non_english
,4193060.0,non_english
,4193102.0,non_english
,4193683.0,non_english
,4193699.0,non_english
,4194515.0,non_english
,4194610.0,non_english
,4194837.0,non_english
,4194898.0,non_english
,4195385.0,non_english
,4195774.0,non_english
,4196235.0,non_english
,4196813.0,non_english
,4197274.0,non_english
,4197975.0,non_english
,4198125.0,non_english
,4198266.0,non_english
,4198457.0,non_english
,4198461.0,non_english
,4198483.0,non_english
,4198722.0,non_english
,4198807.0,non_english
,4199530.0,non_english
,4199553.0,non_english
,4200538.0,non_english
,4200901.0,non_english
,4200933.0,non_english
,4200969.0,non_english
,4201297.0,non_english
,4201405.0,non_english
,4201584.0,non_english
,4202119.0,non_english
,4202124.0,non_english
,4204008.0,non_english
,4204520.0,non_english
,4204742.0,non_english
,4204824.0,non_english
,4204951.0,non_english
,4205254.0,non_english
,4205577.0,non_english
,4205678.0,non_english
,4207101.0,non_english
,4207303.0,non_english
,4209400.0,non_english
,4209430.0,non_english
,4209797.0,non_english
,4210149.0,non_english
,4210215.0,non_english
,4210515.0,non_english
,4210801.0,non_english
,4211443.0,non_english
,4212122.0,non_english
,4212205.0,non_english
,4212515.0,non_english
,4213413.0,non_english
,4214184.0,non_english
,4214217.0,non_english
,4214330.0,non_english
,4214383.0,non_english
,4214453.0,non_english
,4215039.0,non_english
,4215300.0,non_english
,4215620.0,non_english
,4215622.0,non_english
,4215676.0,non_english
,4215912.0,non_english
,4216057.0,non_english
,4216195.0,non_english
,4216289.0,non_english
,4216767.0,non_english
,4217081.0,non_english
,4217242.0,non_english
,4217857.0,non_english
,4219317.0,non_english
,4220088.0,non_english
,4220152.0,non_english
,4221449.0,non_english
,4221967.0,non_english
,4222033.0,non_english
,4222465.0,non_english
,4223303.0,non_english
,4223444.0,non_english
,4223528.0,non_english
,4224011.0,non_english
,4224139.0,non_english
,4224164.0,non_english
,4224548.0,non_english
,4225235.0,non_english
,4225339.0,non_english
,4225474.0,non_english
,4226273.0,non_english
,4226343.0,non_english
,4226441.0,non_english
,4227418.0,non_english
,4227738.0,non_english
,4228199.0,non_english
,4228368.0,non_english
,4229010.0,non_english
,4229029.0,non_english
,4229330.0,non_english
,4229349.0,non_english
,4229732.0,non_english
,4229757.0,non_english
,4229943.0,non_english
,4230099.0,non_english
,4230104.0,non_english
,4230111.0,non_english
,4230545.0,non_english
,4230880.0,non_english
,4231384.0,non_english
,4231655.0,non_english
,4231667.0,non_english
,4232353.0,non_english
,4232388.0,non_english
,4232600.0,non_english
,4233285.0,non_english
,4233500.0,non_english
,4233784.0,non_english
,4233913.0,non_english
,4235026.0,non_english
,4235103.0,non_english
,4235188.0,non_english
,4235216.0,non_english
,4236255.0,non_english
,4236317.0,non_english
,4236788.0,non_english
,4236835.0,non_english
,4237024.0,non_english
,4237130.0,non_english
,4237257.0,non_english
,4237531.0,non_english
,4237729.0,non_english
,4237924.0,non_english
,4239394.0,non_english
,4239549.0,non_english
,4240174.0,non_english
,4240298.0,non_english
,4240328.0,non_english
,4240856.0,non_english
,4241045.0,non_english
,4241326.0,non_english
,4242209.0,non_english
,4242289.0,non_english
,4242309.0,non_english
,4242358.0,non_english
,4242669.0,non_english
,4242690.0,non_english
,4243111.0,non_english
,4243322.0,non_english
,4243496.0,non_english
,4243818.0,non_english
,4244133.0,non_english
,4244615.0,non_english
,4244618.0,non_english
,4245267.0,non_english
,4245330.0,non_english
,4245808.0,non_english
,4246303.0,non_english
,4246431.0,non_english
,4246715.0,non_english
,4247392.0,non_english
,4247589.0,non_english
,4247795.0,non_english
,4247988.0,non_english
,4248051.0,non_english
,4248535.0,non_english
,4248602.0,non_english
,4248611.0,non_english
,4248811.0,non_english
,4249541.0,non_english
,4250345.0,non_english
,4251037.0,non_english
,4251660.0,non_english
,4251738.0,non_english
,4252735.0,non_english
,4252742.0,non_english
,4252946.0,non_english
,4253479.0,non_english
,4253953.0,non_english
,4254251.0,non_english
,4254408.0,non_english
,4254795.0,non_english
,4254808.0,non_english
,4254828.0,non_english
,4254930.0,non_english
,4255177.0,non_english
,4256229.0,non_english
,4256336.0,non_english
,4256544.0,non_english
,4256953.0,non_english
,4257084.0,non_english
,4257155.0,non_english
,4257714.0,non_english
,4257851.0,non_english
,4259403.0,non_english
,4259573.0,non_english
,4259809.0,non_english
,4259894.0,non_english
,4260576.0,non_english
,4260667.0,non_english
,4261013.0,non_english
,4261028.0,non_english
,4261217.0,non_english
,4261439.0,non_english
,4261511.0,non_english
,4261919.0,non_english
,4262301.0,non_english
,4262454.0,non_english
,4262665.0,non_english
,4263203.0,non_english
,4264095.0,non_english
,4264212.0,non_english
,4264878.0,non_english
,4265281.0,non_english
,4265404.0,non_english
,4266208.0,non_english
,4266356.0,non_english
,4266357.0,non_english
,4266381.0,non_english
,4266444.0,non_english
,4267338.0,non_english
,4267724.0,non_english
,4267746.0,non_english
,4268166.0,non_english
,4268262.0,non_english
,4268365.0,non_english
,4268852.0,non_english
,4269353.0,non_english
,4269524.0,non_english
,4269723.0,non_english
,4269933.0,non_english
,4270037.0,non_english
,4270104.0,non_english
,4270122.0,non_english
,4270193.0,non_english
,4270252.0,non_english
,4270318.0,non_english
,4270486.0,non_english
,4270570.0,non_english
,4271089.0,non_english
,4271304.0,non_english
,4272209.0,non_english
,4272240.0,non_english
,4272897.0,non_english
,4273079.0,non_english
,4273585.0,non_english
,4273773.0,non_english
,4274014.0,non_english
,4274094.0,non_english
,4274285.0,non_english
,4274939.0,non_english
,4275576.0,non_english
,4275660.0,non_english
,4275674.0,non_english
,4275742.0,non_english
,4276231.0,non_english
,4276313.0,non_english
,4276850.0,non_english
,4277001.0,non_english
,4277136.0,non_english
,4277351.0,non_english
,4277434.0,non_english
,4277440.0,non_english
,4277458.0,non_english
,4277777.0,non_english
,4277830.0,non_english
,4277832.0,non_english
,4278348.0,non_english
,4278521.0,non_english
,4278562.0,non_english
,4278752.0,non_english
,4278767.0,non_english
,4279021.0,non_english
,4279323.0,non_english
,4279377.0,non_english
,4279845.0,non_english
,4279944.0,non_english
,4280720.0,non_english
,4280937.0,non_english
,4281432.0,non_english
,4281669.0,non_english
,4281800.0,non_english
,4282052.0,non_english
,4282151.0,non_english
,4282170.0,non_english
,4282284.0,non_english
,4282438.0,non_english
,4282823.0,non_english
,4283404.0,non_english
,4283682.0,non_english
,4283716.0,non_english
,4284549.0,non_english
,4285211.0,non_english
,4285760.0,non_english
,4285962.0,non_english
,4286257.0,non_english
,4286282.0,non_english
,4286373.0,non_english
,4286504.0,non_english
,4286948.0,non_english
,4287272.0,non_english
,4288443.0,non_english
,4288562.0,non_english
,4288994.0,non_english
,4289047.0,non_english
,4289446.0,non_english
,4289535.0,non_english
,4289682.0,non_english
,4289718.0,non_english
,4289847.0,non_english
,4290563.0,non_english
,4291577.0,non_english
,4291851.0,non_english
,4291898.0,non_english
,4291899.0,non_english
,4292936.0,non_english
,4292984.0,non_english
,4293271.0,non_english
,4293433.0,non_english
,4293618.0,non_english
,4293774.0,non_english
,4293832.0,non_english
,4294070.0,non_english
,4294144.0,non_english
,4294150.0,non_english
,4294763.0,non_english
,4294770.0,non_english
,4295089.0,non_english
,4296012.0,non_english
,4296530.0,non_english
,4296986.0,non_english
,4297122.0,non_english
,4297309.0,non_english
,4297789.0,non_english
,4298460.0,non_english
,4298637.0,non_english
,4299279.0,non_english
,4299346.0,non_english
,4299413.0,non_english
,4299641.0,non_english
,4299896.0,non_english
,4300712.0,non_english
,4301074.0,non_english
,4301159.0,non_english
,4302277.0,non_english
,4302326.0,non_english
,4302383.0,non_english
,4303123.0,non_english
,4303627.0,non_english
,4303697.0,non_english
,4304104.0,non_english
,4304129.0,non_english
,4304596.0,non_english
,4304646.0,non_english
,4305221.0,non_english
,4305474.0,non_english
,4305615.0,non_english
,4305843.0,non_english
,4306142.0,non_english
,4306194.0,non_english
,4306805.0,non_english
,4306898.0,non_english
,4306993.0,non_english
,4307179.0,non_english
,4307427.0,non_english
,4307475.0,non_english
,4307654.0,non_english
,4307719.0,non_english
,4307838.0,non_english
,4307846.0,non_english
,4308165.0,non_english
,4308359.0,non_english
,4308735.0,non_english
,4309388.0,non_english
,4309992.0,non_english
,4310450.0,non_english
,4310678.0,non_english
,4310999.0,non_english
,4311611.0,non_english
,4311744.0,non_english
,4311846.0,non_english
,4312089.0,non_english
,4312391.0,non_english
,4312806.0,non_english
,4313825.0,non_english
,4313893.0,non_english
,4313894.0,non_english
,4314332.0,non_english
,4314584.0,non_english
,4314824.0,non_english
,4315309.0,non_english
,4315384.0,non_english
,4316082.0,non_english
,4316417.0,non_english
,4316438.0,non_english
,4316686.0,non_english
,4317083.0,non_english
,4317210.0,non_english
,4317363.0,non_english
,4319221.0,non_english
,4319634.0,non_english
,4319699.0,non_english
,4319749.0,non_english
,4319792.0,non_english
,4319823.0,non_english
,4320257.0,non_english
,4320296.0,non_english
,4320741.0,non_english
,4321048.0,non_english
,4321403.0,non_english
,4321465.0,non_english
,4321483.0,non_english
,4322204.0,non_english
,4322468.0,non_english
,4322473.0,non_english
,4322899.0,non_english
,4323001.0,non_english
,4323247.0,non_english
,4323547.0,non_english
,4323695.0,non_english
,4324062.0,non_english
,4324181.0,non_english
,4324371.0,non_english
,4325161.0,non_english
,4325164.0,non_english
,4325592.0,non_english
,4326182.0,non_english
,4327030.0,non_english
,4327186.0,non_english
,4327320.0,non_english
,4327425.0,non_english
,4327440.0,non_english
,4327506.0,non_english
,4327637.0,non_english
,4327920.0,non_english
,4327963.0,non_english
,4328201.0,non_english
,4328933.0,non_english
,4329034.0,non_english
,4330846.0,non_english
,4331139.0,non_english
,4331401.0,non_english
,4331674.0,non_english
,4332415.0,non_english
,4332578.0,non_english
,4332613.0,non_english
,4333217.0,non_english
,4333241.0,non_english
,4334090.0,non_english
,4334091.0,non_english
,4334111.0,non_english
,4334579.0,non_english
,4334662.0,non_english
,4334697.0,non_english
,4335141.0,non_english
,4335371.0,non_english
,4335515.0,non_english
,4335817.0,non_english
,4336032.0,non_english
,4336107.0,non_english
,4336497.0,non_english
,4336966.0,non_english
,4337558.0,non_english
,4338823.0,non_english
,4339235.0,non_english
,4339634.0,non_english
,4340229.0,non_english
,4340429.0,non_english
,4340534.0,non_english
,4340657.0,non_english
,4340722.0,non_english
,4341286.0,non_english
,4341530.0,non_english
,4341906.0,non_english
,4342117.0,non_english
,4342239.0,non_english
,4342454.0,non_english
,4342623.0,non_english
,4342840.0,non_english
,4343624.0,non_english
,4343764.0,non_english
,4343908.0,non_english
,4343943.0,non_english
,4344015.0,non_english
,4344332.0,non_english
,4345038.0,non_english
,4345258.0,non_english
,4345565.0,non_english
,4345835.0,non_english
,4346246.0,non_english
,4346505.0,non_english
,4346956.0,non_english
,4347810.0,non_english
,4347867.0,non_english
,4348455.0,non_english
,4348480.0,non_english
,4348774.0,non_english
,4349229.0,non_english
,4349289.0,non_english
,4350401.0,non_english
,4350507.0,non_english
,4350560.0,non_english
,4350669.0,non_english
,4350921.0,non_english
,4351160.0,non_english
,4351287.0,non_english
,4351353.0,non_english
,4351709.0,non_english
,4351827.0,non_english
,4351865.0,non_english
,4352882.0,non_english
,4353057.0,non_english
,4353530.0,non_english
,4353582.0,non_english
,4353752.0,non_english
,4354215.0,non_english
,4354556.0,non_english
,4354672.0,non_english
,4354720.0,non_english
,4355027.0,non_english
,4355095.0,non_english
,4355411.0,non_english
,4355529.0,non_english
,4355582.0,non_english
,4355623.0,non_english
,4356094.0,non_english
,4356574.0,non_english
,4356972.0,non_english
,4357119.0,non_english
,4358714.0,non_english
,4358979.0,non_english
,4359061.0,non_english
,4359624.0,non_english
,4360318.0,non_english
,4360368.0,non_english
,4360485.0,non_english
,4360664.0,non_english
,4361245.0,non_english
,4361936.0,non_english
,4361978.0,non_english
,4362287.0,non_english
,4362643.0,non_english
,4362776.0,non_english
,4363240.0,non_english
,4363955.0,non_english
,4364765.0,non_english
,4365239.0,non_english
,4365723.0,non_english
,4366031.0,non_english
,4366273.0,non_english
,4366292.0,non_english
,4366441.0,non_english
,4367021.0,non_english
,4367086.0,non_english
,4367648.0,non_english
,4367841.0,non_english
,4367866.0,non_english
,4368660.0,non_english
,4368719.0,non_english
,4369065.0,non_english
,4369517.0,non_english
,4370034.0,non_english
,4370182.0,non_english
,4370398.0,non_english
,4370534.0,non_english
,4370722.0,non_english
,4370926.0,non_english
,4370983.0,non_english
,4371026.0,non_english
,4371123.0,non_english
,4371269.0,non_english
,4371467.0,non_english
,4371649.0,non_english
,4372041.0,non_english
,4372738.0,non_english
,4372824.0,non_english
,4372850.0,non_english
,4373078.0,non_english
,4374037.0,non_english
,4374171.0,non_english
,4374784.0,non_english
,4374792.0,non_english
,4375195.0,non_english
,4375401.0,non_english
,4375434.0,non_english
,4375549.0,non_english
,4376008.0,non_english
,4377400.0,non_english
,4377460.0,non_english
,4378599.0,non_english
,4378861.0,non_english
,4378921.0,non_english
,4379290.0,non_english
,4379422.0,non_english
,4379964.0,non_english
,4380013.0,non_english
,4380785.0,non_english
,4380826.0,non_english
,4381604.0,non_english
,4382117.0,non_english
,4382314.0,non_english
,4382775.0,non_english
,4382970.0,non_english
,4384005.0,non_english
,4384519.0,non_english
,4384692.0,non_english
,4384706.0,non_english
,4386194.0,non_english
,4386694.0,non_english
,4386953.0,non_english
,4387897.0,non_english
,4388242.0,non_english
,4388547.0,non_english
,4388694.0,non_english
,4389101.0,non_english
,4389165.0,non_english
,4389460.0,non_english
,4389554.0,non_english
,4389630.0,non_english
,4390456.0,non_english
,4390942.0,non_english
,4391488.0,non_english
,4391946.0,non_english
,4392001.0,non_english
,4392653.0,non_english
,4392789.0,non_english
,4393258.0,non_english
,4393432.0,non_english
,4394054.0,non_english
,4394131.0,non_english
,4394284.0,non_english
,4394318.0,non_english
,4394337.0,non_english
,4394652.0,non_english
,4394985.0,non_english
,4395832.0,non_english
,4395868.0,non_english
,4397459.0,non_english
,4397799.0,non_english
,4398036.0,non_english
,4398272.0,non_english
,4398776.0,non_english
,4398907.0,non_english
,4399361.0,non_english
,4399437.0,non_english
,4399834.0,non_english
,4399912.0,non_english
,4400998.0,non_english
,4401201.0,non_english
,4401320.0,non_english
,4401586.0,non_english
,4401633.0,non_english
,4401657.0,non_english
,4402903.0,non_english
,4403371.0,non_english
,4403550.0,non_english
,4404483.0,non_english
,4404871.0,non_english
,4405628.0,non_english
,4405699.0,non_english
,4405793.0,non_english
,4405906.0,non_english
,4405947.0,non_english
,4405957.0,non_english
,4405968.0,non_english
,4406105.0,non_english
,4406175.0,non_english
,4406641.0,non_english
,4406745.0,non_english
,4406751.0,non_english
,4407136.0,non_english
,4407264.0,non_english
,4408542.0,non_english
,4408675.0,non_english
,4408712.0,non_english
,4408719.0,non_english
,4408829.0,non_english
,4409239.0,non_english
,4409440.0,non_english
,4409499.0,non_english
,4409823.0,non_english
,4411951.0,non_english
,4412201.0,non_english
,4412990.0,non_english
,4413085.0,non_english
,4414174.0,non_english
,4414610.0,non_english
,4415317.0,non_english
,4415722.0,non_english
,4416504.0,non_english
,4417279.0,non_english
,4417401.0,non_english
,4417470.0,non_english
,4417540.0,non_english
,4417639.0,non_english
,4417849.0,non_english
,4418189.0,non_english
,4418214.0,non_english
,4418390.0,non_english
,4418519.0,non_english
,4418549.0,non_english
,4419599.0,non_english
,4419623.0,non_english
,4419960.0,non_english
,4420050.0,non_english
,4420322.0,non_english
,4420478.0,non_english
,4420698.0,non_english
,4420959.0,non_english
,4421187.0,non_english
,4421376.0,non_english
,4421620.0,non_english
,4422353.0,non_english
,4422413.0,non_english
,4423529.0,non_english
,4424051.0,non_english
,4424182.0,non_english
,4424912.0,non_english
,4425569.0,non_english
,4425612.0,non_english
,4426082.0,non_english
,4428236.0,non_english
,4428454.0,non_english
,4428959.0,non_english
,4430226.0,non_english
,4430279.0,non_english
,4430561.0,non_english
,4431400.0,non_english
,4431540.0,non_english
,4432325.0,non_english
,4432748.0,non_english
,4432851.0,non_english
,4433195.0,non_english
,4433670.0,non_english
,4434432.0,non_english
,4434601.0,non_english
,4434725.0,non_english
,4435044.0,non_english
,4435659.0,non_english
,4436386.0,non_english
,4436694.0,non_english
,4437023.0,non_english
,4437211.0,non_english
,4438329.0,non_english
,4438636.0,non_english
,4439218.0,non_english
,4439349.0,non_english
,4440642.0,non_english
,4440690.0,non_english
,4441435.0,non_english
,4441693.0,non_english
,4441969.0,non_english
,4442079.0,non_english
,4442173.0,non_english
,4442388.0,non_english
,4442610.0,non_english
,4442683.0,non_english
,4443089.0,non_english
,4443145.0,non_english
,4443570.0,non_english
,4443705.0,non_english
,4443868.0,non_english
,4444116.0,non_english
,4444333.0,non_english
,4444454.0,non_english
,4444653.0,non_english
,4445171.0,non_english
,4445482.0,non_english
,4445960.0,non_english
,4447390.0,non_english
,4447425.0,non_english
,4447967.0,non_english
,4448054.0,non_english
,4448097.0,non_english
,4448599.0,non_english
,4449489.0,non_english
,4449647.0,non_english
,4450746.0,non_english
,4451321.0,non_english
,4452856.0,non_english
,4452895.0,non_english
,4452927.0,non_english
,4453212.0,non_english
,4453592.0,non_english
,4454059.0,non_english
,4454109.0,non_english
,4454407.0,non_english
,4455032.0,non_english
,4455223.0,non_english
,4455293.0,non_english
,4455938.0,non_english
,4456043.0,non_english
,4456092.0,non_english
,4456277.0,non_english
,4456314.0,non_english
,4456323.0,non_english
,4456382.0,non_english
,4456562.0,non_english
,4456749.0,non_english
,4456754.0,non_english
,4456867.0,non_english
,4456931.0,non_english
,4457018.0,non_english
,4457350.0,non_english
,4458750.0,non_english
,4459009.0,non_english
,4459351.0,non_english
,4459359.0,non_english
,4459756.0,non_english
,4459831.0,non_english
,4459896.0,non_english
,4460090.0,non_english
,4460181.0,non_english
,4460429.0,non_english
,4461084.0,non_english
,4461108.0,non_english
,4463314.0,non_english
,4463349.0,non_english
,4463763.0,non_english
,4463981.0,non_english
,4464286.0,non_english
,4464551.0,non_english
,4465150.0,non_english
,4465313.0,non_english
,4465527.0,non_english
,4465597.0,non_english
,4465679.0,non_english
,4466297.0,non_english
,4466995.0,non_english
,4467199.0,non_english
,4467428.0,non_english
,4467443.0,non_english
,4467449.0,non_english
,4468559.0,non_english
,4468582.0,non_english
,4468673.0,non_english
,4469555.0,non_english
,4469630.0,non_english
,4470513.0,non_english
,4470807.0,non_english
,4471199.0,non_english
,4471694.0,non_english
,4471921.0,non_english
,4472095.0,non_english
,4472253.0,non_english
,4472354.0,non_english
,4473465.0,non_english
,4473656.0,non_english
,4473871.0,non_english
,4474719.0,non_english
,4475214.0,non_english
,4475267.0,non_english
,4475425.0,non_english
,4476254.0,non_english
,4476316.0,non_english
,4476343.0,non_english
,4476385.0,non_english
,4476489.0,non_english
,4476632.0,non_english
,4476802.0,non_english
,4477172.0,non_english
,4477879.0,non_english
,4478098.0,non_english
,4478711.0,non_english
,4478978.0,non_english
,4479072.0,non_english
,4479294.0,non_english
,4479506.0,non_english
,4479530.0,non_english
,4479620.0,non_english
,4479658.0,non_english
,4479886.0,non_english
,4479939.0,non_english
,4479967.0,non_english
,4480349.0,non_english
,4480492.0,non_english
,4481111.0,non_english
,4481253.0,non_english
,4481622.0,non_english
,4481755.0,non_english
,4482125.0,non_english
,4482548.0,non_english
,4483239.0,non_english
,4483939.0,non_english
,4484107.0,non_english
,4484113.0,non_english
,4484202.0,non_english
,4484238.0,non_english
,4484385.0,non_english
,4484999.0,non_english
,4485126.0,non_english
,4485524.0,non_english
,4486024.0,non_english
,4487257.0,non_english
,4487454.0,non_english
,4487466.0,non_english
,4488089.0,non_english
,4488160.0,non_english
,4488815.0,non_english
,4488886.0,non_english
,4489076.0,non_english
,4489395.0,non_english
,4489585.0,non_english
,4489730.0,non_english
,4490058.0,non_english
,4491201.0,non_english
,4492238.0,non_english
,4492564.0,non_english
,4492904.0,non_english
,4493172.0,non_english
,4493502.0,non_english
,4493749.0,non_english
,4494034.0,non_english
,4494063.0,non_english
,4494117.0,non_english
,4494295.0,non_english
,4494425.0,non_english
,4495169.0,non_english
,4495448.0,non_english
,4495485.0,non_english
,4496071.0,non_english
,4497617.0,non_english
,4497867.0,non_english
,4498330.0,non_english
,4498419.0,non_english
,4499079.0,non_english
,4499122.0,non_english
,4500287.0,non_english
,4500710.0,non_english
,4501027.0,non_english
,4501151.0,non_english
,4501584.0,non_english
,4501589.0,non_english
,4501663.0,non_english
,4501828.0,non_english
,4501977.0,non_english
,4502911.0,non_english
,4502989.0,non_english
,4503055.0,non_english
,4504215.0,non_english
,4504516.0,non_english
,4505023.0,non_english
,4505447.0,non_english
,4506300.0,non_english
,4506654.0,non_english
,4506755.0,non_english
,4507275.0,non_english
,4507285.0,non_english
,4507335.0,non_english
,4507565.0,non_english
,4507588.0,non_english
,4507910.0,non_english
,4508433.0,non_english
,4509767.0,non_english
,4510353.0,non_english
,4510540.0,non_english
,4511038.0,non_english
,4511072.0,non_english
,4511510.0,non_english
,4511725.0,non_english
,4512445.0,non_english
,4512509.0,non_english
,4512587.0,non_english
,4513143.0,non_english
,4513230.0,non_english
,4513473.0,non_english
,4513481.0,non_english
,4514216.0,non_english
,4514389.0,non_english
,4514447.0,non_english
,4514750.0,non_english
,4515260.0,non_english
,4515651.0,non_english
,4516148.0,non_english
,4516187.0,non_english
,4516189.0,non_english
,4516215.0,non_english
,4516257.0,non_english
,4516277.0,non_english
,4516300.0,non_english
,4516428.0,non_english
,4516946.0,non_english
,4516963.0,non_english
,4517025.0,non_english
,4518577.0,non_english
,4518924.0,non_english
,4519360.0,non_english
,4519878.0,non_english
,4520087.0,non_english
,4520276.0,non_english
,4520420.0,non_english
,4520423.0,non_english
,4520825.0,non_english
,4521493.0,non_english
,4521954.0,non_english
,4522070.0,non_english
,4522565.0,non_english
,4523489.0,non_english
,4523496.0,non_english
,4524068.0,non_english
,4524365.0,non_english
,4524540.0,non_english
,4524591.0,non_english
,4524766.0,non_english
,4525263.0,non_english
,4526298.0,non_english
,4527113.0,non_english
,4527201.0,non_english
,4527364.0,non_english
,4527393.0,non_english
,4527593.0,non_english
,4527646.0,non_english
,4527804.0,non_english
,4527901.0,non_english
,4528203.0,non_english
,4528220.0,non_english
,4528260.0,non_english
,4528328.0,non_english
,4528331.0,non_english
,4528401.0,non_english
,4528419.0,non_english
,4528480.0,non_english
,4528482.0,non_english
,4528492.0,non_english
,4528500.0,non_english
,4528554.0,non_english
,4528577.0,non_english
,4542967.0,non_english
,4543098.0,non_english
,4543180.0,non_english
,4543357.0,non_english
,4543382.0,non_english
,4543385.0,non_english
,4544415.0,non_english
,4545105.0,non_english
,4545140.0,non_english
,4545147.0,non_english
,4545530.0,non_english
,4545993.0,non_english
,4546203.0,non_english
,4546961.0,non_english
,4547004.0,non_english
,4547017.0,non_english
,4547275.0,non_english
,4547903.0,non_english
,4548080.0,non_english
,4548959.0,non_english
,4549068.0,non_english
,4549888.0,non_english
,4550718.0,non_english
,4550749.0,non_english
,4550938.0,non_english
,4552412.0,non_english
,4552440.0,non_english
,4553033.0,non_english
,4553229.0,non_english
,4553335.0,non_english
,4553687.0,non_english
,4554101.0,non_english
,4554325.0,non_english
,4555028.0,non_english
,4555119.0,non_english
,4555542.0,non_english
,4555653.0,non_english
,4555998.0,non_english
,4556020.0,non_english
,4556691.0,non_english
,4556934.0,non_english
,4557015.0,non_english
,4557412.0,non_english
,4557483.0,non_english
,4558131.0,non_english
,4558567.0,non_english
,4559198.0,non_english
,4559485.0,non_english
,4559898.0,non_english
,4560216.0,non_english
,4560465.0,non_english
,4561548.0,non_english
,4561800.0,non_english
,4562596.0,non_english
,4562743.0,non_english
,4562970.0,non_english
,4562986.0,non_english
,4563580.0,non_english
,4564273.0,non_english
,4564439.0,non_english
,4564906.0,non_english
,4565119.0,non_english
,4566172.0,non_english
,4567530.0,non_english
,4569757.0,non_english
,4570057.0,non_english
,4570343.0,non_english
,4570588.0,non_english
,4570718.0,non_english
,4570824.0,non_english
,4571001.0,non_english
,4571805.0,non_english
,4572627.0,non_english
,4573326.0,non_english
,4573443.0,non_english
,4573685.0,non_english
,4574034.0,non_english
,4574060.0,non_english
,4574390.0,non_english
,4574694.0,non_english
,4574850.0,non_english
,4574899.0,non_english
,4574922.0,non_english
,4574946.0,non_english
,4575104.0,non_english
,4575769.0,non_english
,4576020.0,non_english
,4576303.0,non_english
,4576703.0,non_english
,4576805.0,non_english
,4577025.0,non_english
,4577944.0,non_english
,4579052.0,non_english
,4579100.0,non_english
,4579478.0,non_english
,4579828.0,non_english
,4580224.0,non_english
,4580735.0,non_english
,4581177.0,non_english
,4581409.0,non_english
,4581533.0,non_english
,4581822.0,non_english
,4582502.0,non_english
,4583194.0,non_english
,4583352.0,non_english
,4583796.0,non_english
,4584007.0,non_english
,4584054.0,non_english
,4584498.0,non_english
,4584702.0,non_english
,4585273.0,non_english
,4585523.0,non_english
,4585666.0,non_english
,4586313.0,non_english
,4586418.0,non_english
,4586642.0,non_english
,4586737.0,non_english
,4586771.0,non_english
,4586826.0,non_english
,4587229.0,non_english
,4587357.0,non_english
,4587589.0,non_english
,4587719.0,non_english
,4587740.0,non_english
,4588011.0,non_english
,4588119.0,non_english
,4589262.0,non_english
,4589266.0,non_english
,4589292.0,non_english
,4589400.0,non_english
,4589835.0,non_english
,4590245.0,non_english
,4590514.0,non_english
,4590781.0,non_english
,4590998.0,non_english
,4591330.0,non_english
,4591697.0,non_english
,4592383.0,non_english
,4592816.0,non_english
,4593263.0,non_english
,4594677.0,non_english
,4595253.0,non_english
,4595762.0,non_english
,4595888.0,non_english
,4597450.0,non_english
,4597609.0,non_english
,4597640.0,non_english
,4598555.0,non_english
,4599285.0,non_english
,4599544.0,non_english
,4599578.0,non_english
,4600061.0,non_english
,4600511.0,non_english
,4600703.0,non_english
,4600969.0,non_english
,4601064.0,non_english
,4601316.0,non_english
,4601896.0,non_english
,4602123.0,non_english
,4602128.0,non_english
,4602807.0,non_english
,4603348.0,non_english
,4604079.0,non_english
,4604110.0,non_english
,4604949.0,non_english
,4605290.0,non_english
,4605915.0,non_english
,4606061.0,non_english
,4606239.0,non_english
,4607024.0,non_english
,4607192.0,non_english
,4607704.0,non_english
,4607836.0,non_english
,4608239.0,non_english
,4608556.0,non_english
,4608995.0,non_english
,4609021.0,non_english
,4609429.0,non_english
,4609642.0,non_english
,4609701.0,non_english
,4610519.0,non_english
,4610674.0,non_english
,4610748.0,non_english
,4612297.0,non_english
,4612381.0,non_english
,4613021.0,non_english
,4613416.0,non_english
,4613943.0,non_english
,4614015.0,non_english
,4614224.0,non_english
,4614303.0,non_english
,4614506.0,non_english
,4615100.0,non_english
,4615217.0,non_english
,4615509.0,non_english
,4615734.0,non_english
,4616240.0,non_english
,4617095.0,non_english
,4617373.0,non_english
,4617574.0,non_english
,4617685.0,non_english
,4619402.0,non_english
,4619462.0,non_english
,4619553.0,non_english
,4620004.0,non_english
,4620111.0,non_english
,4620197.0,non_english
,4620216.0,non_english
,4621104.0,non_english
,4621201.0,non_english
,4622810.0,non_english
,4623441.0,non_english
,4623705.0,non_english
,4624814.0,non_english
,4624912.0,non_english
,4624961.0,non_english
,4625719.0,non_english
,4625781.0,non_english
,4625792.0,non_english
,4625938.0,non_english
,4626340.0,non_english
,4626870.0,non_english
,4626993.0,non_english
,4627362.0,non_english
,4627468.0,non_english
,4627482.0,non_english
,4627529.0,non_english
,4627788.0,non_english
,4628294.0,non_english
,4628785.0,non_english
,4628884.0,non_english
,4628900.0,non_english
,4629509.0,non_english
,4629660.0,non_english
,4629767.0,non_english
,4630655.0,non_english
,4631318.0,non_english
,4633070.0,non_english
,4633097.0,non_english
,4633229.0,non_english
,4633578.0,non_english
,4634050.0,non_english
,4635268.0,non_english
,4635930.0,non_english
,4636013.0,non_english
,4636136.0,non_english
,4636257.0,non_english
,4636422.0,non_english
,4636631.0,non_english
,4636647.0,non_english
,4636679.0,non_english
,4636982.0,non_english
,4637533.0,non_english
,4637617.0,non_english
,4637870.0,non_english
,4637972.0,non_english
,4638691.0,non_english
,4639109.0,non_english
,4639388.0,non_english
,4639557.0,non_english
,4639561.0,non_english
,4640061.0,non_english
,4640171.0,non_english
,4640259.0,non_english
,4640425.0,non_english
,4640989.0,non_english
,4641382.0,non_english
,4641427.0,non_english
,4642196.0,non_english
,4642344.0,non_english
,4642846.0,non_english
,4643385.0,non_english
,4643616.0,non_english
,4643709.0,non_english
,4643760.0,non_english
,4643847.0,non_english
,4644288.0,non_english
,4644341.0,non_english
,4644349.0,non_english
,4644455.0,non_english
,4644624.0,non_english
,4644993.0,non_english
,4645632.0,non_english
,4645992.0,non_english
,4646147.0,non_english
,4646432.0,non_english
,4646631.0,non_english
,4647612.0,non_english
,4647739.0,non_english
,4647945.0,non_english
,4648338.0,non_english
,4648349.0,non_english
,4648378.0,non_english
,4648402.0,non_english
,4648815.0,non_english
,4649200.0,non_english
,4650042.0,non_english
,4650929.0,non_english
,4651694.0,non_english
,4652443.0,non_english
,4652756.0,non_english
,4652854.0,non_english
,4652955.0,non_english
,4653168.0,non_english
,4653411.0,non_english
,4653930.0,non_english
,4654161.0,non_english
,4655384.0,non_english
,4656012.0,non_english
,4656817.0,non_english
,4657272.0,non_english
,4657492.0,non_english
,4657521.0,non_english
,4657914.0,non_english
,4657976.0,non_english
,4658353.0,non_english
,4659039.0,non_english
,4659599.0,non_english
,4660042.0,non_english
,4660874.0,non_english
,4661036.0,non_english
,4661439.0,non_english
,4662990.0,non_english
,4663260.0,non_english
,4663414.0,non_english
,4663772.0,non_english
,4664205.0,non_english
,4665283.0,non_english
,4665552.0,non_english
,4665799.0,non_english
,4666330.0,non_english
,4667016.0,non_english
,4667022.0,non_english
,4667029.0,non_english
,4667333.0,non_english
,4667426.0,non_english
,4667559.0,non_english
,4667653.0,non_english
,4667838.0,non_english
,4668002.0,non_english
,4668089.0,non_english
,4668696.0,non_english
,4668723.0,non_english
,4669017.0,non_english
,4669068.0,non_english
,4671162.0,non_english
,4671289.0,non_english
,4671594.0,non_english
,4672701.0,non_english
,4672918.0,non_english
,4673085.0,non_english
,4673308.0,non_english
,4673766.0,non_english
,4674044.0,non_english
,4674160.0,non_english
,4675375.0,non_english
,4675775.0,non_english
,4676042.0,non_english
,4676334.0,non_english
,4676383.0,non_english
,4676518.0,non_english
,4676524.0,non_english
,4676543.0,non_english
,4676801.0,non_english
,4677016.0,non_english
,4677163.0,non_english
,4677421.0,non_english
,4678987.0,non_english
,4679085.0,non_english
,4679715.0,non_english
,4680111.0,non_english
,4680201.0,non_english
,4680221.0,non_english
,4680266.0,non_english
,4680518.0,non_english
,4681000.0,non_english
,4681085.0,non_english
,4681148.0,non_english
,4681727.0,non_english
,4681897.0,non_english
,4681984.0,non_english
,4681989.0,non_english
,4681991.0,non_english
,4682243.0,non_english
,4682487.0,non_english
,4682790.0,non_english
,4683368.0,non_english
,4683686.0,non_english
,4684869.0,non_english
,4685670.0,non_english
,4685720.0,non_english
,4685754.0,non_english
,4686837.0,non_english
,4686867.0,non_english
,4687353.0,non_english
,4688089.0,non_english
,4688294.0,non_english
,4688379.0,non_english
,4688405.0,non_english
,4688779.0,non_english
,4688977.0,non_english
,4689013.0,non_english
,4689354.0,non_english
,4690997.0,non_english
,4691617.0,non_english
,4692432.0,non_english
,4693692.0,non_english
,4694230.0,non_english
,4694458.0,non_english
,4695813.0,non_english
,4695860.0,non_english
,4696008.0,non_english
,4696385.0,non_english
,4696389.0,non_english
,4697036.0,non_english
,4697938.0,non_english
,4698493.0,non_english
,4699383.0,non_english
,4699448.0,non_english
,4699622.0,non_english
,4700377.0,non_english
,4701554.0,non_english
,4702967.0,non_english
,4703171.0,non_english
,4703769.0,non_english
,4704197.0,non_english
,4704265.0,non_english
,4704466.0,non_english
,4704785.0,non_english
,4705004.0,non_english
,4705053.0,non_english
,4705218.0,non_english
,4705455.0,non_english
,4705888.0,non_english
,4705924.0,non_english
,4706175.0,non_english
,4706843.0,non_english
,4706922.0,non_english
,4707193.0,non_english
,4707972.0,non_english
,4708261.0,non_english
,4708604.0,non_english
,4708972.0,non_english
,4709011.0,non_english
,4709236.0,non_english
,4709499.0,non_english
,4709726.0,non_english
,4709742.0,non_english
,4710369.0,non_english
,4710960.0,non_english
,4711940.0,non_english
,4712213.0,non_english
,4712550.0,non_english
,4712594.0,non_english
,4713427.0,non_english
,4713526.0,non_english
,4713606.0,non_english
,4713694.0,non_english
,4713759.0,non_english
,4714140.0,non_english
,4714258.0,non_english
,4714704.0,non_english
,4714798.0,non_english
,4714955.0,non_english
,4715461.0,non_english
,4715513.0,non_english
,4715613.0,non_english
,4716002.0,non_english
,4716023.0,non_english
,4716733.0,non_english
,4717321.0,non_english
,4718582.0,non_english
,4718854.0,non_english
,4719231.0,non_english
,4719808.0,non_english
,4720447.0,non_english
,4720542.0,non_english
,4720982.0,non_english
,4721375.0,non_english
,4721442.0,non_english
,4721636.0,non_english
,4721964.0,non_english
,4721965.0,non_english
,4722029.0,non_english
,4722094.0,non_english
,4723186.0,non_english
,4723517.0,non_english
,4724648.0,non_english
,4725087.0,non_english
,4725410.0,non_english
,4725640.0,non_english
,4725718.0,non_english
,4725867.0,non_english
,4726243.0,non_english
,4726376.0,non_english
,4726433.0,non_english
,4726859.0,non_english
,4727014.0,non_english
,4727617.0,non_english
,4727642.0,non_english
,4727912.0,non_english
,4727946.0,non_english
,4728429.0,non_english
,4728601.0,non_english
,4728607.0,non_english
,4728903.0,non_english
,4728938.0,non_english
,4728969.0,non_english
,4729048.0,non_english
,4729486.0,non_english
,4729873.0,non_english
,4730086.0,non_english
,4730349.0,non_english
,4730459.0,non_english
,4730473.0,non_english
,4730537.0,non_english
,4730633.0,non_english
,4731254.0,non_english
,4731577.0,non_english
,4731768.0,non_english
,4732314.0,non_english
,4733378.0,non_english
,4733830.0,non_english
,4734497.0,non_english
,4734711.0,non_english
,4735449.0,non_english
,4735503.0,non_english
,4735661.0,non_english
,4735839.0,non_english
,4736076.0,non_english
,4736159.0,non_english
,4736584.0,non_english
,4737174.0,non_english
,4737335.0,non_english
,4737703.0,non_english
,4737811.0,non_english
,4738165.0,non_english
,4738595.0,non_english
,4738598.0,non_english
,4738612.0,non_english
,4738721.0,non_english
,4739978.0,non_english
,4740055.0,non_english
,4740181.0,non_english
,4740873.0,non_english
,4740938.0,non_english
,4741049.0,non_english
,4741358.0,non_english
,4742428.0,non_english
,4742509.0,non_english
,4742549.0,non_english
,4742877.0,non_english
,4742879.0,non_english
,4742917.0,non_english
,4743913.0,non_english
,4744117.0,non_english
,4744136.0,non_english
,4744220.0,non_english
,4744460.0,non_english
,4745314.0,non_english
,4745546.0,non_english
,4745547.0,non_english
,4745562.0,non_english
,4745575.0,non_english
,4745808.0,non_english
,4746235.0,non_english
,4746293.0,non_english
,4746439.0,non_english
,4747103.0,non_english
,4747367.0,non_english
,4747816.0,non_english
,4747993.0,non_english
,4748473.0,non_english
,4748597.0,non_english
,4748885.0,non_english
,4749080.0,non_english
,4749952.0,non_english
,4750004.0,non_english
,4750902.0,non_english
,4751372.0,non_english
,4752127.0,non_english
,4752254.0,non_english
,4752476.0,non_english
,4753200.0,non_english
,4753320.0,non_english
,4753571.0,non_english
,4753694.0,non_english
,4753738.0,non_english
,4754617.0,non_english
,4754869.0,non_english
,4755120.0,non_english
,4755129.0,non_english
,4756022.0,non_english
,4756107.0,non_english
,4756173.0,non_english
,4756303.0,non_english
,4756886.0,non_english
,4757319.0,non_english
,4757508.0,non_english
,4757612.0,non_english
,4757827.0,non_english
,4758324.0,non_english
,4758482.0,non_english
,4758680.0,non_english
,4758867.0,non_english
,4758887.0,non_english
,4758985.0,non_english
,4759319.0,non_english
,4759393.0,non_english
,4759444.0,non_english
,4759837.0,non_english
,4759974.0,non_english
,4760545.0,non_english
,4761168.0,non_english
,4761883.0,non_english
,4761934.0,non_english
,4762033.0,non_english
,4762812.0,non_english
,4762999.0,non_english
,4763077.0,non_english
,4763139.0,non_english
,4763671.0,non_english
,4764209.0,non_english
,4764390.0,non_english
,4764406.0,non_english
,4764488.0,non_english
,4765319.0,non_english
,4765583.0,non_english
,4766464.0,non_english
,4766806.0,non_english
,4767024.0,non_english
,4767757.0,non_english
,4767870.0,non_english
,4768475.0,non_english
,4768828.0,non_english
,4769705.0,non_english
,4769889.0,non_english
,4770616.0,non_english
,4770831.0,non_english
,4770968.0,non_english
,4771207.0,non_english
,4771242.0,non_english
,4771323.0,non_english
,4771400.0,non_english
,4771942.0,non_english
,4772254.0,non_english
,4772306.0,non_english
,4772987.0,non_english
,4773167.0,non_english
,4774070.0,non_english
,4774569.0,non_english
,4774650.0,non_english
,4775701.0,non_english
,4775932.0,non_english
,4776161.0,non_english
,4776944.0,non_english
,4776969.0,non_english
,4777227.0,non_english
,4777258.0,non_english
,4777510.0,non_english
,4777639.0,non_english
,4777800.0,non_english
,4777824.0,non_english
,4778390.0,non_english
,4778398.0,non_english
,4779444.0,non_english
,4779626.0,non_english
,4780410.0,non_english
,4780575.0,non_english
,4780982.0,non_english
,4780996.0,non_english
,4781335.0,non_english
,4781501.0,non_english
,4781521.0,non_english
,4781808.0,non_english
,4781924.0,non_english
,4782067.0,non_english
,4782209.0,non_english
,4782363.0,non_english
,4782425.0,non_english
,4782505.0,non_english
,4782583.0,non_english
,4783108.0,non_english
,4783629.0,non_english
,4783821.0,non_english
,4784125.0,non_english
,4784203.0,non_english
,4784285.0,non_english
,4784357.0,non_english
,4784982.0,non_english
,4785264.0,non_english
,4785575.0,non_english
,4786209.0,non_english
,4786250.0,non_english
,4786326.0,non_english
,4786724.0,non_english
,4786873.0,non_english
,4787144.0,non_english
,4787415.0,non_english
,4787473.0,non_english
,4787586.0,non_english
,4788034.0,non_english
,4788068.0,non_english
,4788960.0,non_english
,4788961.0,non_english
,4789021.0,non_english
,4789138.0,non_english
,4789365.0,non_english
,4789838.0,non_english
,4790065.0,non_english
,4790129.0,non_english
,4790145.0,non_english
,4790238.0,non_english
,4791453.0,non_english
,4791492.0,non_english
,4791702.0,non_english
,4791809.0,non_english
,4792508.0,non_english
,4793248.0,non_english
,4793527.0,non_english
,4793787.0,non_english
,4795047.0,non_english
,4795151.0,non_english
,4795261.0,non_english
,4795850.0,non_english
,4797193.0,non_english
,4797428.0,non_english
,4797429.0,non_english
,4797456.0,non_english
,4797479.0,non_english
,4797586.0,non_english
,4798361.0,non_english
,4798367.0,non_english
,4798533.0,non_english
,4798820.0,non_english
,4798855.0,non_english
,4799226.0,non_english
,4800300.0,non_english
,4801267.0,non_english
,4801273.0,non_english
,4801958.0,non_english
,4802385.0,non_english
,4802574.0,non_english
,4803044.0,non_english
,4804024.0,non_english
,4805190.0,non_english
,4805352.0,non_english
,4805355.0,non_english
,4805552.0,non_english
,4805681.0,non_english
,4805686.0,non_english
,4805838.0,non_english
,4805982.0,non_english
,4806132.0,non_english
,4806144.0,non_english
,4806288.0,non_english
,4806373.0,non_english
,4806783.0,non_english
,4806979.0,non_english
,4807190.0,non_english
,4809039.0,non_english
,4809336.0,non_english
,4810030.0,non_english
,4810157.0,non_english
,4811070.0,non_english
,4811995.0,non_english
,4812232.0,non_english
,4812553.0,non_english
,4812600.0,non_english
,4812771.0,non_english
,4812855.0,non_english
,4812858.0,non_english
,4813190.0,non_english
,4813572.0,non_english
,4813834.0,non_english
,4814598.0,non_english
,4815204.0,non_english
,4815587.0,non_english
,4815991.0,non_english
,4816403.0,non_english
,4817882.0,non_english
,4818162.0,non_english
,4818370.0,non_english
,4818540.0,non_english
,4818876.0,non_english
,4819728.0,non_english
,4820640.0,non_english
,4822333.0,non_english
,4822414.0,non_english
,4822578.0,non_english
,4822843.0,non_english
,4822986.0,non_english
,4823779.0,non_english
,4824145.0,non_english
,4824276.0,non_english
,4824768.0,non_english
,4825683.0,non_english
,4825781.0,non_english
,4826277.0,non_english
,4826698.0,non_english
,4827587.0,non_english
,4827781.0,non_english
,4827981.0,non_english
,4828127.0,non_english
,4828403.0,non_english
,4828582.0,non_english
,4828753.0,non_english
,4829321.0,non_english
,4829428.0,non_english
,4829523.0,non_english
,4829591.0,non_english
,4829756.0,non_english
,4829990.0,non_english
,4831288.0,non_english
,4831621.0,non_english
,4831696.0,non_english
,4832070.0,non_english
,4832576.0,non_english
,4832705.0,non_english
,4834121.0,non_english
,4834201.0,non_english
,4834399.0,non_english
,4834409.0,non_english
,4834508.0,non_english
,4834562.0,non_english
,4834585.0,non_english
,4834806.0,non_english
,4835222.0,non_english
,4835472.0,non_english
,4835623.0,non_english
,4835808.0,non_english
,4836470.0,non_english
,4836514.0,non_english
,4836589.0,non_english
,4836677.0,non_english
,4836983.0,non_english
,4837018.0,non_english
,4837021.0,non_english
,4837035.0,non_english
,4837114.0,non_english
,4837287.0,non_english
,4837747.0,non_english
,4837865.0,non_english
,4837954.0,non_english
,4838376.0,non_english
,4838554.0,non_english
,4838880.0,non_english
,4839210.0,non_english
,4839746.0,non_english
,4839893.0,non_english
,4839924.0,non_english
,4839962.0,non_english
,4840290.0,non_english
,4841189.0,non_english
,4841203.0,non_english
,4841296.0,non_english
,4841444.0,non_english
,4841688.0,non_english
,4841888.0,non_english
,4842156.0,non_english
,4842445.0,non_english
,4842721.0,non_english
,4843020.0,non_english
,4843284.0,non_english
,4843870.0,non_english
,4843944.0,non_english
,4844285.0,non_english
,4844485.0,non_english
,4844708.0,non_english
,4844881.0,non_english
,4844966.0,non_english
,4845026.0,non_english
,4846774.0,non_english
,4847233.0,non_english
,4847453.0,non_english
,4847566.0,non_english
,4847591.0,non_english
,4847750.0,non_english
,4847979.0,non_english
,4848134.0,non_english
,4848437.0,non_english
,4848483.0,non_english
,4848586.0,non_english
,4848783.0,non_english
,4848918.0,non_english
,4849050.0,non_english
,4849365.0,non_english
,4849764.0,non_english
,4849935.0,non_english
,4850449.0,non_english
,4850739.0,non_english
,4850793.0,non_english
,4850822.0,non_english
,4851091.0,non_english
,4851114.0,non_english
,4852343.0,non_english
,4852662.0,non_english
,4852715.0,non_english
,4853581.0,non_english
,4855073.0,non_english
,4855638.0,non_english
,4855663.0,non_english
,4856248.0,non_english
,4857701.0,non_english
,4857702.0,non_english
,4858192.0,non_english
,4858296.0,non_english
,4859355.0,non_english
,4859358.0,non_english
,4860088.0,non_english
,4860124.0,non_english
,4860260.0,non_english
,4860835.0,non_english
,4861155.0,non_english
,4862160.0,non_english
,4862996.0,non_english
,4863985.0,non_english
,4864185.0,non_english
,4865239.0,non_english
,4865863.0,non_english
,4865894.0,non_english
,4866183.0,non_english
,4866604.0,non_english
,4866974.0,non_english
,4867019.0,non_english
,4867262.0,non_english
,4868034.0,non_english
,4868349.0,non_english
,4868507.0,non_english
,4868660.0,non_english
,4869188.0,non_english
,4870230.0,non_english
,4871296.0,non_english
,4871879.0,non_english
,4872362.0,non_english
,4872371.0,non_english
,4872400.0,non_english
,4872586.0,non_english
,4872813.0,non_english
,4872883.0,non_english
,4873155.0,non_english
,4873600.0,non_english
,4873611.0,non_english
,4874025.0,non_english
,4874158.0,non_english
,4874690.0,non_english
,4874705.0,non_english
,4875012.0,non_english
,4875015.0,non_english
,4876162.0,non_english
,4876202.0,non_english
,4876388.0,non_english
,4877636.0,non_english
,4878687.0,non_english
,4878941.0,non_english
,4879181.0,non_english
,4879196.0,non_english
,4879595.0,non_english
,4879867.0,non_english
,4880189.0,non_english
,4880426.0,non_english
,4881395.0,non_english
,4881859.0,non_english
,4882784.0,non_english
,4883322.0,non_english
,4885085.0,non_english
,4885226.0,non_english
,4885737.0,non_english
,4885816.0,non_english
,4885960.0,non_english
,4886687.0,non_english
,4887046.0,non_english
,4887169.0,non_english
,4887544.0,non_english
,4887883.0,non_english
,4887919.0,non_english
,4888102.0,non_english
,4888373.0,non_english
,4888808.0,non_english
,4888815.0,non_english
,4889162.0,non_english
,4889835.0,non_english
,4890087.0,non_english
,4890796.0,non_english
,4891223.0,non_english
,4891716.0,non_english
,4891853.0,non_english
,4891863.0,non_english
,4892344.0,non_english
,4892517.0,non_english
,4892892.0,non_english
,4892896.0,non_english
,4893143.0,non_english
,4893199.0,non_english
,4893589.0,non_english
,4894086.0,non_english
,4894949.0,non_english
,4895274.0,non_english
,4895450.0,non_english
,4895713.0,non_english
,4895715.0,non_english
,4895795.0,non_english
,4896006.0,non_english
,4896052.0,non_english
,4896399.0,non_english
,4896627.0,non_english
,4897223.0,non_english
,4897415.0,non_english
,4897461.0,non_english
,4897669.0,non_english
,4898181.0,non_english
,4898906.0,non_english
,4899781.0,non_english
,4900331.0,non_english
,4901492.0,non_english
,4901640.0,non_english
,4901709.0,non_english
,4901797.0,non_english
,4902413.0,non_english
,4902767.0,non_english
,4903066.0,non_english
,4903566.0,non_english
,4903575.0,non_english
,4903708.0,non_english
,4903983.0,non_english
,4904375.0,non_english
,4904805.0,non_english
,4905160.0,non_english
,4905211.0,non_english
,4905405.0,non_english
,4905569.0,non_english
,4905952.0,non_english
,4906337.0,non_english
,4906993.0,non_english
,4908043.0,non_english
,4908195.0,non_english
,4908808.0,non_english
,4909144.0,non_english
,4909381.0,non_english
,4910550.0,non_english
,4911097.0,non_english
,4911545.0,non_english
,4912152.0,non_english
,4912415.0,non_english
,4912713.0,non_english
,4912783.0,non_english
,4913058.0,non_english
,4913339.0,non_english
,4913435.0,non_english
,4913722.0,non_english
,4914413.0,non_english
,4914416.0,non_english
,4914830.0,non_english
,4914930.0,non_english
,4915181.0,non_english
,4915228.0,non_english
,4915470.0,non_english
,4915746.0,non_english
,4915791.0,non_english
,4915865.0,non_english
,4916738.0,non_english
,4916941.0,non_english
,4917736.0,non_english
,4917948.0,non_english
,4919180.0,non_english
,4920129.0,non_english
,4920137.0,non_english
,4920826.0,non_english
,4921173.0,non_english
,4921474.0,non_english
,4921507.0,non_english
,4921514.0,non_english
,4921832.0,non_english
,4922668.0,non_english
,4923113.0,non_english
,4923167.0,non_english
,4923277.0,non_english
,4923345.0,non_english
,4923675.0,non_english
,4924106.0,non_english
,4924166.0,non_english
,4924416.0,non_english
,4924646.0,non_english
,4924795.0,non_english
,4924921.0,non_english
,4925283.0,non_english
,4927384.0,non_english
,4927531.0,non_english
,4927738.0,non_english
,4927875.0,non_english
,4928607.0,non_english
,4928729.0,non_english
,4928789.0,non_english
,4928828.0,non_english
,4929039.0,non_english
,4929255.0,non_english
,4930144.0,non_english
,4930270.0,non_english
,4930664.0,non_english
,4931007.0,non_english
,4932193.0,non_english
,4932339.0,non_english
,4932676.0,non_english
,4932720.0,non_english
,4933044.0,non_english
,4933420.0,non_english
,4933875.0,non_english
,4934369.0,non_english
,4936143.0,non_english
,4936835.0,non_english
,4937216.0,non_english
,4937416.0,non_english
,4937529.0,non_english
,4937540.0,non_english
,4937879.0,non_english
,4937888.0,non_english
,4938281.0,non_english
,4938575.0,non_english
,4938921.0,non_english
,4939971.0,non_english
,4940124.0,non_english
,4940264.0,non_english
,4940687.0,non_english
,4940954.0,non_english
,4941066.0,non_english
,4941070.0,non_english
,4941099.0,non_english
,4941393.0,non_english
,4941514.0,non_english
,4941528.0,non_english
,4941699.0,non_english
,4942395.0,non_english
,4943185.0,non_english
,4943196.0,non_english
,4944033.0,non_english
,4944907.0,non_english
,4944916.0,non_english
,4945232.0,non_english
,4945290.0,non_english
,4945444.0,non_english
,4945530.0,non_english
,4945683.0,non_english
,4945871.0,non_english
,4945920.0,non_english
,4946250.0,non_english
,4946604.0,non_english
,4946777.0,non_english
,4946875.0,non_english
,4947449.0,non_english
,4947674.0,non_english
,4947980.0,non_english
,4949441.0,non_english
,4949488.0,non_english
,4949502.0,non_english
,4949575.0,non_english
,4950162.0,non_english
,4950579.0,non_english
,4951139.0,non_english
,4951741.0,non_english
,4952100.0,non_english
,4952278.0,non_english
,4952483.0,non_english
,4952887.0,non_english
,4952941.0,non_english
,4954307.0,non_english
,4954404.0,non_english
,4955190.0,non_english
,4955979.0,non_english
,4956100.0,non_english
,4956449.0,non_english
,4956609.0,non_english
,4956719.0,non_english
,4956844.0,non_english
,4957007.0,non_english
,4957207.0,non_english
,4957316.0,non_english
,4957530.0,non_english
,4957672.0,non_english
,4957735.0,non_english
,4957781.0,non_english
,4958056.0,non_english
,4958260.0,non_english
,4958395.0,non_english
,4958416.0,non_english
,4958691.0,non_english
,4959268.0,non_english
,4960646.0,non_english
,4960951.0,non_english
,4961378.0,non_english
,4961401.0,non_english
,4961408.0,non_english
,4961452.0,non_english
,4961485.0,non_english
,4961667.0,non_english
,4962066.0,non_english
,4962311.0,non_english
,4962691.0,non_english
,4962801.0,non_english
,4962987.0,non_english
,4962992.0,non_english
,4963662.0,non_english
,4963973.0,non_english
,4963997.0,non_english
,4964109.0,non_english
,4964427.0,non_english
,4964471.0,non_english
,4964889.0,non_english
,4965162.0,non_english
,4965849.0,non_english
,4966084.0,non_english
,4966219.0,non_english
,4966227.0,non_english
,4967020.0,non_english
,4967080.0,non_english
,4967137.0,non_english
,4967384.0,non_english
,4967506.0,non_english
,4967591.0,non_english
,4967774.0,non_english
,4967980.0,non_english
,4968435.0,non_english
,4968614.0,non_english
,4968639.0,non_english
,4968658.0,non_english
,4968915.0,non_english
,4969303.0,non_english
,4969409.0,non_english
,4969468.0,non_english
,4970418.0,non_english
,4970809.0,non_english
,4971442.0,non_english
,4971978.0,non_english
,4972012.0,non_english
,4972428.0,non_english
,4972701.0,non_english
,4972760.0,non_english
,4972802.0,non_english
,4974025.0,non_english
,4974366.0,non_english
,4974370.0,non_english
,4974439.0,non_english
,4974614.0,non_english
,4974703.0,non_english
,4975226.0,non_english
,4975760.0,non_english
,4975840.0,non_english
,4975842.0,non_english
,4975944.0,non_english
,4976102.0,non_english
,4976561.0,non_english
,4976717.0,non_english
,4977250.0,non_english
,4977292.0,non_english
,4978264.0,non_english
,4978297.0,non_english
,4978581.0,non_english
,4978779.0,non_english
,4979427.0,non_english
,4980117.0,non_english
,4980254.0,non_english
,4980339.0,non_english
,4980877.0,non_english
,4980964.0,non_english
,4982771.0,non_english
,4982966.0,non_english
,4983191.0,non_english
,4983195.0,non_english
,4983332.0,non_english
,4983466.0,non_english
,4984474.0,non_english
,4984883.0,non_english
,4985105.0,non_english
,4986082.0,non_english
,4986658.0,non_english
,4987259.0,non_english
,4987507.0,non_english
,4987933.0,non_english
,4988675.0,non_english
,4988951.0,non_english
,4989672.0,non_english
,4990213.0,non_english
,4990424.0,non_english
,4991860.0,non_english
,4992120.0,non_english
,4992363.0,non_english
,4992397.0,non_english
,4993923.0,non_english
,4994179.0,non_english
,4994209.0,non_english
,4994421.0,non_english
,4994492.0,non_english
,4994521.0,non_english
,4994860.0,non_english
,4995962.0,non_english
,4996138.0,non_english
,4996540.0,non_english
,4996909.0,non_english
,4997124.0,non_english
,4997726.0,non_english
,4998483.0,non_english
,4999105.0,non_english
,4999858.0,non_english
,4999993.0,non_english
,5000099.0,non_english
,5000475.0,non_english
,5001072.0,non_english
,5001310.0,non_english
,5001661.0,non_english
,5001784.0,non_english
,5002341.0,non_english
,5002469.0,non_english
,5002678.0,non_english
,5002686.0,non_english
,5003539.0,non_english
,5003579.0,non_english
,5003667.0,non_english
,5004234.0,non_english
,5004458.0,non_english
,5005114.0,non_english
,5006035.0,non_english
,5007559.0,non_english
,5007885.0,non_english
,5008239.0,non_english
,5008554.0,non_english
,5008562.0,non_english
,5008930.0,non_english
,5009067.0,non_english
,5009416.0,non_english
,5009909.0,non_english
,5009925.0,non_english
,5010028.0,non_english
,5010362.0,non_english
,5010724.0,non_english
,5010837.0,non_english
,5010968.0,non_english
,5011639.0,non_english
,5012566.0,non_english
,5013058.0,non_english
,5014507.0,non_english
,5014561.0,non_english
,5015577.0,non_english
,5015617.0,non_english
,5015726.0,non_english
,5016112.0,non_english
,5016263.0,non_english
,5016375.0,non_english
,5016937.0,non_english
,5017634.0,non_english
,5017674.0,non_english
,5017931.0,non_english
,5018290.0,non_english
,5018362.0,non_english
,5018363.0,non_english
,5018397.0,non_english
,5018418.0,non_english
,5018557.0,non_english
,5019025.0,non_english
,5019224.0,non_english
,5019240.0,non_english
,5019574.0,non_english
,5020310.0,non_english
,5020493.0,non_english
,5020574.0,non_english
,5020624.0,non_english
,5020772.0,non_english
,5020805.0,non_english
,5021300.0,non_english
,5021567.0,non_english
,5021948.0,non_english
,5022049.0,non_english
,5022953.0,non_english
,5023666.0,non_english
,5024317.0,non_english
,5025055.0,non_english
,5025151.0,non_english
,5025749.0,non_english
,5025850.0,non_english
,5026012.0,non_english
,5026266.0,non_english
,5027031.0,non_english
,5027042.0,non_english
,5027271.0,non_english
,5027824.0,non_english
,5027825.0,non_english
,5028173.0,non_english
,5028412.0,non_english
,5029252.0,non_english
,5029659.0,non_english
,5029921.0,non_english
,5030194.0,non_english
,5030231.0,non_english
,5030465.0,non_english
,5030909.0,non_english
,5031567.0,non_english
,5031941.0,non_english
,5031967.0,non_english
,5032075.0,non_english
,5032097.0,non_english
,5032647.0,non_english
,5032933.0,non_english
,5033301.0,non_english
,5034117.0,non_english
,5034253.0,non_english
,5034434.0,non_english
,5034764.0,non_english
,5035931.0,non_english
,5036157.0,non_english
,5036541.0,non_english
,5037492.0,non_english
,5037729.0,non_english
,5037904.0,non_english
,5038240.0,non_english
,5039679.0,non_english
,5040392.0,non_english
,5040712.0,non_english
,5040890.0,non_english
,5041027.0,non_english
,5041436.0,non_english
,5041621.0,non_english
,5041903.0,non_english
,5042148.0,non_english
,5042886.0,non_english
,5043001.0,non_english
,5043644.0,non_english
,5044158.0,non_english
,5044522.0,non_english
,5044636.0,non_english
,5045349.0,non_english
,5045404.0,non_english
,5045435.0,non_english
,5045510.0,non_english
,5045512.0,non_english
,5045833.0,non_english
,5045888.0,non_english
,5045966.0,non_english
,5046438.0,non_english
,5046852.0,non_english
,5047345.0,non_english
,5047999.0,non_english
,5048271.0,non_english
,5048403.0,non_english
,5048451.0,non_english
,5048672.0,non_english
,5048788.0,non_english
,5049506.0,non_english
,5049509.0,non_english
,5049650.0,non_english
,5049728.0,non_english
,5049827.0,non_english
,5050176.0,non_english
,5050248.0,non_english
,5050252.0,non_english
,5050412.0,non_english
,5051566.0,non_english
,5051567.0,non_english
,5051709.0,non_english
,5051711.0,non_english
,5053132.0,non_english
,5053196.0,non_english
,5053254.0,non_english
,5053664.0,non_english
,5054458.0,non_english
,5054704.0,non_english
,5054709.0,non_english
,5054792.0,non_english
,5054888.0,non_english
,5055915.0,non_english
,5056504.0,non_english
,5056610.0,non_english
,5057292.0,non_english
,5057418.0,non_english
,5058008.0,non_english
,5058311.0,non_english
,5058422.0,non_english
,5058513.0,non_english
,5058524.0,non_english
,5058644.0,non_english
,5058735.0,non_english
,5059040.0,non_english
,5059099.0,non_english
,5059830.0,non_english
,5059887.0,non_english
,5060101.0,non_english
,5060359.0,non_english
,5060539.0,non_english
,5061110.0,non_english
,5061293.0,non_english
,5061450.0,non_english
,5061476.0,non_english
,5062165.0,non_english
,5062435.0,non_english
,5062437.0,non_english
,5062986.0,non_english
,5063574.0,non_english
,5063685.0,non_english
,5064381.0,non_english
,5064512.0,non_english
,5064880.0,non_english
,5065419.0,non_english
,5065424.0,non_english
,5065485.0,non_english
,5065521.0,non_english
,5065524.0,non_english
,5065716.0,non_english
,5066410.0,non_english
,5067872.0,non_english
,5067948.0,non_english
,5067949.0,non_english
,5068132.0,non_english
,5068279.0,non_english
,5068548.0,non_english
,5068733.0,non_english
,5068776.0,non_english
,5068919.0,non_english
,5068961.0,non_english
,5069205.0,non_english
,5069384.0,non_english
,5069961.0,non_english
,5070576.0,non_english
,5070609.0,non_english
,5071152.0,non_english
,5072240.0,non_english
,5072258.0,non_english
,5072502.0,non_english
,5072522.0,non_english
,5072778.0,non_english
,5074009.0,non_english
,5074372.0,non_english
,5074462.0,non_english
,5075035.0,non_english
,5075175.0,non_english
,5075518.0,non_english
,5075754.0,non_english
,5075769.0,non_english
,5075817.0,non_english
,5075857.0,non_english
,5075873.0,non_english
,5076016.0,non_english
,5076062.0,non_english
,5076396.0,non_english
,5076479.0,non_english
,5076482.0,non_english
,5076674.0,non_english
,5076825.0,non_english
,5077192.0,non_english
,5077214.0,non_english
,5078439.0,non_english
,5078552.0,non_english
,5079161.0,non_english
,5079475.0,non_english
,5079510.0,non_english
,5079904.0,non_english
,5080129.0,non_english
,5080291.0,non_english
,5080740.0,non_english
,5081293.0,non_english
,5081597.0,non_english
,5082919.0,non_english
,5083229.0,non_english
,5083355.0,non_english
,5083472.0,non_english
,5083542.0,non_english
,5083562.0,non_english
,5084338.0,non_english
,5084721.0,non_english
,5084860.0,non_english
,5085104.0,non_english
,5085165.0,non_english
,5085217.0,non_english
,5085231.0,non_english
,5086766.0,non_english
,5088338.0,non_english
,5088843.0,non_english
,5088931.0,non_english
,5089562.0,non_english
,5090079.0,non_english
,5090113.0,non_english
,5090532.0,non_english
,5091170.0,non_english
,5091225.0,non_english
,5091595.0,non_english
,5092332.0,non_english
,5093696.0,non_english
,5093946.0,non_english
,5093954.0,non_english
,5094853.0,non_english
,5095739.0,non_english
,5095745.0,non_english
,5095792.0,non_english
,5096402.0,non_english
,5096859.0,non_english
,5096878.0,non_english
,5097234.0,non_english
,5097700.0,non_english
,5098581.0,non_english
,5098966.0,non_english
,5099482.0,non_english
,5099533.0,non_english
,5099597.0,non_english
,5100052.0,non_english
,5100659.0,non_english
,5101203.0,non_english
,5101361.0,non_english
,5101651.0,non_english
,5101782.0,non_english
,5101833.0,non_english
,5103065.0,non_english
,5103494.0,non_english
,5103576.0,non_english
,5103641.0,non_english
,5104165.0,non_english
,5104455.0,non_english
,5104467.0,non_english
,5104575.0,non_english
,5104689.0,non_english
,5105150.0,non_english
,5105452.0,non_english
,5105852.0,non_english
,5106268.0,non_english
,5106667.0,non_english
,5107098.0,non_english
,5107252.0,non_english
,5107393.0,non_english
,5107698.0,non_english
,5107926.0,non_english
,5107962.0,non_english
,5108233.0,non_english
,5108598.0,non_english
,5108631.0,non_english
,5108709.0,non_english
,5109161.0,non_english
,5110731.0,non_english
,5111147.0,non_english
,5111183.0,non_english
,5112418.0,non_english
,5112979.0,non_english
,5113192.0,non_english
,5113232.0,non_english
,5114037.0,non_english
,5114205.0,non_english
,5114521.0,non_english
,5114846.0,non_english
,5115236.0,non_english
,5115435.0,non_english
,5115632.0,non_english
,5116184.0,non_english
,5116658.0,non_english
,5117184.0,non_english
,5117209.0,non_english
,5117309.0,non_english
,5117580.0,non_english
,5117666.0,non_english
,5117809.0,non_english
,5118030.0,non_english
,5118522.0,non_english
,5118605.0,non_english
,5118794.0,non_english
,5119699.0,non_english
,5119869.0,non_english
,5119870.0,non_english
,5120040.0,non_english
,5121107.0,non_english
,5121693.0,non_english
,5122907.0,non_english
,5123353.0,non_english
,5123622.0,non_english
,5124176.0,non_english
,5124574.0,non_english
,5124642.0,non_english
,5124678.0,non_english
,5124990.0,non_english
,5125218.0,non_english
,5125333.0,non_english
,5125540.0,non_english
,5125572.0,non_english
,5125914.0,non_english
,5125984.0,non_english
,5126450.0,non_english
,5126588.0,non_english
,5126769.0,non_english
,5126981.0,non_english
,5126987.0,non_english
,5127081.0,non_english
,5127095.0,non_english
,5127910.0,non_english
,5128461.0,non_english
,5128828.0,non_english
,5129707.0,non_english
,5129723.0,non_english
,5129761.0,non_english
,5130876.0,non_english
,5130985.0,non_english
,5131411.0,non_english
,5132039.0,non_english
,5132443.0,non_english
,5132444.0,non_english
,5132745.0,non_english
,5133027.0,non_english
,5133155.0,non_english
,5133812.0,non_english
,5133823.0,non_english
,5133864.0,non_english
,5133866.0,non_english
,5133871.0,non_english
,5134028.0,non_english
,5134860.0,non_english
,5135261.0,non_english
,5135717.0,non_english
,5136587.0,non_english
,5136844.0,non_english
,5136924.0,non_english
,5137187.0,non_english
,5137978.0,non_english
,5138077.0,non_english
,5138449.0,non_english
,5138525.0,non_english
,5138586.0,non_english
,5138630.0,non_english
,5138897.0,non_english
,5140054.0,non_english
,5140946.0,non_english
,5141141.0,non_english
,5141165.0,non_english
,5141941.0,non_english
,5142061.0,non_english
,5142416.0,non_english
,5142915.0,non_english
,5143148.0,non_english
,5143172.0,non_english
,5143497.0,non_english
,5144439.0,non_english
,5145831.0,non_english
,5146008.0,non_english
,5146761.0,non_english
,5147400.0,non_english
,5147737.0,non_english
,5148073.0,non_english
,5148264.0,non_english
,5148694.0,non_english
,5148710.0,non_english
,5148894.0,non_english
,5148904.0,non_english
,5149791.0,non_english
,5150491.0,non_english
,5150509.0,non_english
,5150517.0,non_english
,5150989.0,non_english
,5151243.0,non_english
,5151268.0,non_english
,5151452.0,non_english
,5151728.0,non_english
,5151729.0,non_english
,5152470.0,non_english
,5152542.0,non_english
,5152899.0,non_english
,5153089.0,non_english
,5153220.0,non_english
,5153641.0,non_english
,5154011.0,non_english
,5154233.0,non_english
,5154730.0,non_english
,5155513.0,non_english
,5156126.0,non_english
,5156138.0,non_english
,5156172.0,non_english
,5156407.0,non_english
,5157214.0,non_english
,5157569.0,non_english
,5157927.0,non_english
,5157969.0,non_english
,5158607.0,non_english
,5159075.0,non_english
,5159076.0,non_english
,5159158.0,non_english
,5159213.0,non_english
,5159475.0,non_english
,5160538.0,non_english
,5161281.0,non_english
,5162568.0,non_english
,5162590.0,non_english
,5162645.0,non_english
,5162751.0,non_english
,5162798.0,non_english
,5162987.0,non_english
,5163169.0,non_english
,5163267.0,non_english
,5163737.0,non_english
,5164768.0,non_english
,5164983.0,non_english
,5165415.0,non_english
,5165996.0,non_english
,5166275.0,non_english
,5166373.0,non_english
,5166504.0,non_english
,5167178.0,non_english
,5167437.0,non_english
,5168473.0,non_english
,5168749.0,non_english
,5170002.0,non_english
,5170097.0,non_english
,5170298.0,non_english
,5170515.0,non_english
,5170758.0,non_english
,5171274.0,non_english
,5171841.0,non_english
,5172114.0,non_english
,5172269.0,non_english
,5172415.0,non_english
,5172426.0,non_english
,5173595.0,non_english
,5174728.0,non_english
,5175144.0,non_english
,5175297.0,non_english
,5175385.0,non_english
,5175912.0,non_english
,5176493.0,non_english
,5176758.0,non_english
,5177843.0,non_english
,5177990.0,non_english
,5178431.0,non_english
,5179413.0,non_english
,5179520.0,non_english
,5180199.0,non_english
,5180687.0,non_english
,5180962.0,non_english
,5181173.0,non_english
,5181967.0,non_english
,5182015.0,non_english
,5182208.0,non_english
,5182956.0,non_english
,5183222.0,non_english
,5183580.0,non_english
,5183801.0,non_english
,5183982.0,non_english
,5184031.0,non_english
,5184533.0,non_english
,5184761.0,non_english
,5185104.0,non_english
,5185234.0,non_english
,5185481.0,non_english
,5185491.0,non_english
,5186302.0,non_english
,5186845.0,non_english
,5187292.0,non_english
,5187647.0,non_english
,5188233.0,non_english
,5188660.0,non_english
,5188783.0,non_english
,5189118.0,non_english
,5189377.0,non_english
,5189892.0,non_english
,5190864.0,non_english
,5191471.0,non_english
,5192075.0,non_english
,5192329.0,non_english
,5192517.0,non_english
,5193411.0,non_english
,5193762.0,non_english
,5194401.0,non_english
,5194503.0,non_english
,5194544.0,non_english
,5194714.0,non_english
,5195348.0,non_english
,5195551.0,non_english
,5195635.0,non_english
,5195820.0,non_english
,5196179.0,non_english
,5196331.0,non_english
,5196531.0,non_english
,5197261.0,non_english
,5197354.0,non_english
,5198573.0,non_english
,5199208.0,non_english
,5199297.0,non_english
,5199640.0,non_english
,5199723.0,non_english
,5199901.0,non_english
,5200937.0,non_english
,5201213.0,non_english
,5201314.0,non_english
,5201662.0,non_english
,5201893.0,non_english
,5203060.0,non_english
,5203747.0,non_english
,5204044.0,non_english
,5204508.0,non_english
,5205036.0,non_english
,5206210.0,non_english
,5207687.0,non_english
,5207753.0,non_english
,5208313.0,non_english
,5209475.0,non_english
,5210439.0,non_english
,5210655.0,non_english
,5211124.0,non_english
,5211127.0,non_english
,5211591.0,non_english
,5212036.0,non_english
,5212400.0,non_english
,5212642.0,non_english
,5212807.0,non_english
,5213561.0,non_english
,5213663.0,non_english
,5213694.0,non_english
,5213899.0,non_english
,5213906.0,non_english
,5214467.0,non_english
,5215160.0,non_english
,5215294.0,non_english
,5215500.0,non_english
,5215806.0,non_english
,5215868.0,non_english
,5215883.0,non_english
,5216421.0,non_english
,5216639.0,non_english
,5216773.0,non_english
,5216783.0,non_english
,5217049.0,non_english
,5217537.0,non_english
,5218295.0,non_english
,5218388.0,non_english
,5218411.0,non_english
,5218749.0,non_english
,5218930.0,non_english
,5218951.0,non_english
,5219429.0,non_english
,5219613.0,non_english
,5219653.0,non_english
,5220461.0,non_english
,5221725.0,non_english
,5221812.0,non_english
,5222011.0,non_english
,5222408.0,non_english
,5222967.0,non_english
,5223441.0,non_english
,5225059.0,non_english
,5226253.0,non_english
,5226294.0,non_english
,5226866.0,non_english
,5227350.0,non_english
,5227492.0,non_english
,5228005.0,non_english
,5228212.0,non_english
,5229591.0,non_english
,5229849.0,non_english
,5230087.0,non_english
,5230130.0,non_english
,5230185.0,non_english
,5231412.0,non_english
,5231658.0,non_english
,5231696.0,non_english
,5231843.0,non_english
,5232188.0,non_english
,5232640.0,non_english
,5232845.0,non_english
,5233863.0,non_english
,5234761.0,non_english
,5236304.0,non_english
,5238434.0,non_english
,5238978.0,non_english
,5240469.0,non_english
,5242037.0,non_english
,5243457.0,non_english
,5244594.0,non_english
,5248946.0,non_english
,5249645.0,non_english
,5251312.0,non_english
,5251332.0,non_english
,5252160.0,non_english
,5252520.0,non_english
,5253037.0,non_english
,5253074.0,non_english
,5253187.0,non_english
,5253226.0,non_english
,5254125.0,non_english
,5254217.0,non_english
,5254274.0,non_english
,5254495.0,non_english
,5254820.0,non_english
,5255589.0,non_english
,5256701.0,non_english
,5256789.0,non_english
,5256871.0,non_english
,5256903.0,non_english
,5257120.0,non_english
,5257137.0,non_english
,5258002.0,non_english
,5258475.0,non_english
,5258892.0,non_english
,5259870.0,non_english
,5260036.0,non_english
,5260073.0,non_english
,5260160.0,non_english
,5260238.0,non_english
,5260487.0,non_english
,5261046.0,non_english
,5261752.0,non_english
,5262335.0,non_english
,5262634.0,non_english
,5263300.0,non_english
,5263440.0,non_english
,5263498.0,non_english
,5263502.0,non_english
,5263818.0,non_english
,5263960.0,non_english
,5263995.0,non_english
,5264018.0,non_english
,5264047.0,non_english
,5264053.0,non_english
,5268429.0,non_english
,5269182.0,non_english
,5272173.0,non_english
,5272764.0,non_english
,5275878.0,non_english
,5275904.0,non_english
,5276091.0,non_english
,5276426.0,non_english
,5277252.0,non_english
,5277550.0,non_english
,5278350.0,non_english
,5282954.0,non_english
,5283244.0,non_english
,5284950.0,non_english
,5285284.0,non_english
,5285402.0,non_english
,5288773.0,non_english
,5288947.0,non_english
,5289119.0,non_english
,5291113.0,non_english
,5291134.0,non_english
,5294203.0,non_english
,5294240.0,non_english
,5295394.0,non_english
,5295515.0,non_english
,5295618.0,non_english
,5298233.0,non_english
,5299318.0,non_english
,5302268.0,non_english
,5302441.0,non_english
,5302774.0,non_english
,5304388.0,non_english
,5304516.0,non_english
,5304600.0,non_english
,5305998.0,non_english
,5306222.0,non_english
,5306829.0,non_english
,5306839.0,non_english
,5307057.0,non_english
,5307277.0,non_english
,5307480.0,non_english
,5307817.0,non_english
,5307953.0,non_english
,5308042.0,non_english
,5308425.0,non_english
,5308528.0,non_english
,5308610.0,non_english
,5308756.0,non_english
,5309004.0,non_english
,5309009.0,non_english
,5309154.0,non_english
,5310477.0,non_english
,5311135.0,non_english
,5311319.0,non_english
,5311323.0,non_english
,5311619.0,non_english
,5311704.0,non_english
,5311766.0,non_english
,5311860.0,non_english
,5311875.0,non_english
,5311929.0,non_english
,5312401.0,non_english
,5312446.0,non_english
,5312712.0,non_english
,5312996.0,non_english
,5313649.0,non_english
,5314065.0,non_english
,5314444.0,non_english
,5314535.0,non_english
,5314649.0,non_english
,5315392.0,non_english
,5316964.0,non_english
,5317147.0,non_english
,5317397.0,non_english
,5318012.0,non_english
,5318541.0,non_english
,5318561.0,non_english
,5319009.0,non_english
,5319522.0,non_english
,5320046.0,non_english
,5320461.0,non_english
,5320783.0,non_english
,5320784.0,non_english
,5320923.0,non_english
,5321472.0,non_english
,5322018.0,non_english
,5322037.0,non_english
,5322433.0,non_english
,5322774.0,non_english
,5322778.0,non_english
,5323083.0,non_english
,5323117.0,non_english
,5323905.0,non_english
,5324395.0,non_english
,5324449.0,non_english
,5324696.0,non_english
,5325421.0,non_english
,5325451.0,non_english
,5327143.0,non_english
,5327486.0,non_english
,5328122.0,non_english
,5328844.0,non_english
,5329015.0,non_english
,5331422.0,non_english
,5331511.0,non_english
,5331811.0,non_english
,5333343.0,non_english
,5337244.0,non_english
,5338252.0,non_english
,5340940.0,non_english
,5344226.0,non_english
,5344412.0,non_english
,5346271.0,non_english
,5347233.0,non_english
,5347345.0,non_english
,5347973.0,non_english
,5348060.0,non_english
,5348599.0,non_english
,5348845.0,non_english
,5349271.0,non_english
,5350071.0,non_english
,5351130.0,non_english
,5351270.0,non_english
,5353087.0,non_english
,5353165.0,non_english
,5353179.0,non_english
,5354863.0,non_english
,5358027.0,non_english
,5358051.0,non_english
,5358661.0,non_english
,5358849.0,non_english
,5360046.0,non_english
,5360346.0,non_english
,5361889.0,non_english
,5361922.0,non_english
,5362008.0,non_english
,5364437.0,non_english
,5376589.0,non_english
,5378107.0,non_english
,5378834.0,non_english
,5378917.0,non_english
,5379245.0,non_english
,5379300.0,non_english
,5379393.0,non_english
,5379518.0,non_english
,5379775.0,non_english
,5380605.0,non_english
,5380949.0,non_english
,5381087.0,non_english
,5381843.0,non_english
,5381985.0,non_english
,5382723.0,non_english
,5382816.0,non_english
,5382912.0,non_english
,5383477.0,non_english
,5384271.0,non_english
,5384651.0,non_english
,5384842.0,non_english
,5384927.0,non_english
,5385563.0,non_english
,5386243.0,non_english
,5386588.0,non_english
,5387493.0,non_english
,5387652.0,non_english
,5387654.0,non_english
,5388156.0,non_english
,5388494.0,non_english
,5388681.0,non_english
,5388774.0,non_english
,5389630.0,non_english
,5389729.0,non_english
,5390534.0,non_english
,5391475.0,non_english
,5391600.0,non_english
,5391704.0,non_english
,5394723.0,non_english
,5395380.0,non_english
,5395771.0,non_english
,5400967.0,non_english
,5401620.0,non_english
,5401983.0,non_english
,5402038.0,non_english
,5402311.0,non_english
,5402349.0,non_english
,5402667.0,non_english
,5403641.0,non_english
,5403981.0,non_english
,5404037.0,non_english
,5404527.0,non_english
,5405185.0,non_english
,5407863.0,non_english
,5408074.0,non_english
,5408356.0,non_english
,5409474.0,non_english
,5410101.0,non_english
,5410821.0,non_english
,5410948.0,non_english
,5411292.0,non_english
,5411706.0,non_english
,5411800.0,non_english
,5411850.0,non_english
,5411908.0,non_english
,5412276.0,non_english
,5412500.0,non_english
,5412773.0,non_english
,5412980.0,non_english
,5413562.0,non_english
,5413741.0,non_english
,5414817.0,non_english
,5414965.0,non_english
,5415715.0,non_english
,5415763.0,non_english
,5416105.0,non_english
,5416375.0,non_english
,5416507.0,non_english
,5416883.0,non_english
,5417025.0,non_english
,5417195.0,non_english
,5417636.0,non_english
,5417694.0,non_english
,5417856.0,non_english
,5417881.0,non_english
,5418126.0,non_english
,5418263.0,non_english
,5418429.0,non_english
,5418679.0,non_english
,5418950.0,non_english
,5418997.0,non_english
,5419295.0,non_english
,5420261.0,non_english
,5420338.0,non_english
,5421594.0,non_english
,5421974.0,non_english
,5423105.0,non_english
,5423233.0,non_english
,5423297.0,non_english
,5423651.0,non_english
,5423781.0,non_english
,5424205.0,non_english
,5425616.0,non_english
,5426633.0,non_english
,5428228.0,non_english
,5429368.0,non_english
,5429689.0,non_english
,5430575.0,non_english
,5432235.0,non_english
,5433509.0,non_english
,5434004.0,non_english
,5434600.0,non_english
,5436159.0,non_english
,5436353.0,non_english
,5436790.0,non_english
,5436844.0,non_english
,5436989.0,non_english
,5437027.0,non_english
,5437075.0,non_english
,5437383.0,non_english
,5437410.0,non_english
,5437447.0,non_english
,5438738.0,non_english
,5439268.0,non_english
,5440298.0,non_english
,5440603.0,non_english
,5440821.0,non_english
,5441089.0,non_english
,5441486.0,non_english
,5441575.0,non_english
,5441765.0,non_english
,5442450.0,non_english
,5442578.0,non_english
,5442713.0,non_english
,5442918.0,non_english
,5442968.0,non_english
,5443534.0,non_english
,5443853.0,non_english
,5444278.0,non_english
,5444485.0,non_english
,5444631.0,non_english
,5444815.0,non_english
,5445024.0,non_english
,5445156.0,non_english
,5445183.0,non_english
,5445820.0,non_english
,5446626.0,non_english
,5446890.0,non_english
,5447022.0,non_english
,5447430.0,non_english
,5447815.0,non_english
,5447968.0,non_english
,5448420.0,non_english
,5449362.0,non_english
,5449498.0,non_english
,5449722.0,non_english
,5449955.0,non_english
,5450133.0,non_english
,5450160.0,non_english
,5450360.0,non_english
,5450505.0,non_english
,5451109.0,non_english
,5451597.0,non_english
,5451670.0,non_english
,5451773.0,non_english
,5451990.0,non_english
,5452358.0,non_english
,5452532.0,non_english
,5453035.0,non_english
,5453508.0,non_english
,5453893.0,non_english
,5454453.0,non_english
,5454733.0,non_english
,5454932.0,non_english
,5455181.0,non_english
,5455642.0,non_english
,5455721.0,non_english
,5456046.0,non_english
,5456444.0,non_english
,5458994.0,non_english
,5458998.0,non_english
,5459101.0,non_english
,5459173.0,non_english
,5459861.0,non_english
,5459964.0,non_english
,5461111.0,non_english
,5465240.0,non_english
,5467025.0,non_english
,5468395.0,non_english
,5468716.0,non_english
,5469112.0,non_english
,5469238.0,non_english
,5469415.0,non_english
,5469432.0,non_english
,5469870.0,non_english
,5469951.0,non_english
,5470271.0,non_english
,5470331.0,non_english
,5471064.0,non_english
,5471829.0,non_english
,5471849.0,non_english
,5471977.0,non_english
,5472304.0,non_english
,5472784.0,non_english
,5473015.0,non_english
,5473157.0,non_english
,5473892.0,non_english
,5474126.0,non_english
,5474274.0,non_english
,5474318.0,non_english
,5474342.0,non_english
,5474515.0,non_english
,5474617.0,non_english
,5474677.0,non_english
,5475199.0,non_english
,5475452.0,non_english
,5475629.0,non_english
,5475739.0,non_english
,5476126.0,non_english
,5476301.0,non_english
,5476421.0,non_english
,5476567.0,non_english
,5477175.0,non_english
,5477437.0,non_english
,5477585.0,non_english
,5477880.0,non_english
,5478691.0,non_english
,5478825.0,non_english
,5479094.0,non_english
,5479105.0,non_english
,5479128.0,non_english
,5479559.0,non_english
,5479986.0,non_english
,5480110.0,non_english
,5481412.0,non_english
,5481460.0,non_english
,5482375.0,non_english
,5482542.0,non_english
,5482568.0,non_english
,5483718.0,non_english
,5484316.0,non_english
,5484878.0,non_english
,5484903.0,non_english
,5484966.0,non_english
,5485240.0,non_english
,5485246.0,non_english
,5485297.0,non_english
,5485905.0,non_english
,5485906.0,non_english
,5486440.0,non_english
,5486884.0,non_english
,5487284.0,non_english
,5487784.0,non_english
,5489803.0,non_english
,5490000.0,non_english
,5490617.0,non_english
,5492433.0,non_english
,5492962.0,non_english
,5496289.0,non_english
,5497022.0,non_english
,5497545.0,non_english
,5500163.0,non_english
,5500339.0,non_english
,5500396.0,non_english
,5500401.0,non_english
,5500591.0,non_english
,5500894.0,non_english
,5501032.0,non_english
,5501396.0,non_english
,5502386.0,non_english
,5502427.0,non_english
,5502727.0,non_english
,5502972.0,non_english
,5503033.0,non_english
,5503864.0,non_english
,5504002.0,non_english
,5504086.0,non_english
,5504575.0,non_english
,5504908.0,non_english
,5505120.0,non_english
,5505261.0,non_english
,5505487.0,non_english
,5506992.0,non_english
,5507013.0,non_english
,5507454.0,non_english
,5507580.0,non_english
,5507712.0,non_english
,5507763.0,non_english
,5507868.0,non_english
,5508162.0,non_english
,5508173.0,non_english
,5508248.0,non_english
,5508583.0,non_english
,5509095.0,non_english
,5510173.0,non_english
,5510212.0,non_english
,5510603.0,non_english
,5511375.0,non_english
,5511470.0,non_english
,5511513.0,non_english
,5512592.0,non_english
,5512715.0,non_english
,5512716.0,non_english
,5512728.0,non_english
,5512809.0,non_english
,5513389.0,non_english
,5513537.0,non_english
,5513912.0,non_english
,5514003.0,non_english
,5514176.0,non_english
,5515464.0,non_english
,5516235.0,non_english
,5516781.0,non_english
,5517165.0,non_english
,5517387.0,non_english
,5517720.0,non_english
,5517824.0,non_english
,5518027.0,non_english
,5518079.0,non_english
,5518162.0,non_english
,5518534.0,non_english
,5518888.0,non_english
,5519089.0,non_english
,5520175.0,non_english
,5521114.0,non_english
,5521281.0,non_english
,5521300.0,non_english
,5521412.0,non_english
,5521416.0,non_english
,5521423.0,non_english
,5521611.0,non_english
,5522009.0,non_english
,5522153.0,non_english
,5523306.0,non_english
,5523890.0,non_english
,5524517.0,non_english
,5524682.0,non_english
,5525290.0,non_english
,5525726.0,non_english
,5526014.0,non_english
,5528053.0,non_english
,5531074.0,non_english
,5532755.0,non_english
,5533015.0,non_english
,5533146.0,non_english
,5534149.0,non_english
,5537995.0,non_english
,5538372.0,non_english
,5538542.0,non_english
,5538561.0,non_english
,5539346.0,non_english
,5539507.0,non_english
,5539907.0,non_english
,5540120.0,non_english
,5540458.0,non_english
,5540919.0,non_english
,5540923.0,non_english
,5542370.0,non_english
,5542840.0,non_english
,5543053.0,non_english
,5543275.0,non_english
,5543785.0,non_english
,5546013.0,non_english
,5546098.0,non_english
,5546172.0,non_english
,5546831.0,non_english
,5546961.0,non_english
,5547076.0,non_english
,5547736.0,non_english
,5547801.0,non_english
,5548121.0,non_english
,5548250.0,non_english
,5549462.0,non_english
,5549480.0,non_english
,5549842.0,non_english
,5549945.0,non_english
,5550068.0,non_english
,5550166.0,non_english
,5550721.0,non_english
,5550856.0,non_english
,5551008.0,non_english
,5551144.0,non_english
,5551203.0,non_english
,5551292.0,non_english
,5551585.0,non_english
,5551929.0,non_english
,5552507.0,non_english
,5552850.0,non_english
,5552873.0,non_english
,5553811.0,non_english
,5554219.0,non_english
,5554917.0,non_english
,5555150.0,non_english
,5555507.0,non_english
,5556408.0,non_english
,5556717.0,non_english
,5557008.0,non_english
,5557465.0,non_english
,5557771.0,non_english
,5557837.0,non_english
,5558268.0,non_english
,5558740.0,non_english
,5558998.0,non_english
,5559145.0,non_english
,5559204.0,non_english
,5559261.0,non_english
,5559749.0,non_english
,5561488.0,non_english
,5562243.0,non_english
,5562245.0,non_english
,5562489.0,non_english
,5563318.0,non_english
,5563661.0,non_english
,5565394.0,non_english
,5567508.0,non_english
,5571358.0,non_english
,5572548.0,non_english
,5578488.0,non_english
,5591271.0,non_english
,5596951.0,non_english
,5598089.0,non_english
,5603709.0,non_english
,5613658.0,non_english
,5616496.0,non_english
,5616834.0,non_english
,5616910.0,non_english
,5624804.0,non_english
,5625832.0,non_english
,5627142.0,non_english
,5638957.0,non_english
,5639740.0,non_english
,5648849.0,non_english
,5677610.0,non_english
,5690076.0,non_english
,5690568.0,non_english
,5691530.0,non_english
,5691537.0,non_english
,5691635.0,non_english
,5692273.0,non_english
,5692710.0,non_english
,5692744.0,non_english
,5694160.0,non_english
,5694468.0,non_english
,5694471.0,non_english
,5694594.0,non_english
,5696398.0,non_english
,5701819.0,non_english
,5703239.0,non_english
,5704437.0,non_english
,5704659.0,non_english
,5705167.0,non_english
,5705843.0,non_english
,5706169.0,non_english
,5706902.0,non_english
,5708988.0,non_english
,5709292.0,non_english
,5709326.0,non_english
,5710859.0,non_english
,5711643.0,non_english
,5712060.0,non_english
,5712475.0,non_english
,5712739.0,non_english
,5712846.0,non_english
,5712893.0,non_english
,5713068.0,non_english
,5713122.0,non_english
,5714129.0,non_english
,5714278.0,non_english
,5715203.0,non_english
,5715779.0,non_english
,5715847.0,non_english
,5716655.0,non_english
,5716708.0,non_english
,5716973.0,non_english
,5717045.0,non_english
,5717535.0,non_english
,5719249.0,non_english
,5719455.0,non_english
,5719928.0,non_english
,5720021.0,non_english
,5720279.0,non_english
,5721214.0,non_english
,5721269.0,non_english
,5721988.0,non_english
,5722077.0,non_english
,5724145.0,non_english
,5724210.0,non_english
,5725359.0,non_english
,5727288.0,non_english
,5727588.0,non_english
,5728574.0,non_english
,5728991.0,non_english
,5729033.0,non_english
,5729268.0,non_english
,5729440.0,non_english
,5729918.0,non_english
,5730196.0,non_english
,5730341.0,non_english
,5731982.0,non_english
,5732079.0,non_english
,5733307.0,non_english
,5737550.0,non_english
,5738500.0,non_english
,5738512.0,non_english
,5740549.0,non_english
,5741429.0,non_english
,5741646.0,non_english
,5741926.0,non_english
,5743256.0,non_english
,5745360.0,non_english
,5745738.0,non_english
,5746740.0,non_english
,5749523.0,non_english
,5749901.0,non_english
,5750235.0,non_english
,5750249.0,non_english
,5750311.0,non_english
,5750332.0,non_english
,5750572.0,non_english
,5751161.0,non_english
,5751754.0,non_english
,5752076.0,non_english
,5752432.0,non_english
,5752491.0,non_english
,5753336.0,non_english
,5753608.0,non_english
,5753724.0,non_english
,5755553.0,non_english
,5757199.0,non_english
,5758607.0,non_english
,5761771.0,non_english
,5763179.0,non_english
,5763805.0,non_english
,5764033.0,non_english
,5764741.0,non_english
,5765041.0,non_english
,5765460.0,non_english
,5765659.0,non_english
,5765778.0,non_english
,5765861.0,non_english
,5766204.0,non_english
,5766226.0,non_english
,5766533.0,non_english
,5767403.0,non_english
,5767541.0,non_english
,5768545.0,non_english
,5768582.0,non_english
,5768792.0,non_english
,5769303.0,non_english
,5770259.0,non_english
,5771102.0,non_english
,5771697.0,non_english
,5773970.0,non_english
,5773981.0,non_english
,5774073.0,non_english
,5774077.0,non_english
,5775456.0,non_english
,5778327.0,non_english
,5780117.0,non_english
,5780796.0,non_english
,5780827.0,non_english
,5781093.0,non_english
,5781112.0,non_english
,5781188.0,non_english
,5781356.0,non_english
,5781566.0,non_english
,5781846.0,non_english
,5782381.0,non_english
,5782719.0,non_english
,5782756.0,non_english
,5782861.0,non_english
,5782974.0,non_english
,5783149.0,non_english
,5783223.0,non_english
,5783313.0,non_english
,5783381.0,non_english
,5783533.0,non_english
,5783764.0,non_english
,5784072.0,non_english
,5784514.0,non_english
,5784842.0,non_english
,5785083.0,non_english
,5785223.0,non_english
,5785290.0,non_english
,5785520.0,non_english
,5785529.0,non_english
,5786133.0,non_english
,5786275.0,non_english
,5786340.0,non_english
,5786399.0,non_english
,5787610.0,non_english
,5787751.0,non_english
,5788517.0,non_english
,5788553.0,non_english
,5788652.0,non_english
,5788739.0,non_english
,5789007.0,non_english
,5789090.0,non_english
,5789629.0,non_english
,5789890.0,non_english
,5790042.0,non_english
,5790492.0,non_english
,5790910.0,non_english
,5791454.0,non_english
,5791587.0,non_english
,5791602.0,non_english
,5792229.0,non_english
,5792250.0,non_english
,5792404.0,non_english
,5792483.0,non_english
,5792923.0,non_english
,5793069.0,non_english
,5793873.0,non_english
,5796117.0,non_english
,5796307.0,non_english
,5796339.0,non_english
,5796439.0,non_english
,5796785.0,non_english
,5796876.0,non_english
,5796885.0,non_english
,5797165.0,non_english
,5797363.0,non_english
,5797602.0,non_english
,5798457.0,non_english
,5798911.0,non_english
,5799417.0,non_english
,5799604.0,non_english
,5799678.0,non_english
,5800700.0,non_english
,5801303.0,non_english
,5801672.0,non_english
,5801955.0,non_english
,5802642.0,non_english
,5802684.0,non_english
,5802828.0,non_english
,5803406.0,non_english
,5804359.0,non_english
,5805211.0,non_english
,5805236.0,non_english
,5805757.0,non_english
,5805795.0,non_english
,5805907.0,non_english
,5807334.0,non_english
,5807837.0,non_english
,5808999.0,non_english
,5809208.0,non_english
,5809337.0,non_english
,5809467.0,non_english
,5809853.0,non_english
,5811090.0,non_english
,5811781.0,non_english
,5813079.0,non_english
,5813805.0,non_english
,5813844.0,non_english
,5814877.0,non_english
,5815107.0,non_english
,5815281.0,non_english
,5815389.0,non_english
,5815543.0,non_english
,5816393.0,non_english
,5816394.0,non_english
,5816409.0,non_english
,5819587.0,non_english
,5819771.0,non_english
,5821303.0,non_english
,5824695.0,non_english
,5825065.0,non_english
,5828839.0,non_english
,5835025.0,non_english
,5835193.0,non_english
,5835609.0,non_english
,5839501.0,non_english
,5841080.0,non_english
,5841432.0,non_english
,5841482.0,non_english
,5842191.0,non_english
,5842283.0,non_english
,5842475.0,non_english
,5842582.0,non_english
,5842767.0,non_english
,5843163.0,non_english
,5843598.0,non_english
,5843831.0,non_english
,5843930.0,non_english
,5844156.0,non_english
,5844159.0,non_english
,5844178.0,non_english
,5844294.0,non_english
,5844304.0,non_english
,5845352.0,non_english
,5845481.0,non_english
,5845665.0,non_english
,5845728.0,non_english
,5845764.0,non_english
,5845817.0,non_english
,5846069.0,non_english
,5846345.0,non_english
,5846510.0,non_english
,5846673.0,non_english
,5846859.0,non_english
,5846907.0,non_english
,5847043.0,non_english
,5847075.0,non_english
,5847520.0,non_english
,5847738.0,non_english
,5848918.0,non_english
,5849231.0,non_english
,5849248.0,non_english
,5849271.0,non_english
,5850266.0,non_english
,5850297.0,non_english
,5850775.0,non_english
,5850818.0,non_english
,5850917.0,non_english
,5851620.0,non_english
,5851884.0,non_english
,5852110.0,non_english
,5852334.0,non_english
,5852399.0,non_english
,5852926.0,non_english
,5853045.0,non_english
,5853344.0,non_english
,5854362.0,non_english
,5854476.0,non_english
,5854506.0,non_english
,5854890.0,non_english
,5855116.0,non_english
,5855254.0,non_english
,5855478.0,non_english
,5855958.0,non_english
,5856304.0,non_english
,5856524.0,non_english
,5856920.0,non_english
,5857104.0,non_english
,5857836.0,non_english
,5858237.0,non_english
,5858411.0,non_english
,5858504.0,non_english
,5858586.0,non_english
,5859010.0,non_english
,5859351.0,non_english
,5859468.0,non_english
,5859484.0,non_english
,5859701.0,non_english
,5859897.0,non_english
,5860738.0,non_english
,5861526.0,non_english
,5861566.0,non_english
,5862339.0,non_english
,5862530.0,non_english
,5863540.0,non_english
,5863704.0,non_english
,5864171.0,non_english
,5864973.0,non_english
,5865057.0,non_english
,5865191.0,non_english
,5865328.0,non_english
,5866357.0,non_english
,5866361.0,non_english
,5866413.0,non_english
,5867640.0,non_english
,5867757.0,non_english
,5868371.0,non_english
,5868545.0,non_english
,5868590.0,non_english
,5868706.0,non_english
,5868900.0,non_english
,5869653.0,non_english
,5869983.0,non_english
,5870350.0,non_english
,5870509.0,non_english
,5871338.0,non_english
,5872253.0,non_english
,5872262.0,non_english
,5872264.0,non_english
,5872274.0,non_english
,5872385.0,non_english
,5872398.0,non_english
,5872914.0,non_english
,5873811.0,non_english
,5873820.0,non_english
,5874215.0,non_english
,5874544.0,non_english
,5875582.0,non_english
,5875781.0,non_english
,5875942.0,non_english
,5876462.0,non_english
,5876533.0,non_english
,5877135.0,non_english
,5877427.0,non_english
,5877795.0,non_english
,5878203.0,non_english
,5879215.0,non_english
,5880304.0,non_english
,5880305.0,non_english
,5880489.0,non_english
,5880594.0,non_english
,5881145.0,non_english
,5881772.0,non_english
,5881888.0,non_english
,5881989.0,non_english
,5882008.0,non_english
,5882178.0,non_english
,5883532.0,non_english
,5884094.0,non_english
,5885711.0,non_english
,5886628.0,non_english
,5888064.0,non_english
,5888863.0,non_english
,5889107.0,non_english
,5889151.0,non_english
,5889316.0,non_english
,5889341.0,non_english
,5889380.0,non_english
,5889432.0,non_english
,5889495.0,non_english
,5889656.0,non_english
,5889733.0,non_english
,5889996.0,non_english
,5890368.0,non_english
,5890568.0,non_english
,5890813.0,non_english
,5891597.0,non_english
,5891621.0,non_english
,5891822.0,non_english
,5892930.0,non_english
,5893406.0,non_english
,5893457.0,non_english
,5893871.0,non_english
,5893918.0,non_english
,5895232.0,non_english
,5895292.0,non_english
,5895369.0,non_english
,5896050.0,non_english
,5896200.0,non_english
,5896336.0,non_english
,5896677.0,non_english
,5896851.0,non_english
,5897188.0,non_english
,5897576.0,non_english
,5898125.0,non_english
,5898606.0,non_english
,5898796.0,non_english
,5898854.0,non_english
,5899220.0,non_english
,5899565.0,non_english
,5900111.0,non_english
,5900117.0,non_english
,5900139.0,non_english
,5900371.0,non_english
,5900407.0,non_english
,5900509.0,non_english
,5900662.0,non_english
,5900844.0,non_english
,5900861.0,non_english
,5900921.0,non_english
,5901038.0,non_english
,5901530.0,non_english
,5901671.0,non_english
,5901854.0,non_english
,5901902.0,non_english
,5902262.0,non_english
,5902361.0,non_english
,5903194.0,non_english
,5903637.0,non_english
,5903660.0,non_english
,5903681.0,non_english
,5904079.0,non_english
,5904460.0,non_english
,5904679.0,non_english
,5905407.0,non_english
,5905614.0,non_english
,5905847.0,non_english
,5905989.0,non_english
,5906094.0,non_english
,5906900.0,non_english
,5907020.0,non_english
,5907053.0,non_english
,5907374.0,non_english
,5907644.0,non_english
,5907996.0,non_english
,5908062.0,non_english
,5908197.0,non_english
,5908237.0,non_english
,5908259.0,non_english
,5908462.0,non_english
,5908822.0,non_english
,5910865.0,non_english
,5910954.0,non_english
,5911776.0,non_english
,5913140.0,non_english
,5913648.0,non_english
,5913756.0,non_english
,5914003.0,non_english
,5914175.0,non_english
,5914216.0,non_english
,5915468.0,non_english
,5916049.0,non_english
,5919398.0,non_english
,5921464.0,non_english
,5922820.0,non_english
,5923268.0,non_english
,5923587.0,non_english
,5923996.0,non_english
,5924028.0,non_english
,5924357.0,non_english
,5924382.0,non_english
,5924644.0,non_english
,5924975.0,non_english
,5924988.0,non_english
,5925722.0,non_english
,5925901.0,non_english
,5926202.0,non_english
,5926460.0,non_english
,5927298.0,non_english
,5928138.0,non_english
,5929002.0,non_english
,5929094.0,non_english
,5930181.0,non_english
,5930215.0,non_english
,5930300.0,non_english
,5930707.0,non_english
,5930767.0,non_english
,5931243.0,non_english
,5931319.0,non_english
,5931767.0,non_english
,5931931.0,non_english
,5931984.0,non_english
,5932215.0,non_english
,5932469.0,non_english
,5932858.0,non_english
,5933631.0,non_english
,5934209.0,non_english
,5934976.0,non_english
,5934999.0,non_english
,5935110.0,non_english
,5935481.0,non_english
,5935983.0,non_english
,5936049.0,non_english
,5936293.0,non_english
,5936428.0,non_english
,5936621.0,non_english
,5937556.0,non_english
,5937739.0,non_english
,5937775.0,non_english
,5937873.0,non_english
,5937985.0,non_english
,5938147.0,non_english
,5938297.0,non_english
,5938902.0,non_english
,5941203.0,non_english
,5941679.0,non_english
,5943000.0,non_english
,5944928.0,non_english
,5945095.0,non_english
,5946339.0,non_english
,5946520.0,non_english
,5947360.0,non_english
,5948540.0,non_english
,5949127.0,non_english
,5950549.0,non_english
,5950947.0,non_english
,5952202.0,non_english
,5952487.0,non_english
,5953896.0,non_english
,5954728.0,non_english
,5955068.0,non_english
,5955555.0,non_english
,5955833.0,non_english
,5955901.0,non_english
,5956036.0,non_english
,5956053.0,non_english
,5956372.0,non_english
,5956449.0,non_english
,5956663.0,non_english
,5956682.0,non_english
,5956983.0,non_english
,5957845.0,non_english
,5957980.0,non_english
,5958025.0,non_english
,5958026.0,non_english
,5958309.0,non_english
,5958978.0,non_english
,5959224.0,non_english
,5960167.0,non_english
,5960258.0,non_english
,5960380.0,non_english
,5961088.0,non_english
,5961402.0,non_english
,5961910.0,non_english
,5961913.0,non_english
,5962290.0,non_english
,5962782.0,non_english
,5963287.0,non_english
,5963399.0,non_english
,5963555.0,non_english
,5964148.0,non_english
,5964851.0,non_english
,5964904.0,non_english
,5964918.0,non_english
,5965261.0,non_english
,5966841.0,non_english
,5966937.0,non_english
,5967643.0,non_english
,5968082.0,non_english
,5971549.0,non_english
,5971896.0,non_english
,5971937.0,non_english
,5972991.0,non_english
,5973056.0,non_english
,5973223.0,non_english
,5973467.0,non_english
,5973565.0,non_english
,5974217.0,non_english
,5975106.0,non_english
,5976729.0,non_english
,5978372.0,non_english
,5980824.0,non_english
,5981117.0,non_english
,5982039.0,non_english
,5982217.0,non_english
,5982363.0,non_english
,5982602.0,non_english
,5982749.0,non_english
,5982764.0,non_english
,5983156.0,non_english
,5983641.0,non_english
,5983644.0,non_english
,5983667.0,non_english
,5983811.0,non_english
,5984908.0,non_english
,5985201.0,non_english
,5985309.0,non_english
,5985417.0,non_english
,5986198.0,non_english
,5986284.0,non_english
,5986321.0,non_english
,5987010.0,non_english
,5987143.0,non_english
,5987273.0,non_english
,5988612.0,non_english
,5990042.0,non_english
,5992218.0,non_english
,5992887.0,non_english
,5993180.0,non_english
,5993365.0,non_english
,5993422.0,non_english
,5995029.0,non_english
,5995840.0,non_english
,5997364.0,non_english
,5997576.0,non_english
,5997807.0,non_english
,5998508.0,non_english
,5998536.0,non_english
,5998761.0,non_english
,6000714.0,non_english
,6000748.0,non_english
,6001724.0,non_english
,6002083.0,non_english
,6004518.0,non_english
,6005512.0,non_english
,6005730.0,non_english
,6006256.0,non_english
,6006862.0,non_english
,6006977.0,non_english
,6007464.0,non_english
,6007950.0,non_english
,6008527.0,non_english
,6008894.0,non_english
,6009056.0,non_english
,6009202.0,non_english
,6009570.0,non_english
,6009809.0,non_english
,6010041.0,non_english
,6010349.0,non_english
,6010360.0,non_english
,6010796.0,non_english
,6011542.0,non_english
,6011659.0,non_english
,6011794.0,non_english
,6013568.0,non_english
,6013570.0,non_english
,6013584.0,non_english
,6015285.0,non_english
,6020200.0,non_english
,6021169.0,non_english
,6021450.0,non_english
,6021960.0,non_english
,6022202.0,non_english
,6022618.0,non_english
,6023028.0,non_english
,6023166.0,non_english
,6023704.0,non_english
,6023847.0,non_english
,6024048.0,non_english
,6024508.0,non_english
,6024899.0,non_english
,6024990.0,non_english
,6025010.0,non_english
,6025038.0,non_english
,6025258.0,non_english
,6025817.0,non_english
,6025891.0,non_english
,6026417.0,non_english
,6026874.0,non_english
,6027417.0,non_english
,6028067.0,non_english
,6028325.0,non_english
,6028338.0,non_english
,6028538.0,non_english
,6028885.0,non_english
,6029443.0,non_english
,6029637.0,non_english
,6030448.0,non_english
,6031038.0,non_english
,6031199.0,non_english
,6031657.0,non_english
,6031798.0,non_english
,6032261.0,non_english
,6032271.0,non_english
,6032444.0,non_english
,6033210.0,non_english
,6033631.0,non_english
,6033775.0,non_english
,6034064.0,non_english
,6034221.0,non_english
,6034223.0,non_english
,6034273.0,non_english
,6034337.0,non_english
,6034963.0,non_english
,6035157.0,non_english
,6036219.0,non_english
,6036582.0,non_english
,6036650.0,non_english
,6039223.0,non_english
,6040306.0,non_english
,6040912.0,non_english
,6041117.0,non_english
,6041206.0,non_english
,6041331.0,non_english
,6041495.0,non_english
,6041664.0,non_english
,6042107.0,non_english
,6042144.0,non_english
,6042177.0,non_english
,6042244.0,non_english
,6042273.0,non_english
,6042281.0,non_english
,6042839.0,non_english
,6044375.0,non_english
,6044623.0,non_english
,6046035.0,non_english
,6046774.0,non_english
,6046801.0,non_english
,6048711.0,non_english
,6049194.0,non_english
,6049207.0,non_english
,6049419.0,non_english
,6050751.0,non_english
,6051224.0,non_english
,6051651.0,non_english
,6051766.0,non_english
,6052956.0,non_english
,6053838.0,non_english
,6053927.0,non_english
,6054672.0,non_english
,6055532.0,non_english
,6057182.0,non_english
,6057236.0,non_english
,6058953.0,non_english
,6059410.0,non_english
,6059793.0,non_english
,6063097.0,non_english
,6065345.0,non_english
,6065506.0,non_english
,6065736.0,non_english
,6066289.0,non_english
,6066500.0,non_english
,6067254.0,non_english
,6070789.0,non_english
,6071341.0,non_english
,6072267.0,non_english
,6073186.0,non_english
,6074018.0,non_english
,6074449.0,non_english
,6076859.0,non_english
,6077160.0,non_english
,6077290.0,non_english
,6078859.0,non_english
,6079141.0,non_english
,6079865.0,non_english
,6079883.0,non_english
,6079988.0,non_english
,6080536.0,non_english
,6080814.0,non_english
,6082608.0,non_english
,6082863.0,non_english
,6082996.0,non_english
,6083294.0,non_english
,6083597.0,non_english
,6083600.0,non_english
,6083897.0,non_english
,6084098.0,non_english
,6084540.0,non_english
,6084687.0,non_english
,6084948.0,non_english
,6085030.0,non_english
,6085548.0,non_english
,6085586.0,non_english
,6085684.0,non_english
,6086270.0,non_english
,6086431.0,non_english
,6086796.0,non_english
,6087170.0,non_english
,6087270.0,non_english
,6087575.0,non_english
,6087586.0,non_english
,6087928.0,non_english
,6088365.0,non_english
,6088493.0,non_english
,6089290.0,non_english
,6089467.0,non_english
,6089551.0,non_english
,6089586.0,non_english
,6089796.0,non_english
,6089958.0,non_english
,6090735.0,non_english
,6092095.0,non_english
,6092731.0,non_english
,6093056.0,non_english
,6093665.0,non_english
,6093668.0,non_english
,6094286.0,non_english
,6094409.0,non_english
,6095048.0,non_english
,6095891.0,non_english
,6095934.0,non_english
,6095943.0,non_english
,6096126.0,non_english
,6096557.0,non_english
,6096729.0,non_english
,6098274.0,non_english
,6098495.0,non_english
,6099893.0,non_english
,6100384.0,non_english
,6101650.0,non_english
,6101830.0,non_english
,6102082.0,non_english
,6102675.0,non_english
,6102743.0,non_english
,6103383.0,non_english
,6103457.0,non_english
,6103496.0,non_english
,6103552.0,non_english
,6103571.0,non_english
,6103600.0,non_english
,6107491.0,non_english
,6108268.0,non_english
,6108335.0,non_english
,6109098.0,non_english
,6109177.0,non_english
,6109665.0,non_english
,6110789.0,non_english
,6110826.0,non_english
,6111393.0,non_english
,6111513.0,non_english
,6111816.0,non_english
,6111917.0,non_english
,6112241.0,non_english
,6112324.0,non_english
,6112361.0,non_english
,6112873.0,non_english
,6113068.0,non_english
,6113535.0,non_english
,6113625.0,non_english
,6113941.0,non_english
,6113953.0,non_english
,6114173.0,non_english
,6114630.0,non_english
,6115179.0,non_english
,6115489.0,non_english
,6115548.0,non_english
,6116235.0,non_english
,6116268.0,non_english
,6116538.0,non_english
,6116607.0,non_english
,6116776.0,non_english
,6116930.0,non_english
,6117634.0,non_english
,6118221.0,non_english
,6118671.0,non_english
,6118850.0,non_english
,6119371.0,non_english
,6119472.0,non_english
,6119875.0,non_english
,6119968.0,non_english
,6120530.0,non_english
,6121003.0,non_english
,6121036.0,non_english
,6121267.0,non_english
,6121458.0,non_english
,6121462.0,non_english
,6121846.0,non_english
,6121981.0,non_english
,6122420.0,non_english
,6123187.0,non_english
,6123201.0,non_english
,6124202.0,non_english
,6124730.0,non_english
,6124847.0,non_english
,6124857.0,non_english
,6125662.0,non_english
,6126375.0,non_english
,6127047.0,non_english
,6127164.0,non_english
,6127309.0,non_english
,6127540.0,non_english
,6127718.0,non_english
,6127821.0,non_english
,6129054.0,non_english
,6129864.0,non_english
,6129963.0,non_english
,6130473.0,non_english
,6130512.0,non_english
,6130532.0,non_english
,6130961.0,non_english
,6132031.0,non_english
,6132061.0,non_english
,6132616.0,non_english
,6132856.0,non_english
,6133592.0,non_english
,6134775.0,non_english
,6135497.0,non_english
,6135562.0,non_english
,6135799.0,non_english
,6136042.0,non_english
,6136143.0,non_english
,6136144.0,non_english
,6136684.0,non_english
,6136962.0,non_english
,6137200.0,non_english
,6137308.0,non_english
,6137530.0,non_english
,6137760.0,non_english
,6137778.0,non_english
,6137853.0,non_english
,6137885.0,non_english
,6138472.0,non_english
,6139097.0,non_english
,6139828.0,non_english
,6139892.0,non_english
,6139897.0,non_english
,6140935.0,non_english
,6141185.0,non_english
,6141221.0,non_english
,6141884.0,non_english
,6142051.0,non_english
,6142147.0,non_english
,6142170.0,non_english
,6142324.0,non_english
,6142366.0,non_english
,6142388.0,non_english
,6142919.0,non_english
,6143189.0,non_english
,6143367.0,non_english
,6143395.0,non_english
,6143700.0,non_english
,6144381.0,non_english
,6144421.0,non_english
,6144429.0,non_english
,6144480.0,non_english
,6144863.0,non_english
,6145167.0,non_english
,6145182.0,non_english
,6145324.0,non_english
,6145523.0,non_english
,6146665.0,non_english
,6147402.0,non_english
,6147575.0,non_english
,6148358.0,non_english
,6148640.0,non_english
,6148850.0,non_english
,6149162.0,non_english
,6149385.0,non_english
,6149588.0,non_english
,6149845.0,non_english
,6149941.0,non_english
,6150029.0,non_english
,6150456.0,non_english
,6150947.0,non_english
,6151001.0,non_english
,6151113.0,non_english
,6151653.0,non_english
,6151982.0,non_english
,6152061.0,non_english
,6152350.0,non_english
,6152661.0,non_english
,6152809.0,non_english
,6152859.0,non_english
,6153201.0,non_english
,6153431.0,non_english
,6153472.0,non_english
,6153762.0,non_english
,6154092.0,non_english
,6154107.0,non_english
,6154202.0,non_english
,6154710.0,non_english
,6154743.0,non_english
,6154746.0,non_english
,6154769.0,non_english
,6155140.0,non_english
,6155489.0,non_english
,6155782.0,non_english
,6155800.0,non_english
,6155864.0,non_english
,6156021.0,non_english
,6156073.0,non_english
,6156315.0,non_english
,6156487.0,non_english
,6157659.0,non_english
,6157705.0,non_english
,6158152.0,non_english
,6158504.0,non_english
,6158648.0,non_english
,6158955.0,non_english
,6158999.0,non_english
,6159451.0,non_english
,6159496.0,non_english
,6159781.0,non_english
,6159787.0,non_english
,6159836.0,non_english
,6159936.0,non_english
,6160419.0,non_english
,6160491.0,non_english
,6160631.0,non_english
,6161300.0,non_english
,6161501.0,non_english
,6161522.0,non_english
,6161939.0,non_english
,6161960.0,non_english
,6161965.0,non_english
,6161970.0,non_english
,6162649.0,non_english
,6163154.0,non_english
,6163248.0,non_english
,6163296.0,non_english
,6163753.0,non_english
,6164147.0,non_english
,6164341.0,non_english
,6164770.0,non_english
,6165096.0,non_english
,6166146.0,non_english
,6166683.0,non_english
,6166792.0,non_english
,6168360.0,non_english
,6168631.0,non_english
,6169486.0,non_english
,6169671.0,non_english
,6170655.0,non_english
,6171175.0,non_english
,6171939.0,non_english
,6172010.0,non_english
,6172349.0,non_english
,6172689.0,non_english
,6174144.0,non_english
,6174608.0,non_english
,6175307.0,non_english
,6175559.0,non_english
,6176231.0,non_english
,6176250.0,non_english
,6178645.0,non_english
,6178746.0,non_english
,6178846.0,non_english
,6179106.0,non_english
,6179108.0,non_english
,6179112.0,non_english
,6179159.0,non_english
,6179366.0,non_english
,6179493.0,non_english
,6179586.0,non_english
,6179712.0,non_english
,6179727.0,non_english
,6180649.0,non_english
,6180909.0,non_english
,6180978.0,non_english
,6181051.0,non_english
,6181273.0,non_english
,6182064.0,non_english
,6182122.0,non_english
,6182181.0,non_english
,6182379.0,non_english
,6182524.0,non_english
,6183226.0,non_english
,6183967.0,non_english
,6183989.0,non_english
,6184046.0,non_english
,6184360.0,non_english
,6184391.0,non_english
,6184980.0,non_english
,6185470.0,non_english
,6185920.0,non_english
,6185988.0,non_english
,6186073.0,non_english
,6186361.0,non_english
,6186364.0,non_english
,6186375.0,non_english
,6186941.0,non_english
,6186957.0,non_english
,6187300.0,non_english
,6187389.0,non_english
,6187415.0,non_english
,6187549.0,non_english
,6187728.0,non_english
,6187829.0,non_english
,6188037.0,non_english
,6188060.0,non_english
,6188309.0,non_english
,6188492.0,non_english
,6188549.0,non_english
,6188667.0,non_english
,6189118.0,non_english
,6189476.0,non_english
,6189620.0,non_english
,6189768.0,non_english
,6189785.0,non_english
,6189908.0,non_english
,6189973.0,non_english
,6190332.0,non_english
,6190983.0,non_english
,6191072.0,non_english
,6191179.0,non_english
,6191268.0,non_english
,6191636.0,non_english
,6191763.0,non_english
,6192069.0,non_english
,6192499.0,non_english
,6192591.0,non_english
,6192603.0,non_english
,6192820.0,non_english
,6193285.0,non_english
,6193287.0,non_english
,6193310.0,non_english
,6193599.0,non_english
,6194093.0,non_english
,6194350.0,non_english
,6194361.0,non_english
,6194466.0,non_english
,6194696.0,non_english
,6194828.0,non_english
,6194961.0,non_english
,6194970.0,non_english
,6195068.0,non_english
,6195258.0,non_english
,6195287.0,non_english
,6195295.0,non_english
,6195479.0,non_english
,6195541.0,non_english
,6195684.0,non_english
,6196239.0,non_english
,6196508.0,non_english
,6196927.0,non_english
,6197098.0,non_english
,6197117.0,non_english
,6197153.0,non_english
,6197293.0,non_english
,6197687.0,non_english
,6197750.0,non_english
,6197869.0,non_english
,6197872.0,non_english
,6198159.0,non_english
,6198191.0,non_english
,6198244.0,non_english
,6198276.0,non_english
,6198312.0,non_english
,6198319.0,non_english
,6198456.0,non_english
,6198684.0,non_english
,6198686.0,non_english
,6198690.0,non_english
,6199257.0,non_english
,6199549.0,non_english
,6199984.0,non_english
,6200075.0,non_english
,6200199.0,non_english
,6200361.0,non_english
,6201069.0,non_english
,6202218.0,non_english
,6202223.0,non_english
,6202354.0,non_english
,6202383.0,non_english
,6202733.0,non_english
,6203148.0,non_english
,6203239.0,non_english
,6203266.0,non_english
,6203489.0,non_english
,6203569.0,non_english
,6203654.0,non_english
,6203692.0,non_english
,6204060.0,non_english
,6205295.0,non_english
,6205728.0,non_english
,6205875.0,non_english
,6206275.0,non_english
,6206959.0,non_english
,6207346.0,non_english
,6207523.0,non_english
,6207611.0,non_english
,6209074.0,non_english
,6209529.0,non_english
,6209906.0,non_english
,6210075.0,non_english
,6210176.0,non_english
,6211040.0,non_english
,6211377.0,non_english
,6211449.0,non_english
,6211658.0,non_english
,6211664.0,non_english
,6211701.0,non_english
,6211713.0,non_english
,6211733.0,non_english
,6211791.0,non_english
,6211805.0,non_english
,6211871.0,non_english
,6211918.0,non_english
,6212100.0,non_english
,6212195.0,non_english
,6212200.0,non_english
,6212236.0,non_english
,6212390.0,non_english
,6212613.0,non_english
,6212620.0,non_english
,6212722.0,non_english
,6212875.0,non_english
,6212956.0,non_english
,6213083.0,non_english
,6213823.0,non_english
,6213830.0,non_english
,6213874.0,non_english
,6214195.0,non_english
,6215032.0,non_english
,6215654.0,non_english
,6215879.0,non_english
,6215975.0,non_english
,6216254.0,non_english
,6216439.0,non_english
,6216510.0,non_english
,6216753.0,non_english
,6216836.0,non_english
,6216851.0,non_english
,6216872.0,non_english
,6216889.0,non_english
,6217172.0,non_english
,6217225.0,non_english
,6217435.0,non_english
,6217596.0,non_english
,6217681.0,non_english
,6218322.0,non_english
,6218633.0,non_english
,6218937.0,non_english
,6219033.0,non_english
,6219045.0,non_english
,6219059.0,non_english
,6219122.0,non_english
,6219149.0,non_english
,6219217.0,non_english
,6219234.0,non_english
,6219286.0,non_english
,6219298.0,non_english
,6219320.0,non_english
,6219498.0,non_english
,6219588.0,non_english
,6219737.0,non_english
,6220751.0,non_english
,6220884.0,non_english
,6220918.0,non_english
,6221043.0,non_english
,6221412.0,non_english
,6221623.0,non_english
,6221764.0,non_english
,6221769.0,non_english
,6222182.0,non_english
,6223176.0,non_english
,6223476.0,non_english
,6223564.0,non_english
,6223746.0,non_english
,6223828.0,non_english
,6223924.0,non_english
,6223950.0,non_english
,6224375.0,non_english
,6224630.0,non_english
,6224687.0,non_english
,6224702.0,non_english
,6225218.0,non_english
,6225315.0,non_english
,6225788.0,non_english
,6225944.0,non_english
,6225990.0,non_english
,6226491.0,non_english
,6226648.0,non_english
,6226692.0,non_english
,6226703.0,non_english
,6226709.0,non_english
,6226888.0,non_english
,6228940.0,non_english
,6229252.0,non_english
,6229261.0,non_english
,6229332.0,non_english
,6229416.0,non_english
,6229908.0,non_english
,6229937.0,non_english
,6229941.0,non_english
,6229960.0,non_english
,6230704.0,non_english
,6231262.0,non_english
,6231304.0,non_english
,6231327.0,non_english
,6231776.0,non_english
,6231784.0,non_english
,6231863.0,non_english
,6232084.0,non_english
,6232091.0,non_english
,6233825.0,non_english
,6234761.0,non_english
,6234774.0,non_english
,6235419.0,non_english
,6235703.0,non_english
,6236242.0,non_english
,6236251.0,non_english
,6236346.0,non_english
,6236702.0,non_english
,6236789.0,non_english
,6237620.0,non_english
,6237769.0,non_english
,6237850.0,non_english
,6238007.0,non_english
,6238222.0,non_english
,6238270.0,non_english
,6238345.0,non_english
,6239360.0,non_english
,6239392.0,non_english
,6239435.0,non_english
,6239499.0,non_english
,6240628.0,non_english
,6240822.0,non_english
,6241244.0,non_english
,6241525.0,non_english
,6242121.0,non_english
,6242254.0,non_english
,6242548.0,non_english
,6242660.0,non_english
,6242669.0,non_english
,6242718.0,non_english
,6242824.0,non_english
,6243433.0,non_english
,6244001.0,non_english
,6244362.0,non_english
,6245104.0,non_english
,6245456.0,non_english
,6245648.0,non_english
,6245922.0,non_english
,6245929.0,non_english
,6246233.0,non_english
,6246299.0,non_english
,6246303.0,non_english
,6246312.0,non_english
,6246349.0,non_english
,6246712.0,non_english
,6246758.0,non_english
,6247270.0,non_english
,6248454.0,non_english
,6248700.0,non_english
,6248790.0,non_english
,6249031.0,non_english
,6249255.0,non_english
,6249324.0,non_english
,6250420.0,non_english
,6250912.0,non_english
,6250942.0,non_english
,6251667.0,non_english
,6252250.0,non_english
,6252316.0,non_english
,6252598.0,non_english
,6253073.0,non_english
,6253082.0,non_english
,6253245.0,non_english
,6253366.0,non_english
,6253388.0,non_english
,6253771.0,non_english
,6253853.0,non_english
,6253888.0,non_english
,6253977.0,non_english
,6254807.0,non_english
,6255135.0,non_english
,6255181.0,non_english
,6255886.0,non_english
,6256534.0,non_english
,6256639.0,non_english
,6256741.0,non_english
,6257096.0,non_english
,6257158.0,non_english
,6257160.0,non_english
,6257176.0,non_english
,6257243.0,non_english
,6258039.0,non_english
,6258392.0,non_english
,6258460.0,non_english
,6258935.0,non_english
,6259041.0,non_english
,6259043.0,non_english
,6259377.0,non_english
,6259556.0,non_english
,6259591.0,non_english
,6259609.0,non_english
,6259626.0,non_english
,6259968.0,non_english
,6260228.0,non_english
,6260379.0,non_english
,6261286.0,non_english
,6261775.0,non_english
,6261924.0,non_english
,6261950.0,non_english
,6262290.0,non_english
,6262498.0,non_english
,6262788.0,non_english
,6262994.0,non_english
,6262995.0,non_english
,6263072.0,non_english
,6263123.0,non_english
,6263714.0,non_english
,6263746.0,non_english
,6263801.0,non_english
,6263827.0,non_english
,6264329.0,non_english
,6264380.0,non_english
,6264430.0,non_english
,6264486.0,non_english
,6264559.0,non_english
,6264625.0,non_english
,6264705.0,non_english
,6264871.0,non_english
,6265458.0,non_english
,6265507.0,non_english
,6265513.0,non_english
,6265676.0,non_english
,6265899.0,non_english
,6265900.0,non_english
,6266548.0,non_english
,6266566.0,non_english
,6266669.0,non_english
,6266741.0,non_english
,6267162.0,non_english
,6267422.0,non_english
,6268029.0,non_english
,6268634.0,non_english
,6268635.0,non_english
,6268744.0,non_english
,6268815.0,non_english
,6268840.0,non_english
,6269084.0,non_english
,6269112.0,non_english
,6269172.0,non_english
,6269213.0,non_english
,6269222.0,non_english
,6269229.0,non_english
,6269440.0,non_english
,6269638.0,non_english
,6269705.0,non_english
,6269717.0,non_english
,6269757.0,non_english
,6269815.0,non_english
,6269970.0,non_english
,6270247.0,non_english
,6270894.0,non_english
,6271436.0,non_english
,6271536.0,non_english
,6272043.0,non_english
,6272112.0,non_english
,6273319.0,non_english
,6273421.0,non_english
,6273722.0,non_english
,6274098.0,non_english
,6274135.0,non_english
,6274191.0,non_english
,6275761.0,non_english
,6276473.0,non_english
,6276700.0,non_english
,6277293.0,non_english
,6277576.0,non_english
,6279021.0,non_english
,6279406.0,non_english
,6280145.0,non_english
,6280285.0,non_english
,6280290.0,non_english
,6280679.0,non_english
,6280959.0,non_english
,6280979.0,non_english
,6281111.0,non_english
,6281468.0,non_english
,6281564.0,non_english
,6281593.0,non_english
,6282554.0,non_english
,6282777.0,non_english
,6283071.0,non_english
,6283315.0,non_english
,6284786.0,non_english
,6285091.0,non_english
,6285377.0,non_english
,6285381.0,non_english
,6285461.0,non_english
,6285469.0,non_english
,6285549.0,non_english
,6286319.0,non_english
,6286549.0,non_english
,6286856.0,non_english
,6286859.0,non_english
,6286860.0,non_english
,6286879.0,non_english
,6286881.0,non_english
,6286890.0,non_english
,6287808.0,non_english
,6288464.0,non_english
,6289321.0,non_english
,6289947.0,non_english
,6290015.0,non_english
,6290138.0,non_english
,6290165.0,non_english
,6290194.0,non_english
,6290539.0,non_english
,6290736.0,non_english
,6290760.0,non_english
,6291259.0,non_english
,6291379.0,non_english
,6291430.0,non_english
,6291536.0,non_english
,6291708.0,non_english
,6291751.0,non_english
,6291776.0,non_english
,6291856.0,non_english
,6291922.0,non_english
,6291983.0,non_english
,6292080.0,non_english
,6292188.0,non_english
,6292189.0,non_english
,6292325.0,non_english
,6292348.0,non_english
,6292366.0,non_english
,6292413.0,non_english
,6292575.0,non_english
,6292590.0,non_english
,6292643.0,non_english
,6292902.0,non_english
,6293474.0,non_english
,6293507.0,non_english
,6293906.0,non_english
,6293953.0,non_english
,6294159.0,non_english
,6294402.0,non_english
,6294457.0,non_english
,6294785.0,non_english
,6294824.0,non_english
,6295404.0,non_english
,6296759.0,non_english
,6297356.0,non_english
,6297787.0,non_english
,6298041.0,non_english
,6298165.0,non_english
,6298429.0,non_english
,6298461.0,non_english
,6298670.0,non_english
,6298729.0,non_english
,6298736.0,non_english
,6299023.0,non_english
,6299045.0,non_english
,6299058.0,non_english
,6299236.0,non_english
,6300070.0,non_english
,6300147.0,non_english
,6300160.0,non_english
,6300166.0,non_english
,6300183.0,non_english
,6300218.0,non_english
,6300729.0,non_english
,6300730.0,non_english
,6300951.0,non_english
,6301849.0,non_english
,6302075.0,non_english
,6302814.0,non_english
,6303180.0,non_english
,6303423.0,non_english
,6304736.0,non_english
,6305510.0,non_english
,6305551.0,non_english
,6305850.0,non_english
,6305851.0,non_english
,6305921.0,non_english
,6307349.0,non_english
,6308038.0,non_english
,6308044.0,non_english
,6308047.0,non_english
,6308278.0,non_english
,6309550.0,non_english
,6310217.0,non_english
,6310249.0,non_english
,6310288.0,non_english
,6310307.0,non_english
,6310648.0,non_english
,6311259.0,non_english
,6311302.0,non_english
,6312322.0,non_english
,6312627.0,non_english
,6312784.0,non_english
,6313143.0,non_english
,6313233.0,non_english
,6313510.0,non_english
,6313701.0,non_english
,6313713.0,non_english
,6313721.0,non_english
,6313814.0,non_english
,6313918.0,non_english
,6314257.0,non_english
,6314329.0,non_english
,6314358.0,non_english
,6315381.0,non_english
,6315408.0,non_english
,6316019.0,non_english
,6316032.0,non_english
,6317085.0,non_english
,6317161.0,non_english
,6317225.0,non_english
,6317841.0,non_english
,6317958.0,non_english
,6318914.0,non_english
,6319684.0,non_english
,6319774.0,non_english
,6320134.0,non_english
,6320706.0,non_english
,6320745.0,non_english
,6321010.0,non_english
,6321058.0,non_english
,6321276.0,non_english
,6321674.0,non_english
,6321816.0,non_english
,6322307.0,non_english
,6322751.0,non_english
,6322909.0,non_english
,6323087.0,non_english
,6323270.0,non_english
,6323518.0,non_english
,6323566.0,non_english
,6323646.0,non_english
,6324129.0,non_english
,6324335.0,non_english
,6324599.0,non_english
,6324957.0,non_english
,6325107.0,non_english
,6325422.0,non_english
,6325462.0,non_english
,6325600.0,non_english
,6325870.0,non_english
,6325958.0,non_english
,6326099.0,non_english
,6326537.0,non_english
,6326729.0,non_english
,6327073.0,non_english
,6327277.0,non_english
,6327438.0,non_english
,6328287.0,non_english
,6329154.0,non_english
,6329326.0,non_english
,6329360.0,non_english
,6329382.0,non_english
,6329389.0,non_english
,6329516.0,non_english
,6329540.0,non_english
,6329653.0,non_english
,6329892.0,non_english
,6329973.0,non_english
,6330208.0,non_english
,6330522.0,non_english
,6331040.0,non_english
,6331048.0,non_english
,6331107.0,non_english
,6331161.0,non_english
,6332826.0,non_english
,6333163.0,non_english
,6333470.0,non_english
,6333473.0,non_english
,6333584.0,non_english
,6334090.0,non_english
,6334137.0,non_english
,6334283.0,non_english
,6334686.0,non_english
,6334727.0,non_english
,6335346.0,non_english
,6335392.0,non_english
,6335418.0,non_english
,6335953.0,non_english
,6336022.0,non_english
,6336633.0,non_english
,6337582.0,non_english
,6337955.0,non_english
,6338012.0,non_english
,6338145.0,non_english
,6338177.0,non_english
,6338305.0,non_english
,6338813.0,non_english
,6339294.0,non_english
,6340008.0,non_english
,6340176.0,non_english
,6340865.0,non_english
,6341472.0,non_english
,6341523.0,non_english
,6342186.0,non_english
,6342187.0,non_english
,6342305.0,non_english
,6342330.0,non_english
,6342493.0,non_english
,6342558.0,non_english
,6342872.0,non_english
,6342903.0,non_english
,6342905.0,non_english
,6343342.0,non_english
,6345268.0,non_english
,6345524.0,non_english
,6345531.0,non_english
,6346052.0,non_english
,6346128.0,non_english
,6346371.0,non_english
,6347019.0,non_english
,6347048.0,non_english
,6347479.0,non_english
,6347776.0,non_english
,6348090.0,non_english
,6348386.0,non_english
,6348660.0,non_english
,6349101.0,non_english
,6349262.0,non_english
,6349441.0,non_english
,6349490.0,non_english
,6349639.0,non_english
,6350324.0,non_english
,6350352.0,non_english
,6350386.0,non_english
,6351005.0,non_english
,6351184.0,non_english
,6351510.0,non_english
,6351898.0,non_english
,6351963.0,non_english
,6352151.0,non_english
,6352162.0,non_english
,6352178.0,non_english
,6352271.0,non_english
,6352555.0,non_english
,6352681.0,non_english
,6352915.0,non_english
,6352928.0,non_english
,6353750.0,non_english
,6353818.0,non_english
,6353822.0,non_english
,6353999.0,non_english
,6354205.0,non_english
,6355166.0,non_english
,6355463.0,non_english
,6355691.0,non_english
,6355808.0,non_english
,6355913.0,non_english
,6356162.0,non_english
,6356528.0,non_english
,6356609.0,non_english
,6356796.0,non_english
,6357192.0,non_english
,6357221.0,non_english
,6357334.0,non_english
,6357351.0,non_english
,6357729.0,non_english
,6358358.0,non_english
,6359200.0,non_english
,6359876.0,non_english
,6359954.0,non_english
,6360172.0,non_english
,6360189.0,non_english
,6360431.0,non_english
,6361067.0,non_english
,6361935.0,non_english
,6362961.0,non_english
,6363577.0,non_english
,6363986.0,non_english
,6364551.0,non_english
,6365221.0,non_english
,6365798.0,non_english
,6365917.0,non_english
,6366393.0,non_english
,6366583.0,non_english
,6366726.0,non_english
,6366799.0,non_english
,6367123.0,non_english
,6367449.0,non_english
,6367580.0,non_english
,6367671.0,non_english
,6368052.0,non_english
,6368127.0,non_english
,6368275.0,non_english
,6369588.0,non_english
,6370114.0,non_english
,6370302.0,non_english
,6370464.0,non_english
,6370504.0,non_english
,6371044.0,non_english
,6371227.0,non_english
,6371440.0,non_english
,6371611.0,non_english
,6371681.0,non_english
,6371931.0,non_english
,6372154.0,non_english
,6372520.0,non_english
,6373703.0,non_english
,6373788.0,non_english
,6374580.0,non_english
,6375153.0,non_english
,6375247.0,non_english
,6375340.0,non_english
,6375658.0,non_english
,6376010.0,non_english
,6376416.0,non_english
,6376839.0,non_english
,6376874.0,non_english
,6377001.0,non_english
,6378115.0,non_english
,6378613.0,non_english
,6379096.0,non_english
,6379267.0,non_english
,6379423.0,non_english
,6380375.0,non_english
,6380895.0,non_english
,6380942.0,non_english
,6381292.0,non_english
,6381371.0,non_english
,6382255.0,non_english
,6382266.0,non_english
,6382446.0,non_english
,6382921.0,non_english
,6383104.0,non_english
,6383138.0,non_english
,6383190.0,non_english
,6383313.0,non_english
,6383789.0,non_english
,6383804.0,non_english
,6384122.0,non_english
,6384305.0,non_english
,6384338.0,non_english
,6384756.0,non_english
,6384838.0,non_english
,6384932.0,non_english
,6384993.0,non_english
,6385586.0,non_english
,6385645.0,non_english
,6386108.0,non_english
,6386133.0,non_english
,6386292.0,non_english
,6386868.0,non_english
,6387749.0,non_english
,6388774.0,non_english
,6388998.0,non_english
,6389193.0,non_english
,6389429.0,non_english
,6389476.0,non_english
,6389792.0,non_english
,6389866.0,non_english
,6390006.0,non_english
,6390861.0,non_english
,6391428.0,non_english
,6391882.0,non_english
,6391884.0,non_english
,6392490.0,non_english
,6393140.0,non_english
,6393625.0,non_english
,6393735.0,non_english
,6394011.0,non_english
,6394120.0,non_english
,6394156.0,non_english
,6394208.0,non_english
,6394430.0,non_english
,6394670.0,non_english
,6395115.0,non_english
,6395216.0,non_english
,6395454.0,non_english
,6395542.0,non_english
,6395545.0,non_english
,6395700.0,non_english
,6395701.0,non_english
,6395728.0,non_english
,6396153.0,non_english
,6396191.0,non_english
,6396219.0,non_english
,6396546.0,non_english
,6397065.0,non_english
,6397078.0,non_english
,6397473.0,non_english
,6397926.0,non_english
,6398093.0,non_english
,6398151.0,non_english
,6398659.0,non_english
,6398964.0,non_english
,6399030.0,non_english
,6399031.0,non_english
,6399070.0,non_english
,6399398.0,non_english
,6399601.0,non_english
,6399612.0,non_english
,6399618.0,non_english
,6399895.0,non_english
,6399897.0,non_english
,6400165.0,non_english
,6400663.0,non_english
,6401027.0,non_english
,6401511.0,non_english
,6402264.0,non_english
,6403118.0,non_english
,6403270.0,non_english
,6404762.0,non_english
,6405286.0,non_english
,6405303.0,non_english
,6405462.0,non_english
,6405551.0,non_english
,6405648.0,non_english
,6405699.0,non_english
,6405804.0,non_english
,6408228.0,non_english
,6408421.0,non_english
,6409334.0,non_english
,6409345.0,non_english
,6409460.0,non_english
,6409589.0,non_english
,6410341.0,non_english
,6410611.0,non_english
,6411357.0,non_english
,6411508.0,non_english
,6411591.0,non_english
,6411635.0,non_english
,6411717.0,non_english
,6412362.0,non_english
,6412370.0,non_english
,6412473.0,non_english
,6412654.0,non_english
,6413002.0,non_english
,6413031.0,non_english
,6413325.0,non_english
,6413327.0,non_english
,6413358.0,non_english
,6413551.0,non_english
,6413576.0,non_english
,6413835.0,non_english
,6413872.0,non_english
,6413950.0,non_english
,6414243.0,non_english
,6414980.0,non_english
,6416046.0,non_english
,6416066.0,non_english
,6416137.0,non_english
,6416240.0,non_english
,6416341.0,non_english
,6416607.0,non_english
,6416636.0,non_english
,6416864.0,non_english
,6417366.0,non_english
,6417463.0,non_english
,6417763.0,non_english
,6418119.0,non_english
,6418202.0,non_english
,6418283.0,non_english
,6418455.0,non_english
,6418643.0,non_english
,6418904.0,non_english
,6419033.0,non_english
,6420471.0,non_english
,6420476.0,non_english
,6420946.0,non_english
,6421630.0,non_english
,6422001.0,non_english
,6422106.0,non_english
,6422237.0,non_english
,6422463.0,non_english
,6422572.0,non_english
,6422635.0,non_english
,6422840.0,non_english
,6422849.0,non_english
,6423938.0,non_english
,6425112.0,non_english
,6425139.0,non_english
,6425229.0,non_english
,6426456.0,non_english
,6426696.0,non_english
,6427221.0,non_english
,6428106.0,non_english
,6428379.0,non_english
,6428587.0,non_english
,6428613.0,non_english
,6428722.0,non_english
,6428723.0,non_english
,6429017.0,non_english
,6429633.0,non_english
,6429909.0,non_english
,6430041.0,non_english
,6430413.0,non_english
,6431369.0,non_english
,6431458.0,non_english
,6431596.0,non_english
,6431920.0,non_english
,6432133.0,non_english
,6432386.0,non_english
,6432672.0,non_english
,6432823.0,non_english
,6432986.0,non_english
,6433133.0,non_english
,6433141.0,non_english
,6433244.0,non_english
,6433386.0,non_english
,6433600.0,non_english
,6433715.0,non_english
,6433744.0,non_english
,6433793.0,non_english
,6434815.0,non_english
,6434823.0,non_english
,6434908.0,non_english
,6435306.0,non_english
,6435316.0,non_english
,6436106.0,non_english
,6436490.0,non_english
,6437045.0,non_english
,6438096.0,non_english
,6438365.0,non_english
,6438508.0,non_english
,6438519.0,non_english
,6438546.0,non_english
,6440324.0,non_english
,6440455.0,non_english
,6441210.0,non_english
,6441783.0,non_english
,6441981.0,non_english
,6441986.0,non_english
,6442118.0,non_english
,6442269.0,non_english
,6442849.0,non_english
,6443183.0,non_english
,6443781.0,non_english
,6443898.0,non_english
,6444066.0,non_english
,6444753.0,non_english
,6444766.0,non_english
,6444830.0,non_english
,6444855.0,non_english
,6444858.0,non_english
,6444863.0,non_english
,6444888.0,non_english
,6444898.0,non_english
,6445664.0,non_english
,6446045.0,non_english
,6446668.0,non_english
,6446694.0,non_english
,6447669.0,non_english
,6447724.0,non_english
,6447811.0,non_english
,6447877.0,non_english
,6447927.0,non_english
,6448023.0,non_english
,6448365.0,non_english
,6448471.0,non_english
,6448609.0,non_english
,6449166.0,non_english
,6449610.0,non_english
,6449946.0,non_english
,6451196.0,non_english
,6451326.0,non_english
,6451328.0,non_english
,6451399.0,non_english
,6451541.0,non_english
,6451626.0,non_english
,6451639.0,non_english
,6451640.0,non_english
,6451985.0,non_english
,6452182.0,non_english
,6453067.0,non_english
,6453342.0,non_english
,6453374.0,non_english
,6453399.0,non_english
,6453768.0,non_english
,6453848.0,non_english
,6454232.0,non_english
,6454262.0,non_english
,6454647.0,non_english
,6454666.0,non_english
,6455230.0,non_english
,6455493.0,non_english
,6455682.0,non_english
,6455818.0,non_english
,6455842.0,non_english
,6456040.0,non_english
,6456115.0,non_english
,6456437.0,non_english
,6456600.0,non_english
,6456643.0,non_english
,6456703.0,non_english
,6456706.0,non_english
,6456810.0,non_english
,6456845.0,non_english
,6457310.0,non_english
,6457589.0,non_english
,6457634.0,non_english
,6457812.0,non_english
,6458059.0,non_english
,6458716.0,non_english
,6459385.0,non_english
,6459510.0,non_english
,6459924.0,non_english
,6460524.0,non_english
,6460737.0,non_english
,6461131.0,non_english
,6461242.0,non_english
,6461671.0,non_english
,6461910.0,non_english
,6462324.0,non_english
,6462532.0,non_english
,6462638.0,non_english
,6462724.0,non_english
,6462785.0,non_english
,6463088.0,non_english
,6463365.0,non_english
,6463578.0,non_english
,6463673.0,non_english
,6464418.0,non_english
,6464672.0,non_english
,6465512.0,non_english
,6465655.0,non_english
,6465863.0,non_english
,6465948.0,non_english
,6466403.0,non_english
,6466475.0,non_english
,6466857.0,non_english
,6467844.0,non_english
,6467998.0,non_english
,6468172.0,non_english
,6468323.0,non_english
,6468745.0,non_english
,6468747.0,non_english
,6468822.0,non_english
,6468971.0,non_english
,6469144.0,non_english
,6469145.0,non_english
,6469155.0,non_english
,6469183.0,non_english
,6469210.0,non_english
,6469281.0,non_english
,6469415.0,non_english
,6469416.0,non_english
,6469501.0,non_english
,6469504.0,non_english
,6469614.0,non_english
,6469616.0,non_english
,6470099.0,non_english
,6470136.0,non_english
,6470638.0,non_english
,6470642.0,non_english
,6471066.0,non_english
,6471127.0,non_english
,6472503.0,non_english
,6472565.0,non_english
,6472948.0,non_english
,6472997.0,non_english
,6473023.0,non_english
,6473798.0,non_english
,6473804.0,non_english
,6474022.0,non_english
,6474336.0,non_english
,6474912.0,non_english
,6475051.0,non_english
,6475134.0,non_english
,6475209.0,non_english
,6475462.0,non_english
,6475863.0,non_english
,6476189.0,non_english
,6476733.0,non_english
,6476765.0,non_english
,6476800.0,non_english
,6477149.0,non_english
,6477206.0,non_english
,6477208.0,non_english
,6477745.0,non_english
,6477867.0,non_english
,6478529.0,non_english
,6478672.0,non_english
,6478887.0,non_english
,6478924.0,non_english
,6479224.0,non_english
,6479413.0,non_english
,6479592.0,non_english
,6479887.0,non_english
,6479895.0,non_english
,6479983.0,non_english
,6480588.0,non_english
,6481627.0,non_english
,6481825.0,non_english
,6482087.0,non_english
,6482393.0,non_english
,6482432.0,non_english
,6482512.0,non_english
,6482547.0,non_english
,6482625.0,non_english
,6482738.0,non_english
,6482765.0,non_english
,6482983.0,non_english
,6483820.0,non_english
,6483897.0,non_english
,6483959.0,non_english
,6484230.0,non_english
,6484354.0,non_english
,6484540.0,non_english
,6485112.0,non_english
,6485316.0,non_english
,6485657.0,non_english
,6486823.0,non_english
,6487022.0,non_english
,6487289.0,non_english
,6487630.0,non_english
,6487782.0,non_english
,6487837.0,non_english
,6488091.0,non_english
,6488140.0,non_english
,6488593.0,non_english
,6488649.0,non_english
,6488670.0,non_english
,6488724.0,non_english
,6488826.0,non_english
,6489220.0,non_english
,6489270.0,non_english
,6489465.0,non_english
,6489772.0,non_english
,6489828.0,non_english
,6490435.0,non_english
,6491088.0,non_english
,6491168.0,non_english
,6491195.0,non_english
,6491255.0,non_english
,6491308.0,non_english
,6491580.0,non_english
,6491778.0,non_english
,6492001.0,non_english
,6492007.0,non_english
,6492116.0,non_english
,6492282.0,non_english
,6492375.0,non_english
,6492811.0,non_english
,6493127.0,non_english
,6493133.0,non_english
,6493407.0,non_english
,6493416.0,non_english
,6493853.0,non_english
,6494333.0,non_english
,6495031.0,non_english
,6495088.0,non_english
,6495192.0,non_english
,6495209.0,non_english
,6495810.0,non_english
,6496245.0,non_english
,6497571.0,non_english
,6497813.0,non_english
,6498267.0,non_english
,6498467.0,non_english
,6498625.0,non_english
,6499089.0,non_english
,6499320.0,non_english
,6500494.0,non_english
,6500700.0,non_english
,6501317.0,non_english
,6501378.0,non_english
,6501422.0,non_english
,6501449.0,non_english
,6501673.0,non_english
,6501885.0,non_english
,6502079.0,non_english
,6502163.0,non_english
,6502169.0,non_english
,6502670.0,non_english
,6502872.0,non_english
,6502917.0,non_english
,6502954.0,non_english
,6503045.0,non_english
,6503214.0,non_english
,6503318.0,non_english
,6503398.0,non_english
,6504235.0,non_english
,6504364.0,non_english
,6504824.0,non_english
,6505090.0,non_english
,6506664.0,non_english
,6506667.0,non_english
,6506675.0,non_english
,6506839.0,non_english
,6506846.0,non_english
,6506939.0,non_english
,6506942.0,non_english
,6507205.0,non_english
,6507283.0,non_english
,6507589.0,non_english
,6507998.0,non_english
,6508045.0,non_english
,6508066.0,non_english
,6508223.0,non_english
,6508450.0,non_english
,6508583.0,non_english
,6509023.0,non_english
,6509198.0,non_english
,6509390.0,non_english
,6509619.0,non_english
,6510311.0,non_english
,6510550.0,non_english
,6510580.0,non_english
,6510748.0,non_english
,6510847.0,non_english
,6511125.0,non_english
,6511262.0,non_english
,6511375.0,non_english
,6511451.0,non_english
,6511835.0,non_english
,6512175.0,non_english
,6512311.0,non_english
,6512314.0,non_english
,6512318.0,non_english
,6512376.0,non_english
,6512712.0,non_english
,6512846.0,non_english
,6512940.0,non_english
,6512962.0,non_english
,6513174.0,non_english
,6514354.0,non_english
,6514723.0,non_english
,6514893.0,non_english
,6515492.0,non_english
,6515507.0,non_english
,6515606.0,non_english
,6515744.0,non_english
,6515782.0,non_english
,6516668.0,non_english
,6517728.0,non_english
,6517731.0,non_english
,6519552.0,non_english
,6519565.0,non_english
,6519687.0,non_english
,6520744.0,non_english
,6520747.0,non_english
,6521317.0,non_english
,6521538.0,non_english
,6521968.0,non_english
,6521986.0,non_english
,6522559.0,non_english
,6522594.0,non_english
,6522817.0,non_english
,6523167.0,non_english
,6523461.0,non_english
,6523784.0,non_english
,6524354.0,non_english
,6524478.0,non_english
,6524758.0,non_english
,6524832.0,non_english
,6525128.0,non_english
,6525196.0,non_english
,6525931.0,non_english
,6525987.0,non_english
,6526067.0,non_english
,6526378.0,non_english
,6527274.0,non_english
,6527586.0,non_english
,6527941.0,non_english
,6528414.0,non_english
,6528422.0,non_english
,6528545.0,non_english
,6528760.0,non_english
,6528856.0,non_english
,6529488.0,non_english
,6529624.0,non_english
,6529652.0,non_english
,6530052.0,non_english
,6530133.0,non_english
,6530706.0,non_english
,6530945.0,non_english
,6531481.0,non_english
,6532613.0,non_english
,6533413.0,non_english
,6534105.0,non_english
,6534152.0,non_english
,6534265.0,non_english
,6534656.0,non_english
,6535308.0,non_english
,6535448.0,non_english
,6535454.0,non_english
,6535534.0,non_english
,6535540.0,non_english
,6535818.0,non_english
,6535886.0,non_english
,6536350.0,non_english
,6536520.0,non_english
,6537091.0,non_english
,6537473.0,non_english
,6537566.0,non_english
,6537742.0,non_english
,6537860.0,non_english
,6537871.0,non_english
,6538143.0,non_english
,6538460.0,non_english
,6538659.0,non_english
,6539049.0,non_english
,6539330.0,non_english
,6539727.0,non_english
,6539814.0,non_english
,6539903.0,non_english
,6539923.0,non_english
,6540214.0,non_english
,6540256.0,non_english
,6540377.0,non_english
,6540421.0,non_english
,6540494.0,non_english
,6540555.0,non_english
,6540557.0,non_english
,6541062.0,non_english
,6541144.0,non_english
,6541866.0,non_english
,6542057.0,non_english
,6542066.0,non_english
,6542355.0,non_english
,6542437.0,non_english
,6542470.0,non_english
,6542586.0,non_english
,6542611.0,non_english
,6542669.0,non_english
,6542925.0,non_english
,6543148.0,non_english
,6543199.0,non_english
,6543687.0,non_english
,6543874.0,non_english
,6543993.0,non_english
,6544124.0,non_english
,6544212.0,non_english
,6545116.0,non_english
,6545220.0,non_english
,6545939.0,non_english
,6545966.0,non_english
,6546077.0,non_english
,6546490.0,non_english
,6547319.0,non_english
,6547362.0,non_english
,6547800.0,non_english
,6547900.0,non_english
,6547953.0,non_english
,6548064.0,non_english
,6548281.0,non_english
,6548324.0,non_english
,6548485.0,non_english
,6548724.0,non_english
,6548924.0,non_english
,6549073.0,non_english
,6549909.0,non_english
,6550288.0,non_english
,6550291.0,non_english
,6550546.0,non_english
,6550646.0,non_english
,6551141.0,non_english
,6551194.0,non_english
,6551492.0,non_english
,6552204.0,non_english
,6552361.0,non_english
,6552506.0,non_english
,6552928.0,non_english
,6553247.0,non_english
,6553584.0,non_english
,6553620.0,non_english
,6553689.0,non_english
,6553699.0,non_english
,6553864.0,non_english
,6554066.0,non_english
,6554707.0,non_english
,6554857.0,non_english
,6554863.0,non_english
,6555115.0,non_english
,6555474.0,non_english
,6555775.0,non_english
,6555851.0,non_english
,6556220.0,non_english
,6556467.0,non_english
,6556779.0,non_english
,6556840.0,non_english
,6556957.0,non_english
,6556989.0,non_english
,6557104.0,non_english
,6557417.0,non_english
,6557581.0,non_english
,6558046.0,non_english
,6558070.0,non_english
,6558158.0,non_english
,6558471.0,non_english
,6558510.0,non_english
,6558650.0,non_english
,6558716.0,non_english
,6559068.0,non_english
,6559112.0,non_english
,6559182.0,non_english
,6559199.0,non_english
,6559328.0,non_english
,6559584.0,non_english
,6560566.0,non_english
,6560629.0,non_english
,6560754.0,non_english
,6560844.0,non_english
,6560846.0,non_english
,6561029.0,non_english
,6561069.0,non_english
,6561126.0,non_english
,6561160.0,non_english
,6561577.0,non_english
,6561716.0,non_english
,6562025.0,non_english
,6562106.0,non_english
,6562108.0,non_english
,6563261.0,non_english
,6563374.0,non_english
,6563443.0,non_english
,6563519.0,non_english
,6563581.0,non_english
,6563855.0,non_english
,6564067.0,non_english
,6564882.0,non_english
,6564905.0,non_english
,6565089.0,non_english
,6565209.0,non_english
,6565226.0,non_english
,6565227.0,non_english
,6565248.0,non_english
,6565394.0,non_english
,6565564.0,non_english
,6565577.0,non_english
,6565820.0,non_english
,6566674.0,non_english
,6566727.0,non_english
,6566925.0,non_english
,6567285.0,non_english
,6567289.0,non_english
,6567458.0,non_english
,6567473.0,non_english
,6568474.0,non_english
,6568625.0,non_english
,6568798.0,non_english
,6569036.0,non_english
,6569144.0,non_english
,6569249.0,non_english
,6569264.0,non_english
,6569741.0,non_english
,6569886.0,non_english
,6570532.0,non_english
,6570835.0,non_english
,6570915.0,non_english
,6570925.0,non_english
,6571012.0,non_english
,6571063.0,non_english
,6571157.0,non_english
,6571840.0,non_english
,6572235.0,non_english
,6572265.0,non_english
,6572332.0,non_english
,6572946.0,non_english
,6572983.0,non_english
,6573027.0,non_english
,6573245.0,non_english
,6573401.0,non_english
,6573718.0,non_english
,6573750.0,non_english
,6574319.0,non_english
,6574909.0,non_english
,6575104.0,non_english
,6575213.0,non_english
,6575494.0,non_english
,6575621.0,non_english
,6577215.0,non_english
,6577342.0,non_english
,6577554.0,non_english
,6577972.0,non_english
,6578567.0,non_english
,6578784.0,non_english
,6578977.0,non_english
,6578984.0,non_english
,6579406.0,non_english
,6579496.0,non_english
,6579578.0,non_english
,6579601.0,non_english
,6580091.0,non_english
,6580168.0,non_english
,6580411.0,non_english
,6581129.0,non_english
,6581277.0,non_english
,6581483.0,non_english
,6581814.0,non_english
,6581823.0,non_english
,6582042.0,non_english
,6582703.0,non_english
,6583074.0,non_english
,6583080.0,non_english
,6583104.0,non_english
,6583288.0,non_english
,6583341.0,non_english
,6583435.0,non_english
,6583462.0,non_english
,6583594.0,non_english
,6583695.0,non_english
,6584346.0,non_english
,6585128.0,non_english
,6585252.0,non_english
,6585650.0,non_english
,6585807.0,non_english
,6585889.0,non_english
,6585956.0,non_english
,6586037.0,non_english
,6586138.0,non_english
,6586292.0,non_english
,6586464.0,non_english
,6586520.0,non_english
,6587546.0,non_english
,6587612.0,non_english
,6588635.0,non_english
,6588783.0,non_english
,6588996.0,non_english
,6589221.0,non_english
,6589465.0,non_english
,6589528.0,non_english
,6589627.0,non_english
,6590197.0,non_english
,6590447.0,non_english
,6591160.0,non_english
,6591237.0,non_english
,6591553.0,non_english
,6591849.0,non_english
,6592014.0,non_english
,6592221.0,non_english
,6592334.0,non_english
,6592343.0,non_english
,6592515.0,non_english
,6592745.0,non_english
,6593246.0,non_english
,6593521.0,non_english
,6593625.0,non_english
,6593764.0,non_english
,6593801.0,non_english
,6593916.0,non_english
,6594231.0,non_english
,6594293.0,non_english
,6594328.0,non_english
,6594475.0,non_english
,6594503.0,non_english
,6594584.0,non_english
,6594622.0,non_english
,6594921.0,non_english
,6595043.0,non_english
,6595179.0,non_english
,6595188.0,non_english
,6595238.0,non_english
,6595275.0,non_english
,6595449.0,non_english
,6595849.0,non_english
,6595917.0,non_english
,6596058.0,non_english
,6596377.0,non_english
,6596723.0,non_english
,6596732.0,non_english
,6597071.0,non_english
,6597457.0,non_english
,6597606.0,non_english
,6597971.0,non_english
,6598313.0,non_english
,6598918.0,non_english
,6599599.0,non_english
,6599709.0,non_english
,6600070.0,non_english
,6600281.0,non_english
,6600855.0,non_english
,6601542.0,non_english
,6601645.0,non_english
,6602083.0,non_english
,6602603.0,non_english
,6602797.0,non_english
,6602940.0,non_english
,6603049.0,non_english
,6603723.0,non_english
,6603821.0,non_english
,6603863.0,non_english
,6603884.0,non_english
,6604229.0,non_english
,6604462.0,non_english
,6605092.0,non_english
,6605365.0,non_english
,6606297.0,non_english
,6607176.0,non_english
,6607227.0,non_english
,6607786.0,non_english
,6608389.0,non_english
,6608509.0,non_english
,6608976.0,non_english
,6609506.0,non_english
,6609852.0,non_english
,6610415.0,non_english
,6610636.0,non_english
,6610664.0,non_english
,6610746.0,non_english
,6611027.0,non_english
,6611048.0,non_english
,6611675.0,non_english
,6612237.0,non_english
,6612389.0,non_english
,6612604.0,non_english
,6613894.0,non_english
,6614045.0,non_english
,6614069.0,non_english
,6614603.0,non_english
,6614649.0,non_english
,6614719.0,non_english
,6614734.0,non_english
,6614761.0,non_english
,6615157.0,non_english
,6615254.0,non_english
,6615279.0,non_english
,6615472.0,non_english
,6615561.0,non_english
,6615563.0,non_english
,6616347.0,non_english
,6616840.0,non_english
,6617221.0,non_english
,6617434.0,non_english
,6618136.0,non_english
,6618842.0,non_english
,6618902.0,non_english
,6619367.0,non_english
,6619433.0,non_english
,6620814.0,non_english
,6620941.0,non_english
,6620990.0,non_english
,6621036.0,non_english
,6621060.0,non_english
,6621314.0,non_english
,6621516.0,non_english
,6621868.0,non_english
,6622521.0,non_english
,6622559.0,non_english
,6622677.0,non_english
,6623326.0,non_english
,6623386.0,non_english
,6623440.0,non_english
,6623455.0,non_english
,6623712.0,non_english
,6624288.0,non_english
,6624292.0,non_english
,6624327.0,non_english
,6624352.0,non_english
,6624996.0,non_english
,6625015.0,non_english
,6625616.0,non_english
,6625908.0,non_english
,6625979.0,non_english
,6626382.0,non_english
,6626571.0,non_english
,6626706.0,non_english
,6626987.0,non_english
,6627008.0,non_english
,6627017.0,non_english
,6627198.0,non_english
,6627242.0,non_english
,6627281.0,non_english
,6627303.0,non_english
,6627686.0,non_english
,6627714.0,non_english
,6627736.0,non_english
,6627890.0,non_english
,6627894.0,non_english
,6628192.0,non_english
,6628216.0,non_english
,6628254.0,non_english
,6628638.0,non_english
,6628837.0,non_english
,6628901.0,non_english
,6629408.0,non_english
,6629619.0,non_english
,6630045.0,non_english
,6630090.0,non_english
,6630706.0,non_english
,6632183.0,non_english
,6632192.0,non_english
,6632233.0,non_english
,6632251.0,non_english
,6632971.0,non_english
,6632981.0,non_english
,6633090.0,non_english
,6633346.0,non_english
,6633388.0,non_english
,6634262.0,non_english
,6634834.0,non_english
,6635148.0,non_english
,6635188.0,non_english
,6635191.0,non_english
,6635362.0,non_english
,6635527.0,non_english
,6635963.0,non_english
,6636637.0,non_english
,6638518.0,non_english
,6639005.0,non_english
,6640067.0,non_english
,6640256.0,non_english
,6640450.0,non_english
,6640949.0,non_english
,6641037.0,non_english
,6641342.0,non_english
,6643827.0,non_english
,6644226.0,non_english
,6644406.0,non_english
,6644707.0,non_english
,6644919.0,non_english
,6645212.0,non_english
,6646503.0,non_english
,6647121.0,non_english
,6647751.0,non_english
,6648070.0,non_english
,6648204.0,non_english
,6648238.0,non_english
,6648311.0,non_english
,6649392.0,non_english
,6649707.0,non_english
,6649934.0,non_english
,6649969.0,non_english
,6649985.0,non_english
,6650386.0,non_english
,6650472.0,non_english
,6651159.0,non_english
,6651520.0,non_english
,6651886.0,non_english
,6652867.0,non_english
,6653080.0,non_english
,6653098.0,non_english
,6653627.0,non_english
,6653740.0,non_english
,6653751.0,non_english
,6653810.0,non_english
,6653994.0,non_english
,6654029.0,non_english
,6654827.0,non_english
,6654906.0,non_english
,6654972.0,non_english
,6655333.0,non_english
,6655861.0,non_english
,6656108.0,non_english
,6656562.0,non_english
,6657203.0,non_english
,6657513.0,non_english
,6657583.0,non_english
,6657854.0,non_english
,6658236.0,non_english
,6658415.0,non_english
,6658895.0,non_english
,6659019.0,non_english
,6659439.0,non_english
,6659990.0,non_english
,6660114.0,non_english
,6660259.0,non_english
,6660290.0,non_english
,6660305.0,non_english
,6660561.0,non_english
,6660594.0,non_english
,6660888.0,non_english
,6661047.0,non_english
,6661267.0,non_english
,6661446.0,non_english
,6662269.0,non_english
,6662768.0,non_english
,6662872.0,non_english
,6663109.0,non_english
,6663831.0,non_english
,6663975.0,non_english
,6664736.0,non_english
,6664975.0,non_english
,6665048.0,non_english
,6665386.0,non_english
,6665839.0,non_english
,6666562.0,non_english
,6666781.0,non_english
,6667069.0,non_english
,6667269.0,non_english
,6667314.0,non_english
,6667321.0,non_english
,6667566.0,non_english
,6667704.0,non_english
,6667779.0,non_english
,6668121.0,non_english
,6668492.0,non_english
,6668629.0,non_english
,6668706.0,non_english
,6668774.0,non_english
,6668825.0,non_english
,6669067.0,non_english
,6669114.0,non_english
,6669787.0,non_english
,6669838.0,non_english
,6670046.0,non_english
,6670154.0,non_english
,6670609.0,non_english
,6670750.0,non_english
,6671255.0,non_english
,6671421.0,non_english
,6671584.0,non_english
,6672070.0,non_english
,6672176.0,non_english
,6672246.0,non_english
,6672910.0,non_english
,6673072.0,non_english
,6673176.0,non_english
,6673502.0,non_english
,6674124.0,non_english
,6674165.0,non_english
,6674372.0,non_english
,6675194.0,non_english
,6676204.0,non_english
,6676539.0,non_english
,6676647.0,non_english
,6677136.0,non_english
,6677799.0,non_english
,6678591.0,non_english
,6678670.0,non_english
,6678826.0,non_english
,6679551.0,non_english
,6679622.0,non_english
,6679983.0,non_english
,6680142.0,non_english
,6681061.0,non_english
,6681129.0,non_english
,6681157.0,non_english
,6681274.0,non_english
,6681394.0,non_english
,6681445.0,non_english
,6681529.0,non_english
,6681596.0,non_english
,6681782.0,non_english
,6683207.0,non_english
,6683416.0,non_english
,6683812.0,non_english
,6683817.0,non_english
,6685055.0,non_english
,6685739.0,non_english
,6685901.0,non_english
,6686127.0,non_english
,6686131.0,non_english
,6686212.0,non_english
,6686492.0,non_english
,6686642.0,non_english
,6687156.0,non_english
,6687616.0,non_english
,6687796.0,non_english
,6688015.0,non_english
,6688058.0,non_english
,6688136.0,non_english
,6689080.0,non_english
,6689258.0,non_english
,6689612.0,non_english
,6689741.0,non_english
,6690201.0,non_english
,6690496.0,non_english
,6690507.0,non_english
,6690767.0,non_english
,6690989.0,non_english
,6691514.0,non_english
,6691831.0,non_english
,6692155.0,non_english
,6692618.0,non_english
,6692724.0,non_english
,6692794.0,non_english
,6692852.0,non_english
,6692877.0,non_english
,6693009.0,non_english
,6694322.0,non_english
,6694420.0,non_english
,6694443.0,non_english
,6694468.0,non_english
,6694904.0,non_english
,6695317.0,non_english
,6695414.0,non_english
,6695465.0,non_english
,6696111.0,non_english
,6696145.0,non_english
,6696688.0,non_english
,6696864.0,non_english
,6696962.0,non_english
,6697002.0,non_english
,6697065.0,non_english
,6697133.0,non_english
,6697297.0,non_english
,6697671.0,non_english
,6698047.0,non_english
,6698342.0,non_english
,6698610.0,non_english
,6698808.0,non_english
,6699017.0,non_english
,6699018.0,non_english
,6699106.0,non_english
,6699697.0,non_english
,6700954.0,non_english
,6701133.0,non_english
,6701276.0,non_english
,6701380.0,non_english
,6701949.0,non_english
,6701956.0,non_english
,6702216.0,non_english
,6702279.0,non_english
,6702488.0,non_english
,6702905.0,non_english
,6703091.0,non_english
,6703098.0,non_english
,6703202.0,non_english
,6703408.0,non_english
,6703660.0,non_english
,6704373.0,non_english
,6704600.0,non_english
,6704929.0,non_english
,6705210.0,non_english
,6705372.0,non_english
,6705848.0,non_english
,6706070.0,non_english
,6706234.0,non_english
,6706940.0,non_english
,6707133.0,non_english
,6707279.0,non_english
,6707741.0,non_english
,6708278.0,non_english
,6708740.0,non_english
,6709787.0,non_english
,6710187.0,non_english
,6710209.0,non_english
,6710673.0,non_english
,6710753.0,non_english
,6711677.0,non_english
,6711685.0,non_english
,6711768.0,non_english
,6711796.0,non_english
,6711992.0,non_english
,6712040.0,non_english
,6712289.0,non_english
,6712310.0,non_english
,6712853.0,non_english
,6713298.0,non_english
,6713382.0,non_english
,6713531.0,non_english
,6713536.0,non_english
,6714070.0,non_english
,6714237.0,non_english
,6714353.0,non_english
,6714364.0,non_english
,6714879.0,non_english
,6715806.0,non_english
,6716134.0,non_english
,6716155.0,non_english
,6716332.0,non_english
,6716400.0,non_english
,6716494.0,non_english
,6716563.0,non_english
,6716827.0,non_english
,6717009.0,non_english
,6717201.0,non_english
,6717881.0,non_english
,6717890.0,non_english
,6718123.0,non_english
,6718179.0,non_english
,6718200.0,non_english
,6718245.0,non_english
,6719068.0,non_english
,6719082.0,non_english
,6719808.0,non_english
,6721226.0,non_english
,6721230.0,non_english
,6721232.0,non_english
,6721270.0,non_english
,6721299.0,non_english
,6721417.0,non_english
,6721444.0,non_english
,6721556.0,non_english
,6721566.0,non_english
,6721601.0,non_english
,6721632.0,non_english
,6721649.0,non_english
,6721659.0,non_english
,6721710.0,non_english
,6721796.0,non_english
,6721938.0,non_english
,6722042.0,non_english
,6722266.0,non_english
,6722714.0,non_english
,6722906.0,non_english
,6722907.0,non_english
,6723057.0,non_english
,6723373.0,non_english
,6723499.0,non_english
,6723720.0,non_english
,6723740.0,non_english
,6725086.0,non_english
,6725693.0,non_english
,6725968.0,non_english
,6726758.0,non_english
,6727000.0,non_english
,6727474.0,non_english
,6727686.0,non_english
,6727702.0,non_english
,6727785.0,non_english
,6727893.0,non_english
,6727925.0,non_english
,6728405.0,non_english
,6729734.0,non_english
,6730618.0,non_english
,6730952.0,non_english
,6731635.0,non_english
,6731719.0,non_english
,6732077.0,non_english
,6732161.0,non_english
,6732914.0,non_english
,6732930.0,non_english
,6733221.0,non_english
,6733287.0,non_english
,6733509.0,non_english
,6733925.0,non_english
,6734121.0,non_english
,6734135.0,non_english
,6734768.0,non_english
,6735267.0,non_english
,6735268.0,non_english
,6735603.0,non_english
,6735852.0,non_english
,6736087.0,non_english
,6736126.0,non_english
,6736160.0,non_english
,6736345.0,non_english
,6736585.0,non_english
,6736735.0,non_english
,6737223.0,non_english
,6737316.0,non_english
,6737615.0,non_english
,6737765.0,non_english
,6738157.0,non_english
,6738804.0,non_english
,6739150.0,non_english
,6739798.0,non_english
,6739875.0,non_english
,6739971.0,non_english
,6740180.0,non_english
,6740719.0,non_english
,6740774.0,non_english
,6740778.0,non_english
,6740820.0,non_english
,6740955.0,non_english
,6741141.0,non_english
,6741413.0,non_english
,6742256.0,non_english
,6742677.0,non_english
,6742947.0,non_english
,6743415.0,non_english
,6743442.0,non_english
,6743606.0,non_english
,6744105.0,non_english
,6744520.0,non_english
,6744682.0,non_english
,6745238.0,non_english
,6745585.0,non_english
,6745829.0,non_english
,6746053.0,non_english
,6746906.0,non_english
,6748900.0,non_english
,6748905.0,non_english
,6748968.0,non_english
,6749146.0,non_english
,6749461.0,non_english
,6749530.0,non_english
,6749796.0,non_english
,6750002.0,non_english
,6750069.0,non_english
,6750095.0,non_english
,6750101.0,non_english
,6750187.0,non_english
,6750213.0,non_english
,6750244.0,non_english
,6750497.0,non_english
,6750510.0,non_english
,6750890.0,non_english
,6750891.0,non_english
,6750980.0,non_english
,6751412.0,non_english
,6752370.0,non_english
,6752421.0,non_english
,6752478.0,non_english
,6752569.0,non_english
,6752627.0,non_english
,6753058.0,non_english
,6753212.0,non_english
,6753386.0,non_english
,6753678.0,non_english
,6753939.0,non_english
,6754025.0,non_english
,6754216.0,non_english
,6754232.0,non_english
,6754354.0,non_english
,6754865.0,non_english
,6755944.0,non_english
,6756537.0,non_english
,6756894.0,non_english
,6756947.0,non_english
,6756969.0,non_english
,6757231.0,non_english
,6757826.0,non_english
,6758039.0,non_english
,6758151.0,non_english
,6758375.0,non_english
,6758740.0,non_english
,6758789.0,non_english
,6759148.0,non_english
,6759587.0,non_english
,6759616.0,non_english
,6760513.0,non_english
,6761009.0,non_english
,6761401.0,non_english
,6761832.0,non_english
,6761848.0,non_english
,6761851.0,non_english
,6761852.0,non_english
,6761932.0,non_english
,6763214.0,non_english
,6763485.0,non_english
,6763637.0,non_english
,6763862.0,non_english
,6764391.0,non_english
,6764455.0,non_english
,6764655.0,non_english
,6764740.0,non_english
,6765002.0,non_english
,6765046.0,non_english
,6765052.0,non_english
,6766036.0,non_english
,6766139.0,non_english
,6766729.0,non_english
,6767178.0,non_english
,6767654.0,non_english
,6767837.0,non_english
,6768290.0,non_english
,6768392.0,non_english
,6768434.0,non_english
,6768595.0,non_english
,6768634.0,non_english
,6769139.0,non_english
,6769173.0,non_english
,6769333.0,non_english
,6769885.0,non_english
,6769994.0,non_english
,6771687.0,non_english
,6772137.0,non_english
,6772572.0,non_english
,6773337.0,non_english
,6773710.0,non_english
,6774323.0,non_english
,6774589.0,non_english
,6774849.0,non_english
,6775127.0,non_english
,6775174.0,non_english
,6775338.0,non_english
,6775473.0,non_english
,6775584.0,non_english
,6775771.0,non_english
,6776119.0,non_english
,6776230.0,non_english
,6776248.0,non_english
,6776436.0,non_english
,6776476.0,non_english
,6776520.0,non_english
,6776621.0,non_english
,6778572.0,non_english
,6778931.0,non_english
,6779102.0,non_english
,6779183.0,non_english
,6779773.0,non_english
,6779793.0,non_english
,6780577.0,non_english
,6780592.0,non_english
,6781259.0,non_english
,6781774.0,non_english
,6781895.0,non_english
,6782008.0,non_english
,6782041.0,non_english
,6782126.0,non_english
,6782195.0,non_english
,6782336.0,non_english
,6783006.0,non_english
,6784539.0,non_english
,6784573.0,non_english
,6784637.0,non_english
,6785102.0,non_english
,6785206.0,non_english
,6785259.0,non_english
,6785620.0,non_english
,6785741.0,non_english
,6785802.0,non_english
,6785838.0,non_english
,6785977.0,non_english
,6786023.0,non_english
,6786109.0,non_english
,6786140.0,non_english
,6786151.0,non_english
,6786152.0,non_english
,6786700.0,non_english
,6786838.0,non_english
,6787469.0,non_english
,6787685.0,non_english
,6787737.0,non_english
,6788425.0,non_english
,6788506.0,non_english
,6788511.0,non_english
,6788525.0,non_english
,6788781.0,non_english
,6788783.0,non_english
,6788937.0,non_english
,6789250.0,non_english
,6789356.0,non_english
,6789484.0,non_english
,6789726.0,non_english
,6789977.0,non_english
,6789996.0,non_english
,6790534.0,non_english
,6790951.0,non_english
,6791248.0,non_english
,6791278.0,non_english
,6791542.0,non_english
,6791555.0,non_english
,6792032.0,non_english
,6792433.0,non_english
,6792454.0,non_english
,6792619.0,non_english
,6793241.0,non_english
,6793480.0,non_english
,6793883.0,non_english
,6794252.0,non_english
,6794288.0,non_english
,6794301.0,non_english
,6794504.0,non_english
,6794563.0,non_english
,6794669.0,non_english
,6794790.0,non_english
,6795327.0,non_english
,6795783.0,non_english
,6795819.0,non_english
,6795935.0,non_english
,6795982.0,non_english
,6796014.0,non_english
,6796259.0,non_english
,6796276.0,non_english
,6796312.0,non_english
,6797364.0,non_english
,6797853.0,non_english
,6798484.0,non_english
,6798521.0,non_english
,6798563.0,non_english
,6798598.0,non_english
,6798613.0,non_english
,6798696.0,non_english
,6798712.0,non_english
,6799171.0,non_english
,6799494.0,non_english
,6799530.0,non_english
,6800255.0,non_english
,6800765.0,non_english
,6800826.0,non_english
,6801162.0,non_english
,6801269.0,non_english
,6801524.0,non_english
,6802133.0,non_english
,6802296.0,non_english
,6802648.0,non_english
,6803231.0,non_english
,6803804.0,non_english
,6804117.0,non_english
,6804143.0,non_english
,6804261.0,non_english
,6804995.0,non_english
,6805011.0,non_english
,6805289.0,non_english
,6805821.0,non_english
,6805980.0,non_english
,6806191.0,non_english
,6806282.0,non_english
,6806316.0,non_english
,6806602.0,non_english
,6806645.0,non_english
,6806910.0,non_english
,6807014.0,non_english
,6807028.0,non_english
,6807116.0,non_english
,6807195.0,non_english
,6807448.0,non_english
,6807619.0,non_english
,6807733.0,non_english
,6808160.0,non_english
,6808240.0,non_english
,6808956.0,non_english
,6808992.0,non_english
,6809149.0,non_english
,6809187.0,non_english
,6809386.0,non_english
,6810094.0,non_english
,6810253.0,non_english
,6810387.0,non_english
,6810956.0,non_english
,6811215.0,non_english
,6811577.0,non_english
,6811602.0,non_english
,6811732.0,non_english
,6811831.0,non_english
,6812157.0,non_english
,6812203.0,non_english
,6812666.0,non_english
,6813051.0,non_english
,6813141.0,non_english
,6814092.0,non_english
,6814189.0,non_english
,6814495.0,non_english
,6814797.0,non_english
,6814950.0,non_english
,6815545.0,non_english
,6815554.0,non_english
,6816292.0,non_english
,6816332.0,non_english
,6816722.0,non_english
,6817413.0,non_english
,6817419.0,non_english
,6817635.0,non_english
,6817673.0,non_english
,6817827.0,non_english
,6817836.0,non_english
,6817844.0,non_english
,6817962.0,non_english
,6819438.0,non_english
,6819491.0,non_english
,6819519.0,non_english
,6820051.0,non_english
,6820059.0,non_english
,6820675.0,non_english
,6820692.0,non_english
,6820811.0,non_english
,6821168.0,non_english
,6821744.0,non_english
,6821769.0,non_english
,6821851.0,non_english
,6822021.0,non_english
,6822089.0,non_english
,6822182.0,non_english
,6822261.0,non_english
,6822264.0,non_english
,6822961.0,non_english
,6823062.0,non_english
,6823322.0,non_english
,6823402.0,non_english
,6824496.0,non_english
,6824536.0,non_english
,6824902.0,non_english
,6825162.0,non_english
,6825365.0,non_english
,6825376.0,non_english
,6825394.0,non_english
,6825898.0,non_english
,6826164.0,non_english
,6826430.0,non_english
,6826955.0,non_english
,6827061.0,non_english
,6827407.0,non_english
,6828416.0,non_english
,6829585.0,non_english
,6829799.0,non_english
,6829926.0,non_english
,6829999.0,non_english
,6830021.0,non_english
,6830055.0,non_english
,6830201.0,non_english
,6831067.0,non_english
,6831517.0,non_english
,6831594.0,non_english
,6831721.0,non_english
,6833218.0,non_english
,6834323.0,non_english
,6834413.0,non_english
,6834779.0,non_english
,6834982.0,non_english
,6835312.0,non_english
,6835329.0,non_english
,6836293.0,non_english
,6836345.0,non_english
,6836640.0,non_english
,6836874.0,non_english
,6837119.0,non_english
,6837485.0,non_english
,6837631.0,non_english
,6837934.0,non_english
,6838009.0,non_english
,6838359.0,non_english
,6838378.0,non_english
,6838526.0,non_english
,6839013.0,non_english
,6839014.0,non_english
,6839024.0,non_english
,6839518.0,non_english
,6839527.0,non_english
,6839648.0,non_english
,6839866.0,non_english
,6840583.0,non_english
,6841015.0,non_english
,6841400.0,non_english
,6841529.0,non_english
,6841883.0,non_english
,6842158.0,non_english
,6842286.0,non_english
,6842417.0,non_english
,6842476.0,non_english
,6842677.0,non_english
,6842760.0,non_english
,6843216.0,non_english
,6843314.0,non_english
,6844423.0,non_english
,6844638.0,non_english
,6844690.0,non_english
,6845306.0,non_english
,6845735.0,non_english
,6846015.0,non_english
,6846260.0,non_english
,6846338.0,non_english
,6846851.0,non_english
,6847345.0,non_english
,6847692.0,non_english
,6847983.0,non_english
,6848161.0,non_english
,6848177.0,non_english
,6848181.0,non_english
,6848423.0,non_english
,6848948.0,non_english
,6849104.0,non_english
,6849848.0,non_english
,6850279.0,non_english
,6850372.0,non_english
,6850522.0,non_english
,6850682.0,non_english
,6850937.0,non_english
,6851149.0,non_english
,6851619.0,non_english
,6851723.0,non_english
,6851798.0,non_english
,6852521.0,non_english
,6852758.0,non_english
,6852804.0,non_english
,6852808.0,non_english
,6853001.0,non_english
,6853091.0,non_english
,6853259.0,non_english
,6853361.0,non_english
,6854138.0,non_english
,6854427.0,non_english
,6854780.0,non_english
,6854785.0,non_english
,6854804.0,non_english
,6855555.0,non_english
,6855735.0,non_english
,6855997.0,non_english
,6856057.0,non_english
,6856282.0,non_english
,6856606.0,non_english
,6856776.0,non_english
,6856883.0,non_english
,6857332.0,non_english
,6857716.0,non_english
,6857819.0,non_english
,6857871.0,non_english
,6858032.0,non_english
,6859153.0,non_english
,6859818.0,non_english
,6860177.0,non_english
,6860743.0,non_english
,6861288.0,non_english
,6861312.0,non_english
,6861358.0,non_english
,6862093.0,non_english
,6862449.0,non_english
,6862645.0,non_english
,6862680.0,non_english
,6862824.0,non_english
,6862898.0,non_english
,6863231.0,non_english
,6863879.0,non_english
,6864303.0,non_english
,6864465.0,non_english
,6864937.0,non_english
,6865199.0,non_english
,6865237.0,non_english
,6865788.0,non_english
,6866195.0,non_english
,6866438.0,non_english
,6866820.0,non_english
,6867664.0,non_english
,6867725.0,non_english
,6867794.0,non_english
,6868154.0,non_english
,6868171.0,non_english
,6868243.0,non_english
,6868400.0,non_english
,6868501.0,non_english
,6868705.0,non_english
,6869093.0,non_english
,6869325.0,non_english
,6869497.0,non_english
,6869817.0,non_english
,6870007.0,non_english
,6870107.0,non_english
,6871340.0,non_english
,6871560.0,non_english
,6871768.0,non_english
,6872217.0,non_english
,6872701.0,non_english
,6872996.0,non_english
,6873706.0,non_english
,6873917.0,non_english
,6874206.0,non_english
,6874472.0,non_english
,6874606.0,non_english
,6874732.0,non_english
,6874744.0,non_english
,6874833.0,non_english
,6874888.0,non_english
,6875159.0,non_english
,6875330.0,non_english
,6875434.0,non_english
,6875659.0,non_english
,6875878.0,non_english
,6876082.0,non_english
,6876871.0,non_english
,6877054.0,non_english
,6877627.0,non_english
,6877632.0,non_english
,6877950.0,non_english
,6878019.0,non_english
,6878103.0,non_english
,6878111.0,non_english
,6878141.0,non_english
,6878161.0,non_english
,6878198.0,non_english
,6878228.0,non_english
,6878460.0,non_english
,6878500.0,non_english
,6878535.0,non_english
,6878551.0,non_english
,6878576.0,non_english
,6878598.0,non_english
,6878690.0,non_english
,6878764.0,non_english
,6878770.0,non_english
,6878817.0,non_english
,6878832.0,non_english
,6878978.0,non_english
,6879019.0,non_english
,6879056.0,non_english
,6879061.0,non_english
,6879115.0,non_english
,6879250.0,non_english
,6879295.0,non_english
,6879306.0,non_english
,6879418.0,non_english
,6879427.0,non_english
,6879449.0,non_english
,6879500.0,non_english
,6879919.0,non_english
,6880092.0,non_english
,6881021.0,non_english
,6881592.0,non_english
,6881700.0,non_english
,6881869.0,non_english
,6882101.0,non_english
,6882792.0,non_english
,6882828.0,non_english
,6883258.0,non_english
,6883482.0,non_english
,6883513.0,non_english
,6883523.0,non_english
,6883537.0,non_english
,6883650.0,non_english
,6885861.0,non_english
,6886418.0,non_english
,6886769.0,non_english
,6886872.0,non_english
,6886908.0,non_english
,6887589.0,non_english
,6887879.0,non_english
,6887926.0,non_english
,6888028.0,non_english
,6888085.0,non_english
,6888578.0,non_english
,6888579.0,non_english
,6889396.0,non_english
,6889458.0,non_english
,6889940.0,non_english
,6890452.0,non_english
,6890637.0,non_english
,6891171.0,non_english
,6891288.0,non_english
,6891592.0,non_english
,6891725.0,non_english
,6891797.0,non_english
,6892017.0,non_english
,6892340.0,non_english
,6892345.0,non_english
,6892596.0,non_english
,6892641.0,non_english
,6893072.0,non_english
,6893112.0,non_english
,6893310.0,non_english
,6893384.0,non_english
,6893496.0,non_english
,6893580.0,non_english
,6894394.0,non_english
,6894944.0,non_english
,6895083.0,non_english
,6895528.0,non_english
,6896530.0,non_english
,6896570.0,non_english
,6896628.0,non_english
,6897677.0,non_english
,6898449.0,non_english
,6898582.0,non_english
,6899048.0,non_english
,6899062.0,non_english
,6899609.0,non_english
,6900447.0,non_english
,6900516.0,non_english
,6900991.0,non_english
,6900992.0,non_english
,6902063.0,non_english
,6902098.0,non_english
,6902407.0,non_english
,6902440.0,non_english
,6902576.0,non_english
,6902698.0,non_english
,6902839.0,non_english
,6902922.0,non_english
,6903816.0,non_english
,6903842.0,non_english
,6904059.0,non_english
,6904337.0,non_english
,6904486.0,non_english
,6904648.0,non_english
,6905225.0,non_english
,6905267.0,non_english
,6905419.0,non_english
,6905817.0,non_english
,6906029.0,non_english
,6906031.0,non_english
,6906139.0,non_english
,6906456.0,non_english
,6906504.0,non_english
,6906845.0,non_english
,6907610.0,non_english
,6907768.0,non_english
,6907968.0,non_english
,6908159.0,non_english
,6908702.0,non_english
,6908717.0,non_english
,6908750.0,non_english
,6908751.0,non_english
,6909248.0,non_english
,6909482.0,non_english
,6909670.0,non_english
,6910803.0,non_english
,6910811.0,non_english
,6910917.0,non_english
,6911026.0,non_english
,6911160.0,non_english
,6911278.0,non_english
,6911371.0,non_english
,6912345.0,non_english
,6912707.0,non_english
,6912719.0,non_english
,6912774.0,non_english
,6913369.0,non_english
,6914424.0,non_english
,6914527.0,non_english
,6914803.0,non_english
,6914968.0,non_english
,6915476.0,non_english
,6915691.0,non_english
,6915965.0,non_english
,6916211.0,non_english
,6916319.0,non_english
,6916447.0,non_english
,6916656.0,non_english
,6916807.0,non_english
,6917158.0,non_english
,6917199.0,non_english
,6917219.0,non_english
,6917319.0,non_english
,6917564.0,non_english
,6917757.0,non_english
,6917772.0,non_english
,6917838.0,non_english
,6919270.0,non_english
,6919309.0,non_english
,6919689.0,non_english
,6919715.0,non_english
,6919847.0,non_english
,6920066.0,non_english
,6920871.0,non_english
,6921032.0,non_english
,6921245.0,non_english
,6921259.0,non_english
,6922123.0,non_english
,6923200.0,non_english
,6923484.0,non_english
,6923857.0,non_english
,6923932.0,non_english
,6924005.0,non_english
,6924188.0,non_english
,6924226.0,non_english
,6924343.0,non_english
,6924385.0,non_english
,6924562.0,non_english
,6924646.0,non_english
,6924753.0,non_english
,6925351.0,non_english
,6925696.0,non_english
,6925914.0,non_english
,6926274.0,non_english
,6926682.0,non_english
,6927233.0,non_english
,6927624.0,non_english
,6928285.0,non_english
,6928296.0,non_english
,6928578.0,non_english
,6928681.0,non_english
,6928967.0,non_english
,6929389.0,non_english
,6930030.0,non_english
,6930208.0,non_english
,6930961.0,non_english
,6931132.0,non_english
,6931522.0,non_english
,6931711.0,non_english
,6931901.0,non_english
,6934142.0,non_english
,6934593.0,non_english
,6934734.0,non_english
,6934746.0,non_english
,6935678.0,non_english
,6935769.0,non_english
,6935820.0,non_english
,6935849.0,non_english
,6936511.0,non_english
,6936919.0,non_english
,6937257.0,non_english
,6938679.0,non_english
,6938804.0,non_english
,6938860.0,non_english
,6939129.0,non_english
,6939577.0,non_english
,6939645.0,non_english
,6939722.0,non_english
,6940090.0,non_english
,6940173.0,non_english
,6940509.0,non_english
,6940830.0,non_english
,6941063.0,non_english
,6941109.0,non_english
,6942200.0,non_english
,6942231.0,non_english
,6942287.0,non_english
,6943042.0,non_english
,6943337.0,non_english
,6944467.0,non_english
,6945309.0,non_english
,6945410.0,non_english
,6945462.0,non_english
,6945669.0,non_english
,6945884.0,non_english
,6946130.0,non_english
,6946277.0,non_english
,6946507.0,non_english
,6947029.0,non_english
,6947109.0,non_english
,6947137.0,non_english
,6947309.0,non_english
,6947336.0,non_english
,6947367.0,non_english
,6947394.0,non_english
,6947459.0,non_english
,6947491.0,non_english
,6947541.0,non_english
,6947671.0,non_english
,6947672.0,non_english
,6947789.0,non_english
,6947926.0,non_english
,6948002.0,non_english
,6949727.0,non_english
,6950008.0,non_english
,6950356.0,non_english
,6952141.0,non_english
,6952216.0,non_english
,6952372.0,non_english
,6952401.0,non_english
,6952406.0,non_english
,6952586.0,non_english
,6952604.0,non_english
,6952740.0,non_english
,6952761.0,non_english
,6952811.0,non_english
,6952825.0,non_english
,6953183.0,non_english
,6953361.0,non_english
,6953391.0,non_english
,6953666.0,non_english
,6953903.0,non_english
,6955056.0,non_english
,6955205.0,non_english
,6955470.0,non_english
,6955488.0,non_english
,6955567.0,non_english
,6956848.0,non_english
,6957528.0,non_english
,6957555.0,non_english
,6957623.0,non_english
,6957866.0,non_english
,6957999.0,non_english
,6958178.0,non_english
,6958508.0,non_english
,6958906.0,non_english
,6959127.0,non_english
,6959145.0,non_english
,6959175.0,non_english
,6959201.0,non_english
,6959227.0,non_english
,6959270.0,non_english
,6959277.0,non_english
,6959300.0,non_english
,6959312.0,non_english
,6959379.0,non_english
,6959470.0,non_english
,6959588.0,non_english
,6959664.0,non_english
,6959682.0,non_english
,6959749.0,non_english
,6959922.0,non_english
,6960366.0,non_english
,6961249.0,non_english
,6961743.0,non_english
,6962375.0,non_english
,6963234.0,non_english
,6963240.0,non_english
,6963556.0,non_english
,6963895.0,non_english
,6963917.0,non_english
,6963927.0,non_english
,6964349.0,non_english
,6964573.0,non_english
,6964969.0,non_english
,6965884.0,non_english
,6965941.0,non_english
,6966458.0,non_english
,6968043.0,non_english
,6968411.0,non_english
,6968615.0,non_english
,6968900.0,non_english
,6968968.0,non_english
,6969122.0,non_english
,6969228.0,non_english
,6969331.0,non_english
,6969362.0,non_english
,6969446.0,non_english
,6970036.0,non_english
,6970395.0,non_english
,6970482.0,non_english
,6970541.0,non_english
,6970937.0,non_english
,6971593.0,non_english
,6971597.0,non_english
,6972032.0,non_english
,6973430.0,non_english
,6973973.0,non_english
,6974001.0,non_english
,6974059.0,non_english
,6974619.0,non_english
,6975237.0,non_english
,6975249.0,non_english
,6975502.0,non_english
,6975834.0,non_english
,6975929.0,non_english
,6976091.0,non_english
,6976617.0,non_english
,6976852.0,non_english
,6976931.0,non_english
,6977486.0,non_english
,6977658.0,non_english
,6977685.0,non_english
,6977969.0,non_english
,6978246.0,non_english
,6978365.0,non_english
,6978435.0,non_english
,6978857.0,non_english
,6979300.0,non_english
,6979650.0,non_english
,6979829.0,non_english
,6980157.0,non_english
,6980438.0,non_english
,6980676.0,non_english
,6980698.0,non_english
,6980890.0,non_english
,6980989.0,non_english
,6981022.0,non_english
,6981239.0,non_english
,6981281.0,non_english
,6982168.0,non_english
,6982389.0,non_english
,6982567.0,non_english
,6982593.0,non_english
,6982852.0,non_english
,6984169.0,non_english
,6984765.0,non_english
,6985396.0,non_english
,6985501.0,non_english
,6985769.0,non_english
,6985981.0,non_english
,6986091.0,non_english
,6986381.0,non_english
,6986383.0,non_english
,6986641.0,non_english
,6986725.0,non_english
,6986987.0,non_english
,6987496.0,non_english
,6988724.0,non_english
,6989283.0,non_english
,6989348.0,non_english
,6989775.0,non_english
,6989859.0,non_english
,6990128.0,non_english
,6990349.0,non_english
,6990352.0,non_english
,6990372.0,non_english
,6990490.0,non_english
,6990502.0,non_english
,6990607.0,non_english
,6990705.0,non_english
,6991403.0,non_english
,6991505.0,non_english
,6991823.0,non_english
,6991893.0,non_english
,6991946.0,non_english
,6992461.0,non_english
,6993807.0,non_english
,6995063.0,non_english
,6995553.0,non_english
,6995568.0,non_english
,6995597.0,non_english
,6995873.0,non_english
,6996472.0,non_english
,6996541.0,non_english
,6996564.0,non_english
,6997018.0,non_english
,6997256.0,non_english
,6997412.0,non_english
,6998446.0,non_english
,6998518.0,non_english
,6998652.0,non_english
,6998669.0,non_english
,6998716.0,non_english
,7000307.0,non_english
,7000740.0,non_english
,7001058.0,non_english
,7001096.0,non_english
,7001363.0,non_english
,7001520.0,non_english
,7001745.0,non_english
,7003144.0,non_english
,7003465.0,non_english
,7003573.0,non_english
,7003787.0,non_english
,7004189.0,non_english
,7004833.0,non_english
,7005055.0,non_english
,7005732.0,non_english
,7005793.0,non_english
,7005886.0,non_english
,7005936.0,non_english
,7006279.0,non_english
,7006549.0,non_english
,7007414.0,non_english
,7007753.0,non_english
,7008559.0,non_english
,7008794.0,non_english
,7009127.0,non_english
,7009453.0,non_english
,7009705.0,non_english
,7010306.0,non_english
,7010398.0,non_english
,7010609.0,non_english
,7010889.0,non_english
,7010971.0,non_english
,7011162.0,non_english
,7011347.0,non_english
,7011682.0,non_english
,7011996.0,non_english
,7012456.0,non_english
,7012783.0,non_english
,7013101.0,non_english
,7013147.0,non_english
,7013202.0,non_english
,7013621.0,non_english
,7013664.0,non_english
,7013797.0,non_english
,7013853.0,non_english
,7014675.0,non_english
,7014711.0,non_english
,7014772.0,non_english
,7014834.0,non_english
,7014899.0,non_english
,7014913.0,non_english
,7015195.0,non_english
,7015281.0,non_english
,7015472.0,non_english
,7015833.0,non_english
,7015857.0,non_english
,7016724.0,non_english
,7017543.0,non_english
,7017992.0,non_english
,7018214.0,non_english
,7018288.0,non_english
,7018492.0,non_english
,7018973.0,non_english
,7019375.0,non_english
,7019480.0,non_english
,7019503.0,non_english
,7019680.0,non_english
,7019790.0,non_english
,7019818.0,non_english
,7019978.0,non_english
,7020008.0,non_english
,7020079.0,non_english
,7020346.0,non_english
,7020405.0,non_english
,7020626.0,non_english
,7020674.0,non_english
,7020715.0,non_english
,7020951.0,non_english
,7020982.0,non_english
,7021114.0,non_english
,7021518.0,non_english
,7021792.0,non_english
,7021794.0,non_english
,7022241.0,non_english
,7022370.0,non_english
,7022596.0,non_english
,7022640.0,non_english
,7022657.0,non_english
,7023029.0,non_english
,7023854.0,non_english
,7024235.0,non_english
,7024467.0,non_english
,7025047.0,non_english
,7025836.0,non_english
,7026759.0,non_english
,7026775.0,non_english
,7027073.0,non_english
,7027230.0,non_english
,7027249.0,non_english
,7027651.0,non_english
,7027840.0,non_english
,7027904.0,non_english
,7028217.0,non_english
,7028593.0,non_english
,7031617.0,non_english
,7032304.0,non_english
,7033505.0,non_english
,7033916.0,non_english
,7034072.0,non_english
,7034163.0,non_english
,7034343.0,non_english
,7034451.0,non_english
,7034697.0,non_english
,7034848.0,non_english
,7034891.0,non_english
,7035742.0,non_english
,7036313.0,non_english
,7036344.0,non_english
,7036421.0,non_english
,7036817.0,non_english
,7037546.0,non_english
,7037630.0,non_english
,7037950.0,non_english
,7038166.0,non_english
,7038200.0,non_english
,7038371.0,non_english
,7039194.0,non_english
,7039306.0,non_english
,7039740.0,non_english
,7040118.0,non_english
,7040773.0,non_english
,7041721.0,non_english
,7042068.0,non_english
,7042770.0,non_english
,7044149.0,non_english
,7044273.0,non_english
,7045233.0,non_english
,7045789.0,non_english
,7045834.0,non_english
,7045926.0,non_english
,7046431.0,non_english
,7046896.0,non_english
,7047049.0,non_english
,7047079.0,non_english
,7047497.0,non_english
,7047745.0,non_english
,7048623.0,non_english
,7048745.0,non_english
,7049046.0,non_english
,7049316.0,non_english
,7049713.0,non_english
,7049870.0,non_english
,7050365.0,non_english
,7050425.0,non_english
,7050442.0,non_english
,7050776.0,non_english
,7050801.0,non_english
,7051682.0,non_english
,7052003.0,non_english
,7052005.0,non_english
,7052435.0,non_english
,7052694.0,non_english
,7053737.0,non_english
,7053950.0,non_english
,7054910.0,non_english
,7055135.0,non_english
,7055612.0,non_english
,7056966.0,non_english
,7056987.0,non_english
,7057763.0,non_english
,7058080.0,non_english
,7058112.0,non_english
,7059363.0,non_english
,7059869.0,non_english
,7060399.0,non_english
,7060584.0,non_english
,7061180.0,non_english
,7061580.0,non_english
,7062211.0,non_english
,7062368.0,non_english
,7062518.0,non_english
,7063244.0,non_english
,7063736.0,non_english
,7063742.0,non_english
,7063777.0,non_english
,7063799.0,non_english
,7064041.0,non_english
,7064096.0,non_english
,7066003.0,non_english
,7066690.0,non_english
,7067321.0,non_english
,7067851.0,non_english
,7068073.0,non_english
,7068365.0,non_english
,7070282.0,non_english
,7070390.0,non_english
,7071930.0,non_english
,7072048.0,non_english
,7072127.0,non_english
,7072782.0,non_english
,7073048.0,non_english
,7073769.0,non_english
,7074800.0,non_english
,7074871.0,non_english
,7075234.0,non_english
,7075236.0,non_english
,7075409.0,non_english
,7075545.0,non_english
,7075846.0,non_english
,7076503.0,non_english
,7076512.0,non_english
,7076997.0,non_english
,7077009.0,non_english
,7078096.0,non_english
,7078165.0,non_english
,7078461.0,non_english
,7079412.0,non_english
,7080076.0,non_english
,7080934.0,non_english
,7083745.0,non_english
,7083941.0,non_english
,7084348.0,non_english
,7084952.0,non_english
,7085481.0,non_english
,7086021.0,non_english
,7086310.0,non_english
,7086744.0,non_english
,7087146.0,non_english
,7087551.0,non_english
,7087612.0,non_english
,7087818.0,non_english
,7087859.0,non_english
,7087998.0,non_english
,7088001.0,non_english
,7088103.0,non_english
,7088306.0,non_english
,7089171.0,non_english
,7089285.0,non_english
,7090427.0,non_english
,7090475.0,non_english
,7090479.0,non_english
,7090605.0,non_english
,7091099.0,non_english
,7091381.0,non_english
,7091396.0,non_english
,7091421.0,non_english
,7093155.0,non_english
,7093343.0,non_english
,7093486.0,non_english
,7093939.0,non_english
,7094038.0,non_english
,7094126.0,non_english
,7094639.0,non_english
,7094685.0,non_english
,7095463.0,non_english
,7095492.0,non_english
,7095605.0,non_english
,7096713.0,non_english
,7097359.0,non_english
,7098001.0,non_english
,7098293.0,non_english
,7098838.0,non_english
,7099069.0,non_english
,7099708.0,non_english
,7100957.0,non_english
,7100983.0,non_english
,7101216.0,non_english
,7102673.0,non_english
,7102726.0,non_english
,7103149.0,non_english
,7103306.0,non_english
,7104473.0,non_english
,7104534.0,non_english
,7105588.0,non_english
,7105913.0,non_english
,7105943.0,non_english
,7106032.0,non_english
,7106155.0,non_english
,7106274.0,non_english
,7106500.0,non_english
,7106584.0,non_english
,7107004.0,non_english
,7107909.0,non_english
,7109219.0,non_english
,7109240.0,non_english
,7109584.0,non_english
,7109651.0,non_english
,7109746.0,non_english
,7109770.0,non_english
,7109805.0,non_english
,7109821.0,non_english
,7109867.0,non_english
,7110828.0,non_english
,7111489.0,non_english
,7111620.0,non_english
,7112113.0,non_english
,7112697.0,non_english
,7112963.0,non_english
,7113928.0,non_english
,7114501.0,non_english
,7114773.0,non_english
,7115296.0,non_english
,7115824.0,non_english
,7116259.0,non_english
,7116334.0,non_english
,7116561.0,non_english
,7116916.0,non_english
,7116981.0,non_english
,7116996.0,non_english
,7117148.0,non_english
,7117314.0,non_english
,7117439.0,non_english
,7117897.0,non_english
,7117970.0,non_english
,7118074.0,non_english
,7118103.0,non_english
,7118133.0,non_english
,7118700.0,non_english
,7119880.0,non_english
,7120126.0,non_english
,7120685.0,non_english
,7120989.0,non_english
,7121063.0,non_english
,7121295.0,non_english
,7121399.0,non_english
,7121824.0,non_english
,7122447.0,non_english
,7123212.0,non_english
,7123264.0,non_english
,7123556.0,non_english
,7124031.0,non_english
,7124928.0,non_english
,7124932.0,non_english
,7125111.0,non_english
,7125125.0,non_english
,7125206.0,non_english
,7125584.0,non_english
,7125895.0,non_english
,7126131.0,non_english
,7126710.0,non_english
,7126915.0,non_english
,7127294.0,non_english
,7128383.0,non_english
,7128717.0,non_english
,7128914.0,non_english
,7129014.0,non_english
,7129215.0,non_english
,7129770.0,non_english
,7129862.0,non_english
,7130638.0,non_english
,7131096.0,non_english
,7131201.0,non_english
,7131851.0,non_english
,7131988.0,non_english
,7132084.0,non_english
,7132292.0,non_english
,7132462.0,non_english
,7132577.0,non_english
,7132621.0,non_english
,7132701.0,non_english
,7133152.0,non_english
,7133335.0,non_english
,7133368.0,non_english
,7133941.0,non_english
,7133972.0,non_english
,7134594.0,non_english
,7134698.0,non_english
,7136041.0,non_english
,7136199.0,non_english
,7136490.0,non_english
,7137512.0,non_english
,7137617.0,non_english
,7137619.0,non_english
,7140631.0,non_english
,7141138.0,non_english
,7141462.0,non_english
,7142141.0,non_english
,7142214.0,non_english
,7142468.0,non_english
,7143280.0,non_english
,7143307.0,non_english
,7144768.0,non_english
,7145208.0,non_english
,7145571.0,non_english
,7145821.0,non_english
,7145826.0,non_english
,7145921.0,non_english
,7146248.0,non_english
,7146298.0,non_english
,7146594.0,non_english
,7147156.0,non_english
,7147473.0,non_english
,7147657.0,non_english
,7147749.0,non_english
,7147762.0,non_english
,7148768.0,non_english
,7149771.0,non_english
,7149838.0,non_english
,7150178.0,non_english
,7150909.0,non_english
,7151352.0,non_english
,7151626.0,non_english
,7151942.0,non_english
,7152018.0,non_english
,7152551.0,non_english
,7152768.0,non_english
,7153106.0,non_english
,7153157.0,non_english
,7153265.0,non_english
,7153267.0,non_english
,7153864.0,non_english
,7154147.0,non_english
,7154226.0,non_english
,7155201.0,non_english
,7155273.0,non_english
,7155318.0,non_english
,7155402.0,non_english
,7155432.0,non_english
,7155543.0,non_english
,7155581.0,non_english
,7155585.0,non_english
,7155703.0,non_english
,7156370.0,non_english
,7156797.0,non_english
,7157782.0,non_english
,7157800.0,non_english
,7157821.0,non_english
,7157958.0,non_english
,7158150.0,non_english
,7158373.0,non_english
,7158707.0,non_english
,7158750.0,non_english
,7158757.0,non_english
,7158925.0,non_english
,7159512.0,non_english
,7159733.0,non_english
,7159871.0,non_english
,7160175.0,non_english
,7160637.0,non_english
,7162717.0,non_english
,7163768.0,non_english
,7163800.0,non_english
,7164408.0,non_english
,7164423.0,non_english
,7164749.0,non_english
,7164997.0,non_english
,7165095.0,non_english
,7165725.0,non_english
,7165908.0,non_english
,7167473.0,non_english
,7167486.0,non_english
,7168357.0,non_english
,7169397.0,non_english
,7169530.0,non_english
,7169616.0,non_english
,7170337.0,non_english
,7170629.0,non_english
,7171342.0,non_english
,7171438.0,non_english
,7171755.0,non_english
,7171785.0,non_english
,7171807.0,non_english
,7171943.0,non_english
,7171953.0,non_english
,7171995.0,non_english
,7172751.0,non_english
,7172779.0,non_english
,7173000.0,non_english
,7173492.0,non_english
,7173510.0,non_english
,7173589.0,non_english
,7173590.0,non_english
,7173843.0,non_english
,7173879.0,non_english
,7173968.0,non_english
,7174180.0,non_english
,7174693.0,non_english
,7174759.0,non_english
,7176117.0,non_english
,7176196.0,non_english
,7176733.0,non_english
,7177600.0,non_english
,7177715.0,non_english
,7177988.0,non_english
,7178680.0,non_english
,7179206.0,non_english
,7180157.0,non_english
,7180459.0,non_english
,7180460.0,non_english
,7180747.0,non_english
,7181053.0,non_english
,7181206.0,non_english
,7181352.0,non_english
,7181650.0,non_english
,7181868.0,non_english
,7182144.0,non_english
,7182378.0,non_english
,7182739.0,non_english
,7183562.0,non_english
,7185273.0,non_english
,7185618.0,non_english
,7185878.0,non_english
,7186363.0,non_english
,7186605.0,non_english
,7186970.0,non_english
,7187223.0,non_english
,7187353.0,non_english
,7187850.0,non_english
,7188149.0,non_english
,7189163.0,non_english
,7189190.0,non_english
,7190381.0,non_english
,7190871.0,non_english
,7192243.0,non_english
,7192356.0,non_english
,7192975.0,non_english
,7193110.0,non_english
,7193682.0,non_english
,7195582.0,non_english
,7195650.0,non_english
,7196279.0,non_english
,7196737.0,non_english
,7196798.0,non_english
,7196812.0,non_english
,7196821.0,non_english
,7197271.0,non_english
,7197719.0,non_english
,7199736.0,non_english
,7200127.0,non_english
,7200500.0,non_english
,7200957.0,non_english
,7203007.0,non_english
,7203321.0,non_english
,7204617.0,non_english
,7204743.0,non_english
,7205414.0,non_english
,7206712.0,non_english
,7206796.0,non_english
,7206830.0,non_english
,7206849.0,non_english
,7207636.0,non_english
,7207691.0,non_english
,7207739.0,non_english
,7208023.0,non_english
,7208259.0,non_english
,7208368.0,non_english
,7208393.0,non_english
,7209353.0,non_english
,7209397.0,non_english
,7209961.0,non_english
,7210117.0,non_english
,7210121.0,non_english
,7212203.0,non_english
,7212499.0,non_english
,7212728.0,non_english
,7212912.0,non_english
,7212951.0,non_english
,7213035.0,non_english
,7213092.0,non_english
,7213432.0,non_english
,7214052.0,non_english
,7214060.0,non_english
,7214204.0,non_english
,7214207.0,non_english
,7214762.0,non_english
,7214855.0,non_english
,7215710.0,non_english
,7216081.0,non_english
,7216117.0,non_english
,7216680.0,non_english
,7216844.0,non_english
,7217393.0,non_english
,7217868.0,non_english
,7218016.0,non_english
,7218119.0,non_english
,7218335.0,non_english
,7218473.0,non_english
,7218889.0,non_english
,7219036.0,non_english
,7220624.0,non_english
,7220783.0,non_english
,7221056.0,non_english
,7221607.0,non_english
,7221836.0,non_english
,7223636.0,non_english
,7223772.0,non_english
,7224153.0,non_english
,7224380.0,non_english
,7224479.0,non_english
,7225678.0,non_english
,7226505.0,non_english
,7227321.0,non_english
,7228073.0,non_english
,7230636.0,non_english
,7230798.0,non_english
,7230803.0,non_english
,7230878.0,non_english
,7231809.0,non_english
,7233579.0,non_english
,7233748.0,non_english
,7233894.0,non_english
,7234196.0,non_english
,7234335.0,non_english
,7235709.0,non_english
,7236246.0,non_english
,7237150.0,non_english
,7237325.0,non_english
,7240015.0,non_english
,7240076.0,non_english
,7240461.0,non_english
,7240778.0,non_english
,7241340.0,non_english
,7241594.0,non_english
,7241619.0,non_english
,7242243.0,non_english
,7242666.0,non_english
,7243013.0,non_english
,7243553.0,non_english
,7243910.0,non_english
,7244399.0,non_english
,7245463.0,non_english
,7245511.0,non_english
,7245568.0,non_english
,7245636.0,non_english
,7246427.0,non_english
,7246541.0,non_english
,7246728.0,non_english
,7246895.0,non_english
,7247760.0,non_english
,7247800.0,non_english
,7247868.0,non_english
,7248490.0,non_english
,7248702.0,non_english
,7248991.0,non_english
,7249332.0,non_english
,7251657.0,non_english
,7252100.0,non_english
,7252781.0,non_english
,7252859.0,non_english
,7253401.0,non_english
,7253963.0,non_english
,7255396.0,non_english
,7255450.0,non_english
,7255846.0,non_english
,7256034.0,non_english
,7256036.0,non_english
,7256210.0,non_english
,7259431.0,non_english
,7261475.0,non_english
,7261923.0,non_english
,7262373.0,non_english
,7262570.0,non_english
,7263064.0,non_english
,7263520.0,non_english
,7264586.0,non_english
,7264696.0,non_english
,7264921.0,non_english
,7265272.0,non_english
,7265422.0,non_english
,7266524.0,non_english
,7267016.0,non_english
,7267339.0,non_english
,7267451.0,non_english
,7268207.0,non_english
,7268876.0,non_english
,7269325.0,non_english
,7269878.0,non_english
,7271620.0,non_english
,7271922.0,non_english
,7271969.0,non_english
,7273346.0,non_english
,7273648.0,non_english
,7274900.0,non_english
,7274901.0,non_english
,7275030.0,non_english
,7275050.0,non_english
,7275376.0,non_english
,7276520.0,non_english
,7276640.0,non_english
,7276653.0,non_english
,7277333.0,non_english
,7277422.0,non_english
,7277542.0,non_english
,7278201.0,non_english
,7278840.0,non_english
,7279594.0,non_english
,7279788.0,non_english
,7280899.0,non_english
,7281004.0,non_english
,7281338.0,non_english
,7282311.0,non_english
,7282559.0,non_english
,7282582.0,non_english
,7285781.0,non_english
,7285860.0,non_english
,7287132.0,non_english
,7287805.0,non_english
,7288019.0,non_english
,7288511.0,non_english
,7288636.0,non_english
,7288662.0,non_english
,7289276.0,non_english
,7290165.0,non_english
,7290561.0,non_english
,7290634.0,non_english
,7290797.0,non_english
,7290824.0,non_english
,7291044.0,non_english
,7291182.0,non_english
,7291263.0,non_english
,7292866.0,non_english
,7293308.0,non_english
,7293838.0,non_english
,7294298.0,non_english
,7294378.0,non_english
,7295029.0,non_english
,7295456.0,non_english
,7295543.0,non_english
,7296114.0,non_english
,7296486.0,non_english
,7296932.0,non_english
,7297356.0,non_english
,7297423.0,non_english
,7297454.0,non_english
,7297715.0,non_english
,7298443.0,non_english
,7298478.0,non_english
,7298644.0,non_english
,7299761.0,non_english
,7300885.0,non_english
,7300935.0,non_english
,7301263.0,non_english
,7301802.0,non_english
,7302075.0,non_english
,7302644.0,non_english
,7302898.0,non_english
,7302966.0,non_english
,7303081.0,non_english
,7303269.0,non_english
,7304686.0,non_english
,7304982.0,non_english
,7306776.0,non_english
,7307105.0,non_english
,7307468.0,non_english
,7307570.0,non_english
,7307618.0,non_english
,7308492.0,non_english
,7308502.0,non_english
,7308644.0,non_english
,7308902.0,non_english
,7309682.0,non_english
,7310932.0,non_english
,7311269.0,non_english
,7311577.0,non_english
,7311857.0,non_english
,7311933.0,non_english
,7311966.0,non_english
,7312093.0,non_english
,7312288.0,non_english
,7314554.0,non_english
,7314943.0,non_english
,7315902.0,non_english
,7316033.0,non_english
,7316363.0,non_english
,7317130.0,non_english
,7317857.0,non_english
,7318022.0,non_english
,7318162.0,non_english
,7318272.0,non_english
,7318395.0,non_english
,7318685.0,non_english
,7318915.0,non_english
,7319624.0,non_english
,7319811.0,non_english
,7320005.0,non_english
,7320150.0,non_english
,7320163.0,non_english
,7320207.0,non_english
,7320272.0,non_english
,7320701.0,non_english
,7320782.0,non_english
,7321156.0,non_english
,7321174.0,non_english
,7321827.0,non_english
,7321890.0,non_english
,7323940.0,non_english
,7324155.0,non_english
,7324815.0,non_english
,7325857.0,non_english
,7325972.0,non_english
,7326517.0,non_english
,7327511.0,non_english
,7329356.0,non_english
,7329692.0,non_english
,7329871.0,non_english
,7330398.0,non_english
,7330414.0,non_english
,7331154.0,non_english
,7331423.0,non_english
,7331927.0,non_english
,7332556.0,non_english
,7332702.0,non_english
,7332907.0,non_english
,7332930.0,non_english
,7333213.0,non_english
,7334290.0,non_english
,7334661.0,non_english
,7334821.0,non_english
,7335669.0,non_english
,7335815.0,non_english
,7336379.0,non_english
,7337568.0,non_english
,7337828.0,non_english
,7338114.0,non_english
,7338774.0,non_english
,7339088.0,non_english
,7339166.0,non_english
,7340265.0,non_english
,7340347.0,non_english
,7340648.0,non_english
,7340743.0,non_english
,7341012.0,non_english
,7341865.0,non_english
,7342310.0,non_english
,7343744.0,non_english
,7346204.0,non_english
,7346461.0,non_english
,7346570.0,non_english
,7346826.0,non_english
,7346958.0,non_english
,7346978.0,non_english
,7347918.0,non_english
,7348295.0,non_english
,7349217.0,non_english
,7349310.0,non_english
,7349502.0,non_english
,7349783.0,non_english
,7349825.0,non_english
,7350163.0,non_english
,7350170.0,non_english
,7350285.0,non_english
,7350296.0,non_english
,7350742.0,non_english
,7350911.0,non_english
,7351265.0,non_english
,7351935.0,non_english
,7352479.0,non_english
,7353538.0,non_english
,7354244.0,non_english
,7354278.0,non_english
,7354688.0,non_english
,7356169.0,non_english
,7356889.0,non_english
,7356912.0,non_english
,7356942.0,non_english
,7357703.0,non_english
,7357739.0,non_english
,7357877.0,non_english
,7358681.0,non_english
,7359240.0,non_english
,7360713.0,non_english
,7361312.0,non_english
,7362461.0,non_english
,7364872.0,non_english
,7364887.0,non_english
,7365125.0,non_english
,7365146.0,non_english
,7365554.0,non_english
,7365731.0,non_english
,7366096.0,non_english
,7366175.0,non_english
,7366415.0,non_english
,7369226.0,non_english
,7369402.0,non_english
,7369622.0,non_english
,7369855.0,non_english
,7369923.0,non_english
,7370169.0,non_english
,7370212.0,non_english
,7370247.0,non_english
,7370295.0,non_english
,7370995.0,non_english
,7371314.0,non_english
,7373049.0,non_english
,7373373.0,non_english
,7373992.0,non_english
,7374454.0,non_english
,7375706.0,non_english
,7377214.0,non_english
,7377255.0,non_english
,7377690.0,non_english
,7377721.0,non_english
,7377912.0,non_english
,7377927.0,non_english
,7378084.0,non_english
,7378200.0,non_english
,7378589.0,non_english
,7378667.0,non_english
,7379262.0,non_english
,7379597.0,non_english
,7379643.0,non_english
,7379727.0,non_english
,7379885.0,non_english
,7382268.0,non_english
,7382643.0,non_english
,7384160.0,non_english
,7384482.0,non_english
,7384484.0,non_english
,7386300.0,non_english
,7387277.0,non_english
,7387302.0,non_english
,7388318.0,non_english
,7388511.0,non_english
,7388563.0,non_english
,7388754.0,non_english
,7389115.0,non_english
,7389262.0,non_english
,7389658.0,non_english
,7389819.0,non_english
,7389882.0,non_english
,7390143.0,non_english
,7390149.0,non_english
,7390787.0,non_english
,7390894.0,non_english
,7392029.0,non_english
,7392299.0,non_english
,7392377.0,non_english
,7392897.0,non_english
,7395038.0,non_english
,7395326.0,non_english
,7396033.0,non_english
,7396164.0,non_english
,7396441.0,non_english
,7397575.0,non_english
,7398566.0,non_english
,7399443.0,non_english
,7400544.0,non_english
,7400563.0,non_english
,7401384.0,non_english
,7402370.0,non_english
,7402581.0,non_english
,7404063.0,non_english
,7404510.0,non_english
,7404524.0,non_english
,7404933.0,non_english
,7406518.0,non_english
,7406551.0,non_english
,7406782.0,non_english
,7406857.0,non_english
,7406940.0,non_english
,7407012.0,non_english
,7407270.0,non_english
,7407379.0,non_english
,7408175.0,non_english
,7408226.0,non_english
,7408995.0,non_english
,7409668.0,non_english
,7411967.0,non_english
,7412064.0,non_english
,7412075.0,non_english
,7412360.0,non_english
,7412485.0,non_english
,7413039.0,non_english
,7413040.0,non_english
,7413286.0,non_english
,7413382.0,non_english
,7413405.0,non_english
,7414252.0,non_english
,7415209.0,non_english
,7415758.0,non_english
,7416603.0,non_english
,7416869.0,non_english
,7416970.0,non_english
,7417650.0,non_english
,7417741.0,non_english
,7417845.0,non_english
,7418926.0,non_english
,7419906.0,non_english
,7422441.0,non_english
,7428512.0,non_english
,7431206.0,non_english
,7431233.0,non_english
,7431847.0,non_english
,7434883.0,non_english
,7434960.0,non_english
,7436019.0,non_english
,7437172.0,non_english
,7437800.0,non_english
,7440925.0,non_english
,7450158.0,non_english
,7452387.0,non_english
,7455154.0,non_english
,7458143.0,non_english
,7463833.0,non_english
,7469468.0,non_english
,7473316.0,non_english
,7481787.0,non_english
,7482472.0,non_english
,7482755.0,non_english
,7482935.0,non_english
,7483954.0,non_english
,7497895.0,non_english
,7498351.0,non_english
,7506906.0,non_english
,7512574.0,non_english
,7516541.0,non_english
,7522228.0,non_english
,7529780.0,non_english
,7534764.0,non_english
,7536700.0,non_english
,7537578.0,non_english
,7538329.0,non_english
,7538979.0,non_english
,7539140.0,non_english
,7540001.0,non_english
,7542670.0,non_english
,7542680.0,non_english
,7546765.0,non_english
,7550477.0,non_english
,7552684.0,non_english
,7553986.0,non_english
,7556267.0,non_english
,7566986.0,non_english
,7576219.0,non_english
,7580404.0,non_english
,7584132.0,non_english
,7585484.0,non_english
,7589104.0,non_english
,7591382.0,non_english
,7597616.0,non_english
,7599651.0,non_english
,7599719.0,non_english
,7603593.0,non_english
,7626728.0,non_english
,7627945.0,non_english
,7628207.0,non_english
,7630083.0,non_english
,7633903.0,non_english
,7637077.0,non_english
,7639152.0,non_english
,7639578.0,non_english
,7639898.0,non_english
,7650819.0,non_english
,7653316.0,non_english
,7659114.0,non_english
,7668851.0,non_english
,7670112.0,non_english
,7670588.0,non_english
,7675375.0,non_english
,7676311.0,non_english
,7679389.0,non_english
,7679634.0,non_english
,7681402.0,non_english
,7683328.0,non_english
,7683539.0,non_english
,7685698.0,non_english
,7690259.0,non_english
,7702494.0,non_english
,7702992.0,non_english
,7711377.0,non_english
,7717866.0,non_english
,7718354.0,non_english
,7720467.0,non_english
,7720468.0,non_english
,7722884.0,non_english
,7724448.0,non_english
,7727128.0,non_english
,7732323.0,non_english
,7734725.0,non_english
,7747025.0,non_english
,7755116.0,non_english
,7755776.0,non_english
,7764969.0,non_english
,7771658.0,non_english
,7771661.0,non_english
,7772633.0,non_english
,7772792.0,non_english
,7772964.0,non_english
,7774921.0,non_english
,7775904.0,non_english
,7778611.0,non_english
,7782806.0,non_english
,7793480.0,non_english
,7796140.0,non_english
,7796507.0,non_english
,7799614.0,non_english
,7807200.0,non_english
,7807287.0,non_english
,7813566.0,non_english
,7816212.0,non_english
,7818473.0,non_english
,7819695.0,non_english
,7821263.0,non_english
,7839980.0,non_english
,7844942.0,non_english
,7857926.0,non_english
,7859656.0,non_english
,7859868.0,non_english
,7868728.0,non_english
,7871611.0,non_english
,7872563.0,non_english
,7874250.0,non_english
,7875820.0,non_english
,7892126.0,non_english
,7895731.0,non_english
,7901756.0,non_english
,7906745.0,non_english
,7907472.0,non_english
,7909720.0,non_english
,7916099.0,non_english
,7919377.0,non_english
,7920361.0,non_english
,7923102.0,non_english
,7925109.0,non_english
,7926435.0,non_english
,7927070.0,non_english
,7927804.0,non_english
,7928025.0,non_english
,7930444.0,non_english
,7930871.0,non_english
,7936102.0,non_english
,7938432.0,non_english
,7939816.0,non_english
,7940714.0,non_english
,7947279.0,non_english
,7950285.0,non_english
,7950652.0,non_english
,7953545.0,non_english
,7962728.0,non_english
,7962785.0,non_english
,7963517.0,non_english
,7963790.0,non_english
,7965740.0,non_english
,7967521.0,non_english
,7971211.0,non_english
,7973217.0,non_english
,7979995.0,non_english
,7981679.0,non_english
,7983507.0,non_english
,7984786.0,non_english
,7991197.0,non_english
,7992283.0,non_english
,7994415.0,non_english
,8003406.0,non_english
,8004704.0,non_english
,8004705.0,non_english
,8007095.0,non_english
,8007944.0,non_english
,8008062.0,non_english
,8009744.0,non_english
,8010367.0,non_english
,8010674.0,non_english
,8010698.0,non_english
,8012678.0,non_english
,8013580.0,non_english
,8013666.0,non_english
,8013834.0,non_english
,8015006.0,non_english
,8017724.0,non_english
,8021488.0,non_english
,8022168.0,non_english
,8027087.0,non_english
,8039611.0,non_english
,8039665.0,non_english
,8039761.0,non_english
,8041753.0,non_english
,8042003.0,non_english
,8061796.0,non_english
,8061810.0,non_english
,8063506.0,non_english
,8067510.0,non_english
,8068801.0,non_english
,8071823.0,non_english
,8079655.0,non_english
,8084425.0,non_english
,8089618.0,non_english
,8092202.0,non_english
,8100393.0,non_english
,8108229.0,non_english
,8117739.0,non_english
,8118516.0,non_english
,8120533.0,non_english
,8122544.0,non_english
,8126047.0,non_english
,8129914.0,non_english
,8131792.0,non_english
,8140574.0,non_english
,8141592.0,non_english
,8146744.0,non_english
,8155548.0,non_english
,8161169.0,non_english
,8170581.0,non_english
,8170985.0,non_english
,8174061.0,non_english
,8174239.0,non_english
,8174891.0,non_english
,8175265.0,non_english
,8177409.0,non_english
,8183795.0,non_english
,8191504.0,non_english
,8197579.0,non_english
,8197721.0,non_english
,8199120.0,non_english
,8201053.0,non_english
,8203658.0,non_english
,8204352.0,non_english
,8206632.0,non_english
,8206922.0,non_english
,8215692.0,non_english
,8220501.0,non_english
,8220622.0,non_english
,8224322.0,non_english
,8225517.0,non_english
,8228886.0,non_english
,8229319.0,non_english
,8232061.0,non_english
,8232072.0,non_english
,8232555.0,non_english
,8232828.0,non_english
,8233961.0,non_english
,8234168.0,non_english
,8234389.0,non_english
,8235069.0,non_english
,8235168.0,non_english
,8235211.0,non_english
,8236400.0,non_english
,8236879.0,non_english
,8236897.0,non_english
,8238691.0,non_english
,8239973.0,non_english
,8241908.0,non_english
,8251635.0,non_english
,8256197.0,non_english
,8259399.0,non_english
,8260393.0,non_english
,8260699.0,non_english
,8261795.0,non_english
,8262711.0,non_english
,8267848.0,non_english
,8268195.0,non_english
,8271144.0,non_english
,8272275.0,non_english
,8272707.0,non_english
,8275753.0,non_english
,8275755.0,non_english
,8277006.0,non_english
,8278466.0,non_english
,8282628.0,non_english
,8293986.0,non_english
,8296611.0,non_english
,8296619.0,non_english
,8297504.0,non_english
,8297520.0,non_english
,8298219.0,non_english
,8302158.0,non_english
,8305364.0,non_english
,8305577.0,non_english
,8306277.0,non_english
,8306513.0,non_english
,8306639.0,non_english
,8308043.0,non_english
,8309575.0,non_english
,8310125.0,non_english
,8311055.0,non_english
,8314194.0,non_english
,8315411.0,non_english
,8322929.0,non_english
,8323764.0,non_english
,8324046.0,non_english
,8324890.0,non_english
,8325817.0,non_english
,8330287.0,non_english
,8332852.0,non_english
,8336080.0,non_english
,8344442.0,non_english
,8346517.0,non_english
,8350450.0,non_english
,8354396.0,non_english
,8356181.0,non_english
,8358192.0,non_english
,8360377.0,non_english
,8365221.0,non_english
,8365714.0,non_english
,8374811.0,non_english
,8378768.0,non_english
,8380989.0,non_english
,8392304.0,non_english
,8393018.0,non_english
,8393201.0,non_english
,8393653.0,non_english
,8395256.0,non_english
,8403694.0,non_english
,8404272.0,non_english
,8406077.0,non_english
,8408559.0,non_english
,8410899.0,non_english
,8410951.0,non_english
,8413796.0,non_english
,8418829.0,non_english
,8429482.0,non_english
,8431564.0,non_english
,8432350.0,non_english
,8435425.0,non_english
,8437751.0,non_english
,8440450.0,non_english
,8440697.0,non_english
,8442390.0,non_english
,8453195.0,non_english
,8455039.0,non_english
,8459244.0,non_english
,8473199.0,non_english
,8479509.0,non_english
,8479514.0,non_english
,8482694.0,non_english
,8485412.0,non_english
,8485925.0,non_english
,8486432.0,non_english
,8486562.0,non_english
,8486820.0,non_english
,8488110.0,non_english
,8489782.0,non_english
,8492532.0,non_english
,8521504.0,non_english
,8522395.0,non_english
,8544053.0,non_english
,8546476.0,non_english
,8547244.0,non_english
,8547306.0,non_english
,8558358.0,non_english
,8560403.0,non_english
,8560983.0,non_english
,8573503.0,non_english
,8574231.0,non_english
,8588684.0,non_english
,8595140.0,non_english
,8610657.0,non_english
,8614646.0,non_english
,8630883.0,non_english
,8631050.0,non_english
,8631278.0,non_english
,8632561.0,non_english
,8638091.0,non_english
,8639306.0,non_english
,8639625.0,non_english
,8640479.0,non_english
,8643459.0,non_english
,8646362.0,non_english
,8649957.0,non_english
,8651532.0,non_english
,8651797.0,non_english
,8654279.0,non_english
,8654699.0,non_english
,8655549.0,non_english
,8667557.0,non_english
,8669529.0,non_english
,8669862.0,non_english
,8673433.0,non_english
,8677451.0,non_english
,8680007.0,non_english
,8681550.0,non_english
,8684542.0,non_english
,8699914.0,non_english
,8705747.0,non_english
,8707824.0,non_english
,8708826.0,non_english
,8727866.0,non_english
,8731046.0,non_english
,8733648.0,non_english
,8734221.0,non_english
,8734274.0,non_english
,8734977.0,non_english
,8735647.0,non_english
,8739457.0,non_english
,8740214.0,non_english
,8743283.0,non_english
,8755595.0,non_english
,8755816.0,non_english
,8759836.0,non_english
,8759935.0,non_english
,8760450.0,non_english
,8760622.0,non_english
,8762950.0,non_english
,8768975.0,non_english
,8781931.0,non_english
,8786532.0,non_english
,8787373.0,non_english
,8788570.0,non_english
,8788676.0,non_english
,8790284.0,non_english
,8792205.0,non_english
,8794660.0,non_english
,8797455.0,non_english
,8798562.0,non_english
,8800237.0,non_english
,8810144.0,non_english
,8810350.0,non_english
,8811851.0,non_english
,8811855.0,non_english
,8812116.0,non_english
,8813212.0,non_english
,8817173.0,non_english
,8822980.0,non_english
,8827030.0,non_english
,8827235.0,non_english
,8828135.0,non_english
,8831927.0,non_english
,8832115.0,non_english
,8842841.0,non_english
,8844737.0,non_english
,8848502.0,non_english
,8848518.0,non_english
,8852937.0,non_english
,8856589.0,non_english
,8865584.0,non_english
,8869659.0,non_english
,8876408.0,non_english
,8877875.0,non_english
,8880710.0,non_english
,8881835.0,non_english
,8883247.0,non_english
,8885343.0,non_english
,8887419.0,non_english
,8887897.0,non_english
,8888812.0,non_english
,8888819.0,non_english
,8892477.0,non_english
,8895261.0,non_english
,8896097.0,non_english
,8896957.0,non_english
,8899638.0,non_english
,8899953.0,non_english
,8900102.0,non_english
,8901203.0,non_english
,8919284.0,non_english
,8921148.0,non_english
,8927953.0,non_english
,8930042.0,non_english
,8937912.0,non_english
,8940577.0,non_english
,8940792.0,non_english
,8942660.0,non_english
,8946575.0,non_english
,8958187.0,non_english
,8959898.0,non_english
,8959940.0,non_english
,8960507.0,non_english
,8961082.0,non_english
,8961672.0,non_english
,8963999.0,non_english
,8972996.0,non_english
,8973426.0,non_english
,8975470.0,non_english
,8977440.0,non_english
,8977776.0,non_english
,8988600.0,non_english
,8997746.0,non_english
,9000809.0,non_english
,9001339.0,non_english
,9004079.0,non_english
,9005265.0,non_english
,9005268.0,non_english
,9005272.0,non_english
,9006312.0,non_english
,9006363.0,non_english
,9010900.0,non_english
,9012510.0,non_english
,9022146.0,non_english
,9024329.0,non_english
,9025984.0,non_english
,9029599.0,non_english
,9035092.0,non_english
,9051416.0,non_english
,9061512.0,non_english
,9062404.0,non_english
,9063873.0,non_english
,9064094.0,non_english
,9064385.0,non_english
,9065964.0,non_english
,9066643.0,non_english
,9066832.0,non_english
,9067970.0,non_english
,9069493.0,non_english
,9077464.0,non_english
,9077468.0,non_english
,9078849.0,non_english
,9081901.0,non_english
,9082208.0,non_english
,9083778.0,non_english
,9085688.0,non_english
,9087183.0,non_english
,9089698.0,non_english
,9093328.0,non_english
,9099243.0,non_english
,9099252.0,non_english
,9099802.0,non_english
,9101052.0,non_english
,9104713.0,non_english
,9109874.0,non_english
,9110783.0,non_english
,9114187.0,non_english
,9114289.0,non_english
,9115168.0,non_english
,9115559.0,non_english
,9115612.0,non_english
,9115682.0,non_english
,9116656.0,non_english
,9116749.0,non_english
,9117100.0,non_english
,9119167.0,non_english
,9119778.0,non_english
,9120477.0,non_english
,9120618.0,non_english
,9121763.0,non_english
,9124985.0,non_english
,9125734.0,non_english
,9125738.0,non_english
,9125920.0,non_english
,9126322.0,non_english
,9126628.0,non_english
,9127883.0,non_english
,9131062.0,non_english
,9133173.0,non_english
,9135018.0,non_english
,9135700.0,non_english
,9136109.0,non_english
,9136303.0,non_english
,9136733.0,non_english
,9137220.0,non_english
,9140212.0,non_english
,9141498.0,non_english
,9144795.0,non_english
,9144886.0,non_english
,9144994.0,non_english
,9148933.0,non_english
,9150732.0,non_english
,9152248.0,non_english
,9152911.0,non_english
,9153964.0,non_english
,9154595.0,non_english
,9154742.0,non_english
,9155043.0,non_english
,9157899.0,non_english
,9159677.0,non_english
,9165548.0,non_english
,9165731.0,non_english
,9168970.0,non_english
,9169269.0,non_english
,9169573.0,non_english
,9171013.0,non_english
,9171264.0,non_english
,9174133.0,non_english
,9174925.0,non_english
,9178478.0,non_english
,9178711.0,non_english
,9180444.0,non_english
,9181369.0,non_english
,9182840.0,non_english
,9183775.0,non_english
,9184254.0,non_english
,9185761.0,non_english
,9187293.0,non_english
,9187491.0,non_english
,9187652.0,non_english
,9188181.0,non_english
,9189778.0,non_english
,9192254.0,non_english
,9192264.0,non_english
,9192426.0,non_english
,9196085.0,non_english
,9196520.0,non_english
,9197203.0,non_english
,9198812.0,non_english
,9201419.0,non_english
,9201893.0,non_english
,9202969.0,non_english
,9202978.0,non_english
,9203170.0,non_english
,9204966.0,non_english
,9206353.0,non_english
,9208422.0,non_english
,9208681.0,non_english
,9208938.0,non_english
,9211043.0,non_english
,9212146.0,non_english
,9212788.0,non_english
,9213540.0,non_english
,9216846.0,non_english
,9218130.0,non_english
,9218183.0,non_english
,9218255.0,non_english
,9219195.0,non_english
,9220598.0,non_english
,9220629.0,non_english
,9220789.0,non_english
,9221390.0,non_english
,9221776.0,non_english
,9226249.0,non_english
,9226403.0,non_english
,9230041.0,non_english
,9230428.0,non_english
,9238153.0,non_english
,9238400.0,non_english
,9239543.0,non_english
,9241564.0,non_english
,9241667.0,non_english
,9242667.0,non_english
,9243410.0,non_english
,9247813.0,non_english
,9248897.0,non_english
,9249390.0,non_english
,9249992.0,non_english
,9250097.0,non_english
,9250158.0,non_english
,9250398.0,non_english
,9250915.0,non_english
,9250971.0,non_english
,9252774.0,non_english
,9252847.0,non_english
,9253365.0,non_english
,9254895.0,non_english
,9255059.0,non_english
,9255693.0,non_english
,9256459.0,non_english
,9257791.0,non_english
,9261050.0,non_english
,9261275.0,non_english
,9265006.0,non_english
,9266157.0,non_english
,9269349.0,non_english
,9269711.0,non_english
,9272836.0,non_english
,9274569.0,non_english
,9275160.0,non_english
,9275570.0,non_english
,9276088.0,non_english
,9280993.0,non_english
,9282936.0,non_english
,9283720.0,non_english
,9284319.0,non_english
,9288769.0,non_english
,9289848.0,non_english
,9291145.0,non_english
,9291319.0,non_english
,9293230.0,non_english
,9295573.0,non_english
,9296324.0,non_english
,9297567.0,non_english
,9298119.0,non_english
,9298168.0,non_english
,9298938.0,non_english
,9299085.0,non_english
,9303469.0,non_english
,9304783.0,non_english
,9305266.0,non_english
,9305334.0,non_english
,9305417.0,non_english
,9306390.0,non_english
,9308963.0,non_english
,9311256.0,non_english
,9312196.0,non_english
,9315456.0,non_english
,9315685.0,non_english
,9316918.0,non_english
,9319111.0,non_english
,9319992.0,non_english
,9319996.0,non_english
,9320471.0,non_english
,9322667.0,non_english
,9325040.0,non_english
,9330431.0,non_english
,9333373.0,non_english
,9335580.0,non_english
,9335745.0,non_english
,9340385.0,non_english
,9341547.0,non_english
,9346274.0,non_english
,9346959.0,non_english
,9347573.0,non_english
,9349426.0,non_english
,9350840.0,non_english
,9353633.0,non_english
,9356839.0,non_english
,9356996.0,non_english
,9359090.0,non_english
,9359464.0,non_english
,9360435.0,non_english
,9361347.0,non_english
,9363101.0,non_english
,9363926.0,non_english
,9364273.0,non_english
,9364450.0,non_english
,9364729.0,non_english
,9365759.0,non_english
,9366945.0,non_english
,9367483.0,non_english
,9370167.0,non_english
,9370228.0,non_english
,9370717.0,non_english
,9370779.0,non_english
,9372797.0,non_english
,9374490.0,non_english
,9375019.0,non_english
,9375964.0,non_english
,9379378.0,non_english
,9379739.0,non_english
,9379760.0,non_english
,9380795.0,non_english
,9390690.0,non_english
,9391273.0,non_english
,9398373.0,non_english
,9399874.0,non_english
,9400205.0,non_english
,9400360.0,non_english
,9400573.0,non_english
,9400859.0,non_english
,9401000.0,non_english
,9402432.0,non_english
,9403657.0,non_english
,9403917.0,non_english
,9404271.0,non_english
,9406618.0,non_english
,9408229.0,non_english
,9408244.0,non_english
,9409581.0,non_english
,9411995.0,non_english
,9413535.0,non_english
,9413612.0,non_english
,9414063.0,non_english
,9415068.0,non_english
,9415696.0,non_english
,9417002.0,non_english
,9418010.0,non_english
,9418667.0,non_english
,9419012.0,non_english
,9420939.0,non_english
,9422685.0,non_english
,9424136.0,non_english
,9431587.0,non_english
,9435337.0,non_english
,9436484.0,non_english
,9438416.0,non_english
,9440171.0,non_english
,9445236.0,non_english
,9446273.0,non_english
,9448159.0,non_english
,9448294.0,non_english
,9454290.0,non_english
,9454291.0,non_english
,9455328.0,non_english
,9457152.0,non_english
,9457460.0,non_english
,9457823.0,non_english
,9458239.0,non_english
,9460371.0,non_english
,9460608.0,non_english
,9463768.0,non_english
,9466296.0,non_english
,9466776.0,non_english
,9468173.0,non_english
,9468828.0,non_english
,9471526.0,non_english
,9473463.0,non_english
,9475907.0,non_english
,9479166.0,non_english
,9479883.0,non_english
,9480090.0,non_english
,9480402.0,non_english
,9483970.0,non_english
,9484881.0,non_english
,9485856.0,non_english
,9493522.0,non_english
,9494452.0,non_english
,9494484.0,non_english
,9494580.0,non_english
,9496396.0,non_english
,9496706.0,non_english
,9496822.0,non_english
,9499635.0,non_english
,9500249.0,non_english
,9500584.0,non_english
,9501260.0,non_english
,9505436.0,non_english
,9505438.0,non_english
,9508120.0,non_english
,9509029.0,non_english
,9511545.0,non_english
,9511546.0,non_english
,9512217.0,non_english
,9514944.0,non_english
,9515156.0,non_english
,9521758.0,non_english
,9523495.0,non_english
,9524415.0,non_english
,9526501.0,non_english
,9528312.0,non_english
,9530644.0,non_english
,9531234.0,non_english
,9534326.0,non_english
,9536675.0,non_english
,9539768.0,non_english
,9541638.0,non_english
,9545462.0,non_english
,9546178.0,non_english
,9546612.0,non_english
,9549497.0,non_english
,9550355.0,non_english
,9553502.0,non_english
,9553508.0,non_english
,9554741.0,non_english
,9554806.0,non_english
,9554835.0,non_english
,9555152.0,non_english
,9556101.0,non_english
,9556624.0,non_english
,9556680.0,non_english
,9557740.0,non_english
,9558322.0,non_english
,9560417.0,non_english
,9562672.0,non_english
,9562680.0,non_english
,9565474.0,non_english
,9567012.0,non_english
,9567699.0,non_english
,9568207.0,non_english
,9570266.0,non_english
,9571121.0,non_english
,9571135.0,non_english
,9571537.0,non_english
,9571580.0,non_english
,9573277.0,non_english
,9573717.0,non_english
,9573781.0,non_english
,9574422.0,non_english
,9574732.0,non_english
,9575471.0,non_english
,9580406.0,non_english
,9581283.0,non_english
,9582802.0,non_english
,9585347.0,non_english
,9591989.0,non_english
,9592675.0,non_english
,9592937.0,non_english
,9594905.0,non_english
,9595325.0,non_english
,9595647.0,non_english
,9595666.0,non_english
,9596746.0,non_english
,9600831.0,non_english
,9605946.0,non_english
,9606228.0,non_english
,9606745.0,non_english
,9610902.0,non_english
,9610957.0,non_english
,9611311.0,non_english
,9611929.0,non_english
,9612177.0,non_english
,9612493.0,non_english
,9614171.0,non_english
,9615352.0,non_english
,9620380.0,non_english
,9621224.0,non_english
,9621593.0,non_english
,9621753.0,non_english
,9623523.0,non_english
,9623836.0,non_english
,9625366.0,non_english
,9625787.0,non_english
,9626457.0,non_english
,9626909.0,non_english
,9629372.0,non_english
,9630497.0,non_english
,9631177.0,non_english
,9632364.0,non_english
,9633678.0,non_english
,9634228.0,non_english
,9635610.0,non_english
,9638961.0,non_english
,9639736.0,non_english
,9640630.0,non_english
,9644015.0,non_english
,9644017.0,non_english
,9649551.0,non_english
,9650559.0,non_english
,9652498.0,non_english
,9654978.0,non_english
,9655408.0,non_english
,9656161.0,non_english
,9656318.0,non_english
,9657124.0,non_english
,9660130.0,non_english
,9660523.0,non_english
,9660637.0,non_english
,9661183.0,non_english
,9664971.0,non_english
,9667453.0,non_english
,9668022.0,non_english
,9669243.0,non_english
,9672066.0,non_english
,9675321.0,non_english
,9677110.0,non_english
,9679927.0,non_english
,9680466.0,non_english
,9681031.0,non_english
,9681231.0,non_english
,9681821.0,non_english
,9683254.0,non_english
,9683580.0,non_english
,9684115.0,non_english
,9684435.0,non_english
,9685576.0,non_english
,9685722.0,non_english
,9687898.0,non_english
,9690498.0,non_english
,9691836.0,non_english
,9692765.0,non_english
,9693914.0,non_english
,9694097.0,non_english
,9694877.0,non_english
,9694925.0,non_english
,9695456.0,non_english
,9697920.0,non_english
,9698339.0,non_english
,9699228.0,non_english
,9699374.0,non_english
,9700947.0,non_english
,9701413.0,non_english
,9701816.0,non_english
,9707349.0,non_english
,9707737.0,non_english
,9708494.0,non_english
,9708753.0,non_english
,9709350.0,non_english
,9712019.0,non_english
,9713135.0,non_english
,9713479.0,non_english
,9716419.0,non_english
,9718428.0,non_english
,9719587.0,non_english
,9720107.0,non_english
,9720298.0,non_english
,9721344.0,non_english
,9721420.0,non_english
,9722302.0,non_english
,9722544.0,non_english
,9725541.0,non_english
,9725543.0,non_english
,9726743.0,non_english
,9728863.0,non_english
,9729659.0,non_english
,9729776.0,non_english
,9732568.0,non_english
,9732624.0,non_english
,9734055.0,non_english
,9734089.0,non_english
,9734256.0,non_english
,9735097.0,non_english
,9735167.0,non_english
,9736790.0,non_english
,9736883.0,non_english
,9738230.0,non_english
,9738340.0,non_english
,9739551.0,non_english
,9739918.0,non_english
,9740979.0,non_english
,9745368.0,non_english
,9747175.0,non_english
,9748240.0,non_english
,9748443.0,non_english
,9748551.0,non_english
,9750208.0,non_english
,9753385.0,non_english
,9754740.0,non_english
,9757039.0,non_english
,9757575.0,non_english
,9757823.0,non_english
,9758214.0,non_english
,9759943.0,non_english
,9760241.0,non_english
,9761145.0,non_english
,9763308.0,non_english
,9763785.0,non_english
,9764259.0,non_english
,9768096.0,non_english
,9768287.0,non_english
,9768319.0,non_english
,9770722.0,non_english
,9770891.0,non_english
,9771065.0,non_english
,9771117.0,non_english
,9772168.0,non_english
,9772592.0,non_english
,9772629.0,non_english
,9772637.0,non_english
,9773463.0,non_english
,9774538.0,non_english
,9780558.0,non_english
,9781876.0,non_english
,9782144.0,non_english
,9782176.0,non_english
,9782812.0,non_english
,9783553.0,non_english
,9785245.0,non_english
,9785282.0,non_english
,9785574.0,non_english
,9785575.0,non_english
,9787738.0,non_english
,9790707.0,non_english
,9792145.0,non_english
,9792410.0,non_english
,9793287.0,non_english
,9793711.0,non_english
,9793777.0,non_english
,9793802.0,non_english
,9794190.0,non_english
,9794796.0,non_english
,9797317.0,non_english
,9797771.0,non_english
,9798744.0,non_english
,9800655.0,non_english
,9803744.0,non_english
,9806375.0,non_english
,9809385.0,non_english
,9809750.0,non_english
,9813153.0,non_english
,9813531.0,non_english
,9815017.0,non_english
,9818167.0,non_english
,9821272.0,non_english
,9821668.0,non_english
,9821699.0,non_english
,9823647.0,non_english
,9823818.0,non_english
,9824536.0,non_english
,9824694.0,non_english
,9826655.0,non_english
,9826963.0,non_english
,9827235.0,non_english
,9827825.0,non_english
,9829175.0,non_english
,9829630.0,non_english
,9830321.0,non_english
,9832200.0,non_english
,9832920.0,non_english
,9833546.0,non_english
,9836617.0,non_english
,9836713.0,non_english
,9836828.0,non_english
,9837627.0,non_english
,9837807.0,non_english
,9838109.0,non_english
,9839818.0,non_english
,9840943.0,non_english
,9841153.0,non_english
,9842192.0,non_english
,9843744.0,non_english
,9843910.0,non_english
,9844751.0,non_english
,9846089.0,non_english
,9847121.0,non_english
,9848103.0,non_english
,9849607.0,non_english
,9851249.0,non_english
,9854649.0,non_english
,9854798.0,non_english
,9859146.0,non_english
,9860508.0,non_english
,9860976.0,non_english
,9861980.0,non_english
,9862038.0,non_english
,9863768.0,non_english
,9864541.0,non_english
,9865552.0,non_english
,9866308.0,non_english
,9866779.0,non_english
,9867381.0,non_english
,9870057.0,non_english
,9871321.0,non_english
,9871781.0,non_english
,9872092.0,non_english
,9875818.0,non_english
,9876100.0,non_english
,9876837.0,non_english
,9877516.0,non_english
,9885548.0,non_english
,9885714.0,non_english
,9888541.0,non_english
,9891272.0,non_english
,9892331.0,non_english
,9893422.0,non_english
,9899804.0,non_english
,9903378.0,non_english
,9903566.0,non_english
,9904775.0,non_english
,9904887.0,non_english
,9905685.0,non_english
,9910991.0,non_english
,9911253.0,non_english
,9911993.0,non_english
,9912599.0,non_english
,9914950.0,non_english
,9915011.0,non_english
,9916555.0,non_english
,9918121.0,non_english
,9918422.0,non_english
,9920994.0,non_english
,9922418.0,non_english
,9924410.0,non_english
,9925793.0,non_english
,9927228.0,non_english
,9930592.0,non_english
,9931852.0,non_english
,9932026.0,non_english
,9932291.0,non_english
,9933248.0,non_english
,9937189.0,non_english
,9937802.0,non_english
,9938439.0,non_english
,9938516.0,non_english
,9941782.0,non_english
,9941928.0,non_english
,9943180.0,non_english
,9943915.0,non_english
,9943988.0,non_english
,9944149.0,non_english
,9944912.0,non_english
,9944965.0,non_english
,9945266.0,non_english
,9948664.0,non_english
,9948810.0,non_english
,9951654.0,non_english
,9952622.0,non_english
,9953010.0,non_english
,9953745.0,non_english
,9955202.0,non_english
,9956400.0,non_english
,9956538.0,non_english
,9956699.0,non_english
,9956779.0,non_english
,9957831.0,non_english
,9958413.0,non_english
,9958580.0,non_english
,9960440.0,non_english
,9961497.0,non_english
,9963602.0,non_english
,9963887.0,non_english
,9963890.0,non_english
,9964148.0,non_english
,9964182.0,non_english
,9964351.0,non_english
,9964665.0,non_english
,9965154.0,non_english
,9965365.0,non_english
,9965483.0,non_english
,9966746.0,non_english
,9966972.0,non_english
,9968353.0,non_english
,9971423.0,non_english
,9971832.0,non_english
,9972030.0,non_english
,9972678.0,non_english
,9972939.0,non_english
,9973249.0,non_english
,9973710.0,non_english
,9974650.0,non_english
,9975340.0,non_english
,9979198.0,non_english
,9980477.0,non_english
,9981784.0,non_english
,9983210.0,non_english
,9986208.0,non_english
,9986567.0,non_english
,9986991.0,non_english
,9987317.0,non_english
,9987745.0,non_english
,9989083.0,non_english
,9989624.0,non_english
,9989764.0,non_english
,9989935.0,non_english
,9990097.0,non_english
,9993904.0,non_english
,9996573.0,non_english
,9999287.0,non_english
,9999370.0,non_english
,9999380.0,non_english
,9999794.0,non_english
,10000997.0,non_english
,10001001.0,non_english
,10001546.0,non_english
,10002309.0,non_english
,10003193.0,non_english
,10005592.0,non_english
,10007294.0,non_english
,10008030.0,non_english
,10013244.0,non_english
,10013484.0,non_english
,10015005.0,non_english
,10015017.0,non_english
,10015052.0,non_english
,10017491.0,non_english
,10018326.0,non_english
,10018435.0,non_english
,10019689.0,non_english
,10019854.0,non_english
,10020688.0,non_english
,10020694.0,non_english
,10020724.0,non_english
,10023819.0,non_english
,10028050.0,non_english
,10029339.0,non_english
,10029733.0,non_english
,10029883.0,non_english
,10032499.0,non_english
,10032981.0,non_english
,10033336.0,non_english
,10033422.0,non_english
,10035750.0,non_english
,10039198.0,non_english
,10041173.0,non_english
,10041528.0,non_english
,10043654.0,non_english
,10044945.0,non_english
,10051407.0,non_english
,10052954.0,non_english
,10053235.0,non_english
,10053590.0,non_english
,10059433.0,non_english
,10060493.0,non_english
,10061568.0,non_english
,10063011.0,non_english
,10064032.0,non_english
,10064664.0,non_english
,10066991.0,non_english
,10068502.0,non_english
,10068719.0,non_english
,10074666.0,non_english
,10076902.0,non_english
,10078538.0,non_english
,10078875.0,non_english
,10078879.0,non_english
,10079088.0,non_english
,10082640.0,non_english
,10083486.0,non_english
,10088273.0,non_english
,10089233.0,non_english
,10091187.0,non_english
,10091188.0,non_english
,10091461.0,non_english
,10091904.0,non_english
,10092027.0,non_english
,10093483.0,non_english
,10093487.0,non_english
,10094477.0,non_english
,10094711.0,non_english
,10095850.0,non_english
,10096567.0,non_english
,10096799.0,non_english
,10098269.0,non_english
,10098703.0,non_english
,10100280.0,non_english
,10104023.0,non_english
,10104533.0,non_english
,10104599.0,non_english
,10104869.0,non_english
,10105274.0,non_english
,10105385.0,non_english
,10105388.0,non_english
,10105551.0,non_english
,10105621.0,non_english
,10108570.0,non_english
,10109712.0,non_english
,10112933.0,non_english
,10114829.0,non_english
,10115740.0,non_english
,10118319.0,non_english
,10119481.0,non_english
,10119813.0,non_english
,10120447.0,non_english
,10121557.0,non_english
,10121826.0,non_english
,10121911.0,non_english
,10122122.0,non_english
,10122158.0,non_english
,10122442.0,non_english
,10122788.0,non_english
,10123672.0,non_english
,10123846.0,non_english
,10127034.0,non_english
,10128298.0,non_english
,10129140.0,non_english
,10129306.0,non_english
,10129407.0,non_english
,10129554.0,non_english
,10129636.0,non_english
,10130050.0,non_english
,10131230.0,non_english
,10132906.0,non_english
,10134467.0,non_english
,10134854.0,non_english
,10134867.0,non_english
,10135803.0,non_english
,10138913.0,non_english
,10140612.0,non_english
,10140769.0,non_english
,10142380.0,non_english
,10142436.0,non_english
,10143537.0,non_english
,10143714.0,non_english
,10147218.0,non_english
,10147225.0,non_english
,10148251.0,non_english
,10148289.0,non_english
,10148514.0,non_english
,10149553.0,non_english
,10150038.0,non_english
,10154299.0,non_english
,10154945.0,non_english
,10156565.0,non_english
,10158759.0,non_english
,10159055.0,non_english
,10159285.0,non_english
,10161509.0,non_english
,10161822.0,non_english
,10162953.0,non_english
,10164158.0,non_english
,10165000.0,non_english
,10166694.0,non_english
,10167358.0,non_english
,10167626.0,non_english
,10167713.0,non_english
,10167865.0,non_english
,10167888.0,non_english
,10168340.0,non_english
,10171680.0,non_english
,10175145.0,non_english
,10175663.0,non_english
,10176850.0,non_english
,10178713.0,non_english
,10178784.0,non_english
,10179829.0,non_english
,10182772.0,non_english
,10186056.0,non_english
,10188654.0,non_english
,10189656.0,non_english
,10190061.0,non_english
,10191746.0,non_english
,10191992.0,non_english
,10192616.0,non_english
,10196754.0,non_english
,10197625.0,non_english
,10198180.0,non_english
,10198872.0,non_english
,10199397.0,non_english
,10200223.0,non_english
,10200681.0,non_english
,10201447.0,non_english
,10201700.0,non_english
,10202426.0,non_english
,10203614.0,non_english
,10204253.0,non_english
,10204400.0,non_english
,10205612.0,non_english
,10209151.0,non_english
,10214404.0,non_english
,10214435.0,non_english
,10215584.0,non_english
,10219566.0,non_english
,10220334.0,non_english
,10220615.0,non_english
,10221740.0,non_english
,10221742.0,non_english
,10224573.0,non_english
,10226331.0,non_english
,10228228.0,non_english
,10229334.0,non_english
,10231830.0,non_english
,10235380.0,non_english
,10237813.0,non_english
,10239325.0,non_english
,10240147.0,non_english
,10246125.0,non_english
,10246889.0,non_english
,10252018.0,non_english
,10252367.0,non_english
,10253246.0,non_english
,10253752.0,non_english
,10253883.0,non_english
,10255503.0,non_english
,10256445.0,non_english
,10258739.0,non_english
,10259202.0,non_english
,10259580.0,non_english
,10259734.0,non_english
,10259828.0,non_english
,10261084.0,non_english
,10262089.0,non_english
,10266614.0,non_english
,10266665.0,non_english
,10267220.0,non_english
,10267282.0,non_english
,10267394.0,non_english
,10267403.0,non_english
,10267480.0,non_english
,10267502.0,non_english
,10267550.0,non_english
,10267593.0,non_english
,10267757.0,non_english
,10267772.0,non_english
,10267797.0,non_english
,10267831.0,non_english
,10267880.0,non_english
,10267968.0,non_english
,10268177.0,non_english
,10268358.0,non_english
,10268753.0,non_english
,10270698.0,non_english
,10270823.0,non_english
,10271167.0,non_english
,10271202.0,non_english
,10273446.0,non_english
,10273808.0,non_english
,10275014.0,non_english
,10282532.0,non_english
,10285087.0,non_english
,10285281.0,non_english
,10286070.0,non_english
,10286393.0,non_english
,10287868.0,non_english
,10289496.0,non_english
,10290728.0,non_english
,10290934.0,non_english
,10291744.0,non_english
,10293028.0,non_english
,10300815.0,non_english
,10302539.0,non_english
,10303926.0,non_english
,10305383.0,non_english
,10305626.0,non_english
,10308526.0,non_english
,10310313.0,non_english
,10310697.0,non_english
,10328094.0,non_english
,10328519.0,non_english
,10329306.0,non_english
,10329954.0,non_english
,10330464.0,non_english
,10332116.0,non_english
,10332124.0,non_english
,10332503.0,non_english
,10333392.0,non_english
,10333753.0,non_english
,10334104.0,non_english
,10334486.0,non_english
,10334514.0,non_english
,10334547.0,non_english
,10334855.0,non_english
,10336038.0,non_english
,10336136.0,non_english
,10338142.0,non_english
,10341095.0,non_english
,10344952.0,non_english
,10346973.0,non_english
,10350737.0,non_english
,10351425.0,non_english
,10352771.0,non_english
,10355077.0,non_english
,10355447.0,non_english
,10356196.0,non_english
,10356443.0,non_english
,10359061.0,non_english
,10359316.0,non_english
,10361979.0,non_english
,10363008.0,non_english
,10363353.0,non_english
,10363764.0,non_english
,10364351.0,non_english
,10365392.0,non_english
,10366140.0,non_english
,10367272.0,non_english
,10367300.0,non_english
,10369658.0,non_english
,10369851.0,non_english
,10373034.0,non_english
,10373797.0,non_english
,10375221.0,non_english
,10375767.0,non_english
,10375987.0,non_english
,10376015.0,non_english
,10376357.0,non_english
,10376837.0,non_english
,10378326.0,non_english
,10379778.0,non_english
,10380290.0,non_english
,10382350.0,non_english
,10382644.0,non_english
,10383856.0,non_english
,10384608.0,non_english
,10384813.0,non_english
,10387734.0,non_english
,10390048.0,non_english
,10390129.0,non_english
,10390459.0,non_english
,10392064.0,non_english
,10392126.0,non_english
,10392751.0,non_english
,10392960.0,non_english
,10393513.0,non_english
,10393704.0,non_english
,10394489.0,non_english
,10394517.0,non_english
,10394572.0,non_english
,10394995.0,non_english
,10395331.0,non_english
,10395393.0,non_english
,10396158.0,non_english
,10396167.0,non_english
,10397045.0,non_english
,10397654.0,non_english
,10397764.0,non_english
,10398014.0,non_english
,10403868.0,non_english
,10406249.0,non_english
,10406389.0,non_english
,10409823.0,non_english
,10410884.0,non_english
,10411898.0,non_english
,10411988.0,non_english
,10413436.0,non_english
,10414209.0,non_english
,10416065.0,non_english
,10417548.0,non_english
,10418518.0,non_english
,10418694.0,non_english
,10418820.0,non_english
,10419458.0,non_english
,10421082.0,non_english
,10424092.0,non_english
,10424145.0,non_english
,10424556.0,non_english
,10424919.0,non_english
,10425999.0,non_english
,10428584.0,non_english
,10429165.0,non_english
,10430489.0,non_english
,10431744.0,non_english
,10435235.0,non_english
,10436984.0,non_english
,10438027.0,non_english
,10438340.0,non_english
,10438375.0,non_english
,10443287.0,non_english
,10444301.0,non_english
,10447424.0,non_english
,10448326.0,non_english
,10448784.0,non_english
,10449596.0,non_english
,10450510.0,non_english
,10453373.0,non_english
,10453909.0,non_english
,10454579.0,non_english
,10454766.0,non_english
,10454845.0,non_english
,10457001.0,non_english
,10458490.0,non_english
,10464967.0,non_english
,10464986.0,non_english
,10465544.0,non_english
,10466052.0,non_english
,10468165.0,non_english
,10468504.0,non_english
,10470314.0,non_english
,10474882.0,non_english
,10476948.0,non_english
,10477049.0,non_english
,10477290.0,non_english
,10477889.0,non_english
,10479424.0,non_english
,10479505.0,non_english
,10479765.0,non_english
,10480362.0,non_english
,10482908.0,non_english
,10484062.0,non_english
,10484683.0,non_english
,10484770.0,non_english
,10485283.0,non_english
,10486748.0,non_english
,10487897.0,non_english
,10488389.0,non_english
,10490443.0,non_english
,10490516.0,non_english
,10490554.0,non_english
,10491016.0,non_english
,10495425.0,non_english
,10495534.0,non_english
,10498557.0,non_english
,10500627.0,non_english
,10500729.0,non_english
,10501999.0,non_english
,10502346.0,non_english
,10505350.0,non_english
,10505412.0,non_english
,10509605.0,non_english
,10509607.0,non_english
,10510840.0,non_english
,10511116.0,non_english
,10513753.0,non_english
,10515758.0,non_english
,10515802.0,non_english
,10516580.0,non_english
,10517019.0,non_english
,10518331.0,non_english
,10518382.0,non_english
,10520540.0,non_english
,10520543.0,non_english
,10521107.0,non_english
,10522288.0,non_english
,10522902.0,non_english
,10523645.0,non_english
,10526342.0,non_english
,10529845.0,non_english
,10530124.0,non_english
,10532151.0,non_english
,10532615.0,non_english
,10538010.0,non_english
,10538954.0,non_english
,10539864.0,non_english
,10542276.0,non_english
,10542278.0,non_english
,10542993.0,non_english
,10543854.0,non_english
,10546285.0,non_english
,10547664.0,non_english
,10549814.0,non_english
,10552402.0,non_english
,10552405.0,non_english
,10552963.0,non_english
,10553166.0,non_english
,10554693.0,non_english
,10557465.0,non_english
,10561621.0,non_english
,10564147.0,non_english
,10565666.0,non_english
,10567606.0,non_english
,10568461.0,non_english
,10569979.0,non_english
,10570360.0,non_english
,10571683.0,non_english
,10571973.0,non_english
,10575343.0,non_english
,10577728.0,non_english
,10578936.0,non_english
,10580782.0,non_english
,10581827.0,non_english
,10582834.0,non_english
,10583314.0,non_english
,10583396.0,non_english
,10583670.0,non_english
,10585038.0,non_english
,10587442.0,non_english
,10587808.0,non_english
,10589805.0,non_english
,10590249.0,non_english
,10591357.0,non_english
,10591803.0,non_english
,10592781.0,non_english
,10593265.0,non_english
,10595145.0,non_english
,10596111.0,non_english
,10602772.0,non_english
,10603166.0,non_english
,10607595.0,non_english
,10611603.0,non_english
,10612276.0,non_english
,10612429.0,non_english
,10613481.0,non_english
,10613562.0,non_english
,10614037.0,non_english
,10614921.0,non_english
,10615219.0,non_english
,10617173.0,non_english
,10617184.0,non_english
,10619862.0,non_english
,10619870.0,non_english
,10619919.0,non_english
,10619926.0,non_english
,10620256.0,non_english
,10620259.0,non_english
,10620310.0,non_english
,10620384.0,non_english
,10620391.0,non_english
,10620425.0,non_english
,10620463.0,non_english
,10620479.0,non_english
,10620549.0,non_english
,10620564.0,non_english
,10620579.0,non_english
,10620682.0,non_english
,10620706.0,non_english
,10620764.0,non_english
,10620767.0,non_english
,10620898.0,non_english
,10620915.0,non_english
,10620938.0,non_english
,10620948.0,non_english
,10620996.0,non_english
,10621032.0,non_english
,10621062.0,non_english
,10621114.0,non_english
,10621135.0,non_english
,10621137.0,non_english
,10621216.0,non_english
,10621289.0,non_english
,10621329.0,non_english
,10621413.0,non_english
,10621489.0,non_english
,10621522.0,non_english
,10621569.0,non_english
,10621581.0,non_english
,10623619.0,non_english
,10623770.0,non_english
,10624789.0,non_english
,10625247.0,non_english
,10626077.0,non_english
,10626333.0,non_english
,10627420.0,non_english
,10627652.0,non_english
,10629201.0,non_english
,10630260.0,non_english
,10630382.0,non_english
,10636743.0,non_english
,10638193.0,non_english
,10638197.0,non_english
,10639696.0,non_english
,10640186.0,non_english
,10640451.0,non_english
,10640605.0,non_english
,10640819.0,non_english
,10640946.0,non_english
,10641983.0,non_english
,10642097.0,non_english
,10642122.0,non_english
,10642181.0,non_english
,10642219.0,non_english
,10642243.0,non_english
,10642361.0,non_english
,10642762.0,non_english
,10642946.0,non_english
,10643741.0,non_english
,10644559.0,non_english
,10645031.0,non_english
,10645396.0,non_english
,10646299.0,non_english
,10649115.0,non_english
,10651049.0,non_english
,10654095.0,non_english
,10654630.0,non_english
,10655595.0,non_english
,10655812.0,non_english
,10657033.0,non_english
,10657661.0,non_english
,10660632.0,non_english
,10662615.0,non_english
,10662916.0,non_english
,10663633.0,non_english
,10664547.0,non_english
,10667292.0,non_english
,10667527.0,non_english
,10669827.0,non_english
,10670155.0,non_english
,10670767.0,non_english
,10672453.0,non_english
,10672821.0,non_english
,10679053.0,non_english
,10679784.0,non_english
,10680510.0,non_english
,10680675.0,non_english
,10680703.0,non_english
,10680796.0,non_english
,10681050.0,non_english
,10681547.0,non_english
,10681863.0,non_english
,10685033.0,non_english
,10685297.0,non_english
,10685700.0,non_english
,10685942.0,non_english
,10700193.0,non_english
,10700335.0,non_english
,10700357.0,non_english
,10700935.0,non_english
,10700952.0,non_english
,10702467.0,non_english
,10703068.0,non_english
,10703515.0,non_english
,10704318.0,non_english
,10705734.0,non_english
,10705745.0,non_english
,10709696.0,non_english
,10709910.0,non_english
,10710610.0,non_english
,10713626.0,non_english
,10718055.0,non_english
,10719003.0,non_english
,10719511.0,non_english
,10719564.0,non_english
,10719605.0,non_english
,10719854.0,non_english
,10720928.0,non_english
,10722509.0,non_english
,10723622.0,non_english
,10723678.0,non_english
,10728707.0,non_english
,10729684.0,non_english
,10729720.0,non_english
,10730046.0,non_english
,10730610.0,non_english
,10730819.0,non_english
,10731862.0,non_english
,10732916.0,non_english
,10733684.0,non_english
,10734862.0,non_english
,10735914.0,non_english
,10736181.0,non_english
,10736218.0,non_english
,10736780.0,non_english
,10738041.0,non_english
,10743167.0,non_english
,10744304.0,non_english
,10745209.0,non_english
,10745264.0,non_english
,10746135.0,non_english
,10746642.0,non_english
,10747522.0,non_english
,10748179.0,non_english
,10749242.0,non_english
,10750129.0,non_english
,10751422.0,non_english
,10751529.0,non_english
,10752524.0,non_english
,10759827.0,non_english
,10759838.0,non_english
,10760037.0,non_english
,10760146.0,non_english
,10760915.0,non_english
,10761647.0,non_english
,10762584.0,non_english
,10763587.0,non_english
,10763684.0,non_english
,10764957.0,non_english
,10764979.0,non_english
,10765084.0,non_english
,10765267.0,non_english
,10766313.0,non_english
,10766889.0,non_english
,10767759.0,non_english
,10768752.0,non_english
,10768998.0,non_english
,10771631.0,non_english
,10771785.0,non_english
,10773197.0,non_english
,10775192.0,non_english
,10777435.0,non_english
,10785083.0,non_english
,10785849.0,non_english
,10788424.0,non_english
,10794498.0,non_english
,10795039.0,non_english
,10795994.0,non_english
,10797263.0,non_english
,10798394.0,non_english
,10798604.0,non_english
,10799464.0,non_english
,10800168.0,non_english
,10801158.0,non_english
,10802091.0,non_english
,10802350.0,non_english
,10805010.0,non_english
,10805702.0,non_english
,10808899.0,non_english
,10809677.0,non_english
,10810041.0,non_english
,10811705.0,non_english
,10812955.0,non_english
,10813111.0,non_english
,10813501.0,non_english
,10813595.0,non_english
,10813628.0,non_english
,10813934.0,non_english
,10815502.0,non_english
,10817870.0,non_english
,10818388.0,non_english
,10824539.0,non_english
,10824658.0,non_english
,10825016.0,non_english
,10825435.0,non_english
,10829117.0,non_english
,10830567.0,non_english
,10831322.0,non_english
,10834765.0,non_english
,10835937.0,non_english
,10837263.0,non_english
,10837461.0,non_english
,10839084.0,non_english
,10844736.0,non_english
,10845174.0,non_english
,10846923.0,non_english
,10847089.0,non_english
,10847884.0,non_english
,10849795.0,non_english
,10849993.0,non_english
,10850655.0,non_english
,10852199.0,non_english
,10853298.0,non_english
,10853935.0,non_english
,10854780.0,non_english
,10855605.0,non_english
,10856128.0,non_english
,10856575.0,non_english
,10856883.0,non_english
,10858454.0,non_english
,10858965.0,non_english
,10862442.0,non_english
,10863781.0,non_english
,10863790.0,non_english
,10863816.0,non_english
,10863862.0,non_english
,10863868.0,non_english
,10863877.0,non_english
,10863980.0,non_english
,10863982.0,non_english
,10864026.0,non_english
,10864073.0,non_english
,10864076.0,non_english
,10864224.0,non_english
,10865284.0,non_english
,10865436.0,non_english
,10867267.0,non_english
,10867477.0,non_english
,10868702.0,non_english
,10871938.0,non_english
,10872589.0,non_english
,10873380.0,non_english
,10873514.0,non_english
,10873704.0,non_english
,10874439.0,non_english
,10876792.0,non_english
,10877226.0,non_english
,10879782.0,non_english
,10879864.0,non_english
,10879884.0,non_english
,10882378.0,non_english
,10884611.0,non_english
,10884952.0,non_english
,10885014.0,non_english
,10885268.0,non_english
,10885438.0,non_english
,10885467.0,non_english
,10887109.0,non_english
,10887330.0,non_english
,10887386.0,non_english
,10888179.0,non_english
,10888275.0,non_english
,10889114.0,non_english
,10891403.0,non_english
,10893087.0,non_english
,10894053.0,non_english
,10896064.0,non_english
,10899910.0,non_english
,10901434.0,non_english
,10901478.0,non_english
,10902625.0,non_english
,10905292.0,non_english
,10905455.0,non_english
,10905677.0,non_english
,10910132.0,non_english
,10910601.0,non_english
,10914132.0,non_english
,10916866.0,non_english
,10920561.0,non_english
,10921573.0,non_english
,10924171.0,non_english
,10925153.0,non_english
,10928079.0,non_english
,10936605.0,non_english
,10937272.0,non_english
,10940307.0,non_english
,10942200.0,non_english
,10942240.0,non_english
,10945445.0,non_english
,10946108.0,non_english
,10946625.0,non_english
,10947341.0,non_english
,10948042.0,non_english
,10948570.0,non_english
,10950719.0,non_english
,10952484.0,non_english
,10952896.0,non_english
,10953685.0,non_english
,10954047.0,non_english
,10958886.0,non_english
,10959352.0,non_english
,10959640.0,non_english
,10962065.0,non_english
,10962180.0,non_english
,10963377.0,non_english
,10966283.0,non_english
,10967221.0,non_english
,10967230.0,non_english
,10972037.0,non_english
,10974030.0,non_english
,10974164.0,non_english
,10975278.0,non_english
,10975583.0,non_english
,10976380.0,non_english
,10976724.0,non_english
,10978400.0,non_english
,10979703.0,non_english
,10980503.0,non_english
,10980575.0,non_english
,10980651.0,non_english
,10982157.0,non_english
,10983003.0,non_english
,10987694.0,non_english
,10991601.0,non_english
,10994938.0,non_english
,10995409.0,non_english
,10995410.0,non_english
,11005273.0,non_english
,11005521.0,non_english
,11005873.0,non_english
,11007503.0,non_english
,11007938.0,non_english
,11008014.0,non_english
,11008443.0,non_english
,11009337.0,non_english
,11009497.0,non_english
,11012933.0,non_english
,11014105.0,non_english
,11016019.0,non_english
,11020917.0,non_english
,11021986.0,non_english
,11022465.0,non_english
,11029199.0,non_english
,11029442.0,non_english
,11032123.0,non_english
,11034993.0,non_english
,11036767.0,non_english
,11043933.0,non_english
,11044795.0,non_english
,11046163.0,non_english
,11050011.0,non_english
,11050203.0,non_english
,11051054.0,non_english
,11053425.0,non_english
,11053679.0,non_english
,11054095.0,non_english
,11056282.0,non_english
,11058602.0,non_english
,11060694.0,non_english
,11063589.0,non_english
,11066000.0,non_english
,11066200.0,non_english
,11068235.0,non_english
,11068321.0,non_english
,11069503.0,non_english
,11069545.0,non_english
,11069796.0,non_english
,11069901.0,non_english
,11070162.0,non_english
,11073694.0,non_english
,11074543.0,non_english
,11078644.0,non_english
,11079659.0,non_english
,11080980.0,non_english
,11088099.0,non_english
,11091235.0,non_english
,11092588.0,non_english
,11092609.0,non_english
,11093141.0,non_english
,11093292.0,non_english
,11093605.0,non_english
,11093841.0,non_english
,11093855.0,non_english
,11094016.0,non_english
,11094138.0,non_english
,11096361.0,non_english
,11096690.0,non_english
,11097165.0,non_english
,11097488.0,non_english
,11097583.0,non_english
,11097669.0,non_english
,11098180.0,non_english
,11098220.0,non_english
,11098405.0,non_english
,11098406.0,non_english
,11099809.0,non_english
,11100566.0,non_english
,11102249.0,non_english
,11102517.0,non_english
,11102689.0,non_english
,11103101.0,non_english
,11103128.0,non_english
,11103297.0,non_english
,11103557.0,non_english
,11104447.0,non_english
,11107276.0,non_english
,11107406.0,non_english
,11109153.0,non_english
,11111090.0,non_english
,11112738.0,non_english
,11113430.0,non_english
,11114087.0,non_english
,11117484.0,non_english
,11119914.0,non_english
,11120378.0,non_english
,11123566.0,non_english
,11125569.0,non_english
,11125675.0,non_english
,11127917.0,non_english
,11129468.0,non_english
,11133304.0,non_english
,11133484.0,non_english
,11136673.0,non_english
,11138794.0,non_english
,11139808.0,non_english
,11140769.0,non_english
,11141676.0,non_english
,11143153.0,non_english
,11144344.0,non_english
,11146793.0,non_english
,11147407.0,non_english
,11148437.0,non_english
,11149432.0,non_english
,11151317.0,non_english
,11152320.0,non_english
,11152387.0,non_english
,11154493.0,non_english
,11154742.0,non_english
,11154976.0,non_english
,11155574.0,non_english
,11155764.0,non_english
,11156024.0,non_english
,11157724.0,non_english
,11166229.0,non_english
,11166597.0,non_english
,11167838.0,non_english
,11167918.0,non_english
,11168054.0,non_english
,11168179.0,non_english
,11168207.0,non_english
,11168396.0,non_english
,11168408.0,non_english
,11168896.0,non_english
,11171389.0,non_english
,11173348.0,non_english
,11176972.0,non_english
,11178002.0,non_english
,11178087.0,non_english
,11179302.0,non_english
,11179317.0,non_english
,11179987.0,non_english
,11182274.0,non_english
,11182904.0,non_english
,11183180.0,non_english
,11186029.0,non_english
,11186211.0,non_english
,11186917.0,non_english
,11187201.0,non_english
,11188243.0,non_english
,11188591.0,non_english
,11189104.0,non_english
,11191422.0,non_english
,11199537.0,non_english
,11199783.0,non_english
,11199887.0,non_english
,11201091.0,non_english
,11202140.0,non_english
,11202403.0,non_english
,11202577.0,non_english
,11204579.0,non_english
,11204706.0,non_english
,11205148.0,non_english
,11206169.0,non_english
,11207609.0,non_english
,11208004.0,non_english
,11208097.0,non_english
,11208745.0,non_english
,11209347.0,non_english
,11209689.0,non_english
,11209991.0,non_english
,11210135.0,non_english
,11211470.0,non_english
,11212295.0,non_english
,11213758.0,non_english
,11215554.0,non_english
,11215784.0,non_english
,11218485.0,non_english
,11220201.0,non_english
,11221066.0,non_english
,11221311.0,non_english
,11224377.0,non_english
,11224542.0,non_english
,11224697.0,non_english
,11224777.0,non_english
,11225303.0,non_english
,11225959.0,non_english
,11227587.0,non_english
,11229517.0,non_english
,11229525.0,non_english
,11229903.0,non_english
,11232451.0,non_english
,11232671.0,non_english
,11233072.0,non_english
,11233603.0,non_english
,11237213.0,non_english
,11240148.0,non_english
,11240282.0,non_english
,11240542.0,non_english
,11242732.0,non_english
,11244449.0,non_english
,11245318.0,non_english
,11246280.0,non_english
,11247429.0,non_english
,11248322.0,non_english
,11248325.0,non_english
,11250946.0,non_english
,11252351.0,non_english
,11252861.0,non_english
,11253630.0,non_english
,11254532.0,non_english
,11255053.0,non_english
,11256047.0,non_english
,11256182.0,non_english
,11256881.0,non_english
,11256890.0,non_english
,11257059.0,non_english
,11257104.0,non_english
,11260483.0,non_english
,11300841.0,non_english
,11339386.0,non_english
,11339956.0,non_english
,11340915.0,non_english
,11341371.0,non_english
,11341712.0,non_english
,11344872.0,non_english
,11348701.0,non_english
,11349659.0,non_english
,11349810.0,non_english
,11351595.0,non_english
,11360156.0,non_english
,11364315.0,non_english
,11365004.0,non_english
,11366366.0,non_english
,11371386.0,non_english
,11374270.0,non_english
,11376304.0,non_english
,11442501.0,non_english
,11499476.0,non_english
,11499818.0,non_english
,11526337.0,non_english
,11543346.0,non_english
,11545947.0,non_english
,11552207.0,non_english
,11557733.0,non_english
,11571125.0,non_english
,11573465.0,non_english
,11576691.0,non_english
,11576998.0,non_english
,11577674.0,non_english
,11578573.0,non_english
,11578599.0,non_english
,11579647.0,non_english
,11581060.0,non_english
,11581206.0,non_english
,11584063.0,non_english
,11584084.0,non_english
,11584598.0,non_english
,11587390.0,non_english
,11592638.0,non_english
,11592639.0,non_english
,11595254.0,non_english
,11641898.0,non_english
,11650653.0,non_english
,11670785.0,non_english
,11758289.0,non_english
,11764092.0,non_english
,11793342.0,non_english
,11794460.0,non_english
,11809523.0,non_english
,11821458.0,non_english
,11841731.0,non_english
,11845832.0,non_english
,11848080.0,non_english
,11864473.0,non_english
,11867229.0,non_english
,11875046.0,non_english
,11876949.0,non_english
,11920474.0,non_english
,11935936.0,non_english
,11948598.0,non_english
,11971082.0,non_english
,11971717.0,non_english
,11973001.0,non_english
,11991886.0,non_english
,12009047.0,non_english
,12015714.0,non_english
,12039209.0,non_english
,12065764.0,non_english
,12070355.0,non_english
,12100253.0,non_english
,12107047.0,non_english
,12118882.0,non_english
,12150285.0,non_english
,12212963.0,non_english
,12215179.0,non_english
,12309888.0,non_english
,12317275.0,non_english
,12317619.0,non_english
,12334167.0,non_english
,12340894.0,non_english
,12341790.0,non_english
,12343499.0,non_english
,12357074.0,non_english
,12364901.0,non_english
,12365728.0,non_english
,12376006.0,non_english
,12388085.0,non_english
,12395694.0,non_english
,12404099.0,non_english
,12405653.0,non_english
,12415838.0,non_english
,12419238.0,non_english
,12433625.0,non_english
,12434687.0,non_english
,12435878.0,non_english
,12436467.0,non_english
,12436749.0,non_english
,12436865.0,non_english
,12436987.0,non_english
,12438449.0,non_english
,12440289.0,non_english
,12440322.0,non_english
,12443180.0,non_english
,12446436.0,non_english
,12447135.0,non_english
,12452912.0,non_english
,12453153.0,non_english
,12454434.0,non_english
,12455808.0,non_english
,12460188.0,non_english
,12462444.0,non_english
,12466909.0,non_english
,12467265.0,non_english
,12467804.0,non_english
,12470389.0,non_english
,12474711.0,non_english
,12477348.0,non_english
,12477495.0,non_english
,12478174.0,non_english
,12479776.0,non_english
,12481347.0,non_english
,12481809.0,non_english
,12483940.0,non_english
,12484530.0,non_english
,12495805.0,non_english
,12495919.0,non_english
,12496785.0,non_english
,12498091.0,non_english
,12502570.0,non_english
,12502572.0,non_english
,12503289.0,non_english
,12508900.0,non_english
,12511963.0,non_english
,12514700.0,non_english
,12515152.0,non_english
,12519635.0,non_english
,12522311.0,non_english
,12525053.0,non_english
,12527965.0,non_english
,12529041.0,non_english
,12531839.0,non_english
,12532435.0,non_english
,12532610.0,non_english
,12532685.0,non_english
,12534987.0,non_english
,12535648.0,non_english
,12536214.0,non_english
,12536429.0,non_english
,12536665.0,non_english
,12536910.0,non_english
,12538729.0,non_english
,12539503.0,non_english
,12541214.0,non_english
,12542203.0,non_english
,12542795.0,non_english
,12543739.0,non_english
,12544555.0,non_english
,12544714.0,non_english
,12546629.0,non_english
,12549178.0,non_english
,12549510.0,non_english
,12558891.0,non_english
,12559147.0,non_english
,12560654.0,non_english
,12563249.0,non_english
,12568598.0,non_english
,12568918.0,non_english
,12569286.0,non_english
,12570779.0,non_english
,12571715.0,non_english
,12571929.0,non_english
,12571930.0,non_english
,12574439.0,non_english
,12574491.0,non_english
,12582273.0,non_english
,12583440.0,non_english
,12584193.0,non_english
,12588490.0,non_english
,12591898.0,non_english
,12594022.0,non_english
,12594168.0,non_english
,12595300.0,non_english
,12602030.0,non_english
,12608299.0,non_english
,12609711.0,non_english
,12609913.0,non_english
,12612741.0,non_english
,12614813.0,non_english
,12616070.0,non_english
,12620295.0,non_english
,12622628.0,non_english
,12624472.0,non_english
,12626750.0,non_english
,12630815.0,non_english
,12631347.0,non_english
,12631360.0,non_english
,12632522.0,non_english
,12634664.0,non_english
,12635090.0,non_english
,12635179.0,non_english
,12638703.0,non_english
,12640269.0,non_english
,12641543.0,non_english
,12641775.0,non_english
,12642877.0,non_english
,12642880.0,non_english
,12646762.0,non_english
,12646860.0,non_english
,12647951.0,non_english
,12649530.0,non_english
,12651094.0,non_english
,12653440.0,non_english
,12654882.0,non_english
,12655881.0,non_english
,12656472.0,non_english
,12656515.0,non_english
,12656625.0,non_english
,12663732.0,non_english
,12663821.0,non_english
,12664928.0,non_english
,12665066.0,non_english
,12668629.0,non_english
,12670161.0,non_english
,12673554.0,non_english
,12674068.0,non_english
,12675661.0,non_english
,12676064.0,non_english
,12676168.0,non_english
,12677897.0,non_english
,12678002.0,non_english
,12680499.0,non_english
,12681141.0,non_english
,12683280.0,non_english
,12683416.0,non_english
,12683617.0,non_english
,12684101.0,non_english
,12684404.0,non_english
,12686875.0,non_english
,12687193.0,non_english
,12689401.0,non_english
,12692916.0,non_english
,12693406.0,non_english
,12694826.0,non_english
,12696206.0,non_english
,12699918.0,non_english
,12700842.0,non_english
,12701508.0,non_english
,12702384.0,non_english
,12702823.0,non_english
,12704089.0,non_english
,12704571.0,non_english
,12711401.0,non_english
,12711495.0,non_english
,12712387.0,non_english
,12713885.0,non_english
,12715663.0,non_english
,12716259.0,non_english
,12716640.0,non_english
,12716879.0,non_english
,12718346.0,non_english
,12719857.0,non_english
,12720451.0,non_english
,12720693.0,non_english
,12722078.0,non_english
,12723460.0,non_english
,12725142.0,non_english
,12725200.0,non_english
,12725327.0,non_english
,12726948.0,non_english
,12727825.0,non_english
,12728286.0,non_english
,12732455.0,non_english
,12732520.0,non_english
,12732912.0,non_english
,12737912.0,non_english
,12739232.0,non_english
,12739236.0,non_english
,12741368.0,non_english
,12742470.0,non_english
,12744478.0,non_english
,12744575.0,non_english
,12745620.0,non_english
,12745721.0,non_english
,12745881.0,non_english
,12747713.0,non_english
,12748198.0,non_english
,12748485.0,non_english
,12748573.0,non_english
,12749566.0,non_english
,12751479.0,non_english
,12751499.0,non_english
,12752027.0,non_english
,12752227.0,non_english
,12753541.0,non_english
,12757232.0,non_english
,12757375.0,non_english
,12758327.0,non_english
,12758439.0,non_english
,12759819.0,non_english
,12762753.0,non_english
,12763311.0,non_english
,12763379.0,non_english
,12763897.0,non_english
,12764634.0,non_english
,12765340.0,non_english
,12766154.0,non_english
,12766742.0,non_english
,12769594.0,non_english
,12769942.0,non_english
,12772267.0,non_english
,12772885.0,non_english
,12773924.0,non_english
,12776745.0,non_english
,12777603.0,non_english
,12778392.0,non_english
,12778422.0,non_english
,12778896.0,non_english
,12779965.0,non_english
,12784605.0,non_english
,12786219.0,non_english
,12789614.0,non_english
,12789923.0,non_english
,12793171.0,non_english
,12793184.0,non_english
,12793224.0,non_english
,12793607.0,non_english
,12795812.0,non_english
,12798506.0,non_english
,12799470.0,non_english
,12800349.0,non_english
,12800381.0,non_english
,12800455.0,non_english
,12800595.0,non_english
,12800618.0,non_english
,12800950.0,non_english
,12801037.0,non_english
,12801961.0,non_english
,12802000.0,non_english
,12803168.0,non_english
,12803394.0,non_english
,12803496.0,non_english
,12803930.0,non_english
,12804517.0,non_english
,12805215.0,non_english
,12805347.0,non_english
,12806621.0,non_english
,12807125.0,non_english
,12807395.0,non_english
,12808670.0,non_english
,12808672.0,non_english
,12809592.0,non_english
,12809883.0,non_english
,12810690.0,non_english
,12815331.0,non_english
,12815851.0,non_english
,12816037.0,non_english
,12817222.0,non_english
,12818417.0,non_english
,12819097.0,non_english
,12820063.0,non_english
,12821292.0,non_english
,12823014.0,non_english
,12827180.0,non_english
,12827564.0,non_english
,12828703.0,non_english
,12829382.0,non_english
,12829753.0,non_english
,12832545.0,non_english
,12832621.0,non_english
,12832670.0,non_english
,12832857.0,non_english
,12834066.0,non_english
,12835161.0,non_english
,12835352.0,non_english
,12837573.0,non_english
,12839922.0,non_english
,12840306.0,non_english
,12841272.0,non_english
,12842361.0,non_english
,12843584.0,non_english
,12847936.0,non_english
,12849251.0,non_english
,12849315.0,non_english
,12849505.0,non_english
,12851944.0,non_english
,12854946.0,non_english
,12855428.0,non_english
,12855596.0,non_english
,12862456.0,non_english
,12863821.0,non_english
,12863851.0,non_english
,12864091.0,non_english
,12864574.0,non_english
,12865049.0,non_english
,12865986.0,non_english
,12866618.0,non_english
,12867797.0,non_english
,12871623.0,non_english
,12871890.0,non_english
,12872257.0,non_english
,12872363.0,non_english
,12874999.0,non_english
,12876900.0,non_english
,12880229.0,non_english
,12880835.0,non_english
,12882159.0,non_english
,12882820.0,non_english
,12885937.0,non_english
,12887609.0,non_english
,12887935.0,non_english
,12891285.0,non_english
,12892140.0,non_english
,12897255.0,non_english
,12898792.0,non_english
,12898981.0,non_english
,12901114.0,non_english
,12901172.0,non_english
,12902546.0,non_english
,12902970.0,non_english
,12902979.0,non_english
,12903369.0,non_english
,12904029.0,non_english
,12904420.0,non_english
,12904690.0,non_english
,12904770.0,non_english
,12905261.0,non_english
,12905304.0,non_english
,12905506.0,non_english
,12905886.0,non_english
,12905911.0,non_english
,12905983.0,non_english
,12906482.0,non_english
,12906505.0,non_english
,12907231.0,non_english
,12907943.0,non_english
,12908063.0,non_english
,12908216.0,non_english
,12908516.0,non_english
,12909004.0,non_english
,12909173.0,non_english
,12909908.0,non_english
,12910215.0,non_english
,12910306.0,non_english
,12910339.0,non_english
,12911180.0,non_english
,12911589.0,non_english
,12911922.0,non_english
,12911981.0,non_english
,12912904.0,non_english
,12913444.0,non_english
,12913810.0,non_english
,12914372.0,non_english
,12914689.0,non_english
,12915595.0,non_english
,12916497.0,non_english
,12917061.0,non_english
,12917228.0,non_english
,12917596.0,non_english
,12917720.0,non_english
,12918300.0,non_english
,12918945.0,non_english
,12920030.0,non_english
,12920238.0,non_english
,12920694.0,non_english
,12921290.0,non_english
,12921692.0,non_english
,12922292.0,non_english
,12923021.0,non_english
,12923810.0,non_english
,12924052.0,non_english
,12924133.0,non_english
,12924504.0,non_english
,12924648.0,non_english
,12924999.0,non_english
,12925321.0,non_english
,12925375.0,non_english
,12925633.0,non_english
,12925852.0,non_english
,12925962.0,non_english
,12926154.0,non_english
,12926342.0,non_english
,12926602.0,non_english
,12926900.0,non_english
,12927130.0,non_english
,12927620.0,non_english
,12927658.0,non_english
,12927964.0,non_english
,12928124.0,non_english
,12929535.0,non_english
,12929893.0,non_english
,12929952.0,non_english
,12930607.0,non_english
,12930806.0,non_english
,12931183.0,non_english
,12931268.0,non_english
,12933313.0,non_english
,12934285.0,non_english
,12935980.0,non_english
,12936487.0,non_english
,12936597.0,non_english
,12936626.0,non_english
,12937897.0,non_english
,12938649.0,non_english
,12939746.0,non_english
,12939771.0,non_english
,12942659.0,non_english
,12943128.0,non_english
,12944020.0,non_english
,12944090.0,non_english
,12944140.0,non_english
,12945121.0,non_english
,12945206.0,non_english
,12946636.0,non_english
,12946695.0,non_english
,12946786.0,non_english
,12947920.0,non_english
,12948370.0,non_english
,12949969.0,non_english
,12954219.0,non_english
,12954732.0,non_english
,12956256.0,non_english
,12957362.0,non_english
,12966844.0,non_english
,12970991.0,non_english
,12972166.0,non_english
,12972726.0,non_english
,12973634.0,non_english
,12975377.0,non_english
,12975577.0,non_english
,12979007.0,non_english
,12981510.0,non_english
,12984239.0,non_english
,12984604.0,non_english
,12989667.0,non_english
,12990776.0,non_english
,12991882.0,non_english
,12997517.0,non_english
,12997796.0,non_english
,12998334.0,non_english
,12999632.0,non_english
,13001284.0,non_english
,13001835.0,non_english
,13002669.0,non_english
,13003050.0,non_english
,13003337.0,non_english
,13003499.0,non_english
,13004004.0,non_english
,13004534.0,non_english
,13004617.0,non_english
,13006060.0,non_english
,13006844.0,non_english
,13006905.0,non_english
,13009911.0,non_english
,13010115.0,non_english
,13012005.0,non_english
,13014236.0,non_english
,13014434.0,non_english
,13014435.0,non_english
,13014701.0,non_english
,13014758.0,non_english
,13016738.0,non_english
,13017616.0,non_english
,13017746.0,non_english
,13019047.0,non_english
,13019205.0,non_english
,13019321.0,non_english
,13021062.0,non_english
,13021509.0,non_english
,13022374.0,non_english
,13024149.0,non_english
,13024466.0,non_english
,13026973.0,non_english
,13027211.0,non_english
,13027414.0,non_english
,13029829.0,non_english
,13030935.0,non_english
,13031954.0,non_english
,13032336.0,non_english
,13033405.0,non_english
,13034640.0,non_english
,13037234.0,non_english
,13038008.0,non_english
,13038053.0,non_english
,13039211.0,non_english
,13040470.0,non_english
,13041940.0,non_english
,13042070.0,non_english
,13042123.0,non_english
,13042188.0,non_english
,13043611.0,non_english
,13043642.0,non_english
,13044909.0,non_english
,13044910.0,non_english
,13045020.0,non_english
,13045645.0,non_english
,13045904.0,non_english
,13046406.0,non_english
,13049618.0,non_english
,13049953.0,non_english
,13050317.0,non_english
,13050429.0,non_english
,13050605.0,non_english
,13051686.0,non_english
,13054347.0,non_english
,13055311.0,non_english
,13055370.0,non_english
,13055980.0,non_english
,13056095.0,non_english
,13058439.0,non_english
,13058440.0,non_english
,13059383.0,non_english
,13060838.0,non_english
,13062634.0,non_english
,13064257.0,non_english
,13065231.0,non_english
,13066032.0,non_english
,13066428.0,non_english
,13067444.0,non_english
,13067826.0,non_english
,13068386.0,non_english
,13069277.0,non_english
,13069783.0,non_english
,13071621.0,non_english
,13073297.0,non_english
,13076618.0,non_english
,13078152.0,non_english
,13079130.0,non_english
,13080779.0,non_english
,13081900.0,non_english
,13082265.0,non_english
,13085001.0,non_english
,13087473.0,non_english
,13087692.0,non_english
,13088145.0,non_english
,13088484.0,non_english
,13088755.0,non_english
,13088827.0,non_english
,13088928.0,non_english
,13090279.0,non_english
,13091019.0,non_english
,13092842.0,non_english
,13093027.0,non_english
,13093578.0,non_english
,13093579.0,non_english
,13093647.0,non_english
,13093677.0,non_english
,13094374.0,non_english
,13094417.0,non_english
,13096555.0,non_english
,13096950.0,non_english
,13098127.0,non_english
,13099075.0,non_english
,13101056.0,non_english
,13101061.0,non_english
,13101062.0,non_english
,13101254.0,non_english
,13101275.0,non_english
,13101280.0,non_english
,13102411.0,non_english
,13103191.0,non_english
,13103628.0,non_english
,13103693.0,non_english
,13105036.0,non_english
,13105465.0,non_english
,13106484.0,non_english
,13107413.0,non_english
,13107943.0,non_english
,13108867.0,non_english
,13108871.0,non_english
,13108975.0,non_english
,13109543.0,non_english
,13110192.0,non_english
,13110788.0,non_english
,13111842.0,non_english
,13112748.0,non_english
,13113039.0,non_english
,13116853.0,non_english
,13118502.0,non_english
,13118965.0,non_english
,13119997.0,non_english
,13120510.0,non_english
,13120627.0,non_english
,13121533.0,non_english
,13121620.0,non_english
,13124900.0,non_english
,13125095.0,non_english
,13125363.0,non_english
,13125387.0,non_english
,13126683.0,non_english
,13127453.0,non_english
,13127656.0,non_english
,13129600.0,non_english
,13130120.0,non_english
,13130807.0,non_english
,13130865.0,non_english
,13131366.0,non_english
,13131679.0,non_english
,13131759.0,non_english
,13132583.0,non_english
,13132796.0,non_english
,13133184.0,non_english
,13134341.0,non_english
,13135293.0,non_english
,13135641.0,non_english
,13136184.0,non_english
,13136761.0,non_english
,13137103.0,non_english
,13137612.0,non_english
,13137618.0,non_english
,13139220.0,non_english
,13139543.0,non_english
,13140608.0,non_english
,13140869.0,non_english
,13141127.0,non_english
,13141900.0,non_english
,13142011.0,non_english
,13142102.0,non_english
,13142504.0,non_english
,13142641.0,non_english
,13142755.0,non_english
,13142796.0,non_english
,13144410.0,non_english
,13144874.0,non_english
,13148443.0,non_english
,13149243.0,non_english
,13149414.0,non_english
,13149484.0,non_english
,13149598.0,non_english
,13150284.0,non_english
,13151270.0,non_english
,13151326.0,non_english
,13151354.0,non_english
,13151377.0,non_english
,13151502.0,non_english
,13152151.0,non_english
,13152630.0,non_english
,13153022.0,non_english
,13154456.0,non_english
,13154678.0,non_english
,13154995.0,non_english
,13155164.0,non_english
,13155250.0,non_english
,13155835.0,non_english
,13156385.0,non_english
,13156389.0,non_english
,13157312.0,non_english
,13158529.0,non_english
,13158843.0,non_english
,13158952.0,non_english
,13159413.0,non_english
,13159894.0,non_english
,13160414.0,non_english
,13160799.0,non_english
,13160805.0,non_english
,13161360.0,non_english
,13161530.0,non_english
,13161888.0,non_english
,13163000.0,non_english
,13164458.0,non_english
,13164470.0,non_english
,13164483.0,non_english
,13164559.0,non_english
,13165354.0,non_english
,13165830.0,non_english
,13166105.0,non_english
,13166162.0,non_english
,13167253.0,non_english
,13167933.0,non_english
,13168291.0,non_english
,13168470.0,non_english
,13168763.0,non_english
,13169356.0,non_english
,13172444.0,non_english
,13172584.0,non_english
,13172665.0,non_english
,13173590.0,non_english
,13173647.0,non_english
,13174209.0,non_english
,13174438.0,non_english
,13175259.0,non_english
,13176596.0,non_english
,13176639.0,non_english
,13176882.0,non_english
,13177025.0,non_english
,13177418.0,non_english
,13177719.0,non_english
,13178345.0,non_english
,13179712.0,non_english
,13179924.0,non_english
,13180450.0,non_english
,13181350.0,non_english
,13181503.0,non_english
,13182860.0,non_english
,13183177.0,non_english
,13183473.0,non_english
,13183775.0,non_english
,13184013.0,non_english
,13184477.0,non_english
,13184903.0,non_english
,13185838.0,non_english
,13187546.0,non_english
,13188275.0,non_english
,13189716.0,non_english
,13190157.0,non_english
,13190423.0,non_english
,13190454.0,non_english
,13191328.0,non_english
,13191879.0,non_english
,13192046.0,non_english
,13192146.0,non_english
,13192215.0,non_english
,13192618.0,non_english
,13195472.0,non_english
,13195502.0,non_english
,13195575.0,non_english
,13196285.0,non_english
,13197197.0,non_english
,13200167.0,non_english
,13200605.0,non_english
,13201595.0,non_english
,13202748.0,non_english
,13203333.0,non_english
,13205958.0,non_english
,13206490.0,non_english
,13206674.0,non_english
,13207995.0,non_english
,13210223.0,non_english
,13210672.0,non_english
,13211099.0,non_english
,13213843.0,non_english
,13217983.0,non_english
,13220498.0,non_english
,13221370.0,non_english
,13222301.0,non_english
,13222992.0,non_english
,13223201.0,non_english
,13223573.0,non_english
,13223997.0,non_english
,13224177.0,non_english
,13225742.0,non_english
,13229285.0,non_english
,13230030.0,non_english
,13230206.0,non_english
,13231362.0,non_english
,13232829.0,non_english
,13233192.0,non_english
,13233793.0,non_english
,13236197.0,non_english
,13236889.0,non_english
,13237646.0,non_english
,13237738.0,non_english
,13238311.0,non_english
,13238666.0,non_english
,13241133.0,non_english
,13243198.0,non_english
,13243716.0,non_english
,13244114.0,non_english
,13244333.0,non_english
,13244541.0,non_english
,13244661.0,non_english
,13245680.0,non_english
,13245723.0,non_english
,13249057.0,non_english
,13249117.0,non_english
,13249223.0,non_english
,13249421.0,non_english
,13249668.0,non_english
,13251603.0,non_english
,13251877.0,non_english
,13253715.0,non_english
,13256187.0,non_english
,13256321.0,non_english
,13256431.0,non_english
,13258460.0,non_english
,13258826.0,non_english
,13259672.0,non_english
,13260197.0,non_english
,13262181.0,non_english
,13262299.0,non_english
,13262452.0,non_english
,13263214.0,non_english
,13263462.0,non_english
,13263503.0,non_english
,13263554.0,non_english
,13265452.0,non_english
,13267825.0,non_english
,13269305.0,non_english
,13270182.0,non_english
,13270570.0,non_english
,13270844.0,non_english
,13271188.0,non_english
,13271452.0,non_english
,13271797.0,non_english
,13271851.0,non_english
,13272094.0,non_english
,13275848.0,non_english
,13276178.0,non_english
,13276434.0,non_english
,13277302.0,non_english
,13277552.0,non_english
,13277673.0,non_english
,13278005.0,non_english
,13278524.0,non_english
,13279112.0,non_english
,13280895.0,non_english
,13281980.0,non_english
,13282073.0,non_english
,13283398.0,non_english
,13283801.0,non_english
,13284214.0,non_english
,13287064.0,non_english
,13288267.0,non_english
,13289001.0,non_english
,13290735.0,non_english
,13291164.0,non_english
,13291702.0,non_english
,13293796.0,non_english
,13295212.0,non_english
,13295374.0,non_english
,13296496.0,non_english
,13296998.0,non_english
,13299296.0,non_english
,13300359.0,non_english
,13300404.0,non_english
,13300897.0,non_english
,13301360.0,non_english
,13302368.0,non_english
,13303456.0,non_english
,13304558.0,non_english
,13304689.0,non_english
,13305052.0,non_english
,13305129.0,non_english
,13305698.0,non_english
,13305925.0,non_english
,13306672.0,non_english
,13306746.0,non_english
,13306917.0,non_english
,13307162.0,non_english
,13308303.0,non_english
,13308671.0,non_english
,13309118.0,non_english
,13310085.0,non_english
,13310732.0,non_english
,13311342.0,non_english
,13311415.0,non_english
,13313210.0,non_english
,13313526.0,non_english
,13313642.0,non_english
,13314096.0,non_english
,13314414.0,non_english
,13314569.0,non_english
,13316272.0,non_english
,13316328.0,non_english
,13316601.0,non_english
,13317059.0,non_english
,13317917.0,non_english
,13318584.0,non_english
,13322682.0,non_english
,13322906.0,non_english
,13322924.0,non_english
,13323999.0,non_english
,13324124.0,non_english
,13324279.0,non_english
,13326117.0,non_english
,13327632.0,non_english
,13328935.0,non_english
,13330003.0,non_english
,13330314.0,non_english
,13331278.0,non_english
,13331755.0,non_english
,13332719.0,non_english
,13334476.0,non_english
,13334630.0,non_english
,13335762.0,non_english
,13336111.0,non_english
,13336458.0,non_english
,13337299.0,non_english
,13337912.0,non_english
,13338853.0,non_english
,13339232.0,non_english
,13339246.0,non_english
,13339281.0,non_english
,13339495.0,non_english
,13339781.0,non_english
,13339960.0,non_english
,13340009.0,non_english
,13342110.0,non_english
,13342393.0,non_english
,13343411.0,non_english
,13343984.0,non_english
,13344047.0,non_english
,13344086.0,non_english
,13344322.0,non_english
,13344349.0,non_english
,13344583.0,non_english
,13344683.0,non_english
,13345590.0,non_english
,13346933.0,non_english
,13347046.0,non_english
,13347060.0,non_english
,13347346.0,non_english
,13347526.0,non_english
,13347579.0,non_english
,13347639.0,non_english
,13347642.0,non_english
,13347788.0,non_english
,13347889.0,non_english
,13348638.0,non_english
,13348657.0,non_english
,13348760.0,non_english
,13348927.0,non_english
,13348949.0,non_english
,13349770.0,non_english
,13352131.0,non_english
,13352155.0,non_english
,13352660.0,non_english
,13353554.0,non_english
,13353802.0,non_english
,13354027.0,non_english
,13355013.0,non_english
,13355984.0,non_english
,13356343.0,non_english
,13356567.0,non_english
,13357099.0,non_english
,13357156.0,non_english
,13357364.0,non_english
,13357571.0,non_english
,13357930.0,non_english
,13358330.0,non_english
,13359099.0,non_english
,13359175.0,non_english
,13359238.0,non_english
,13359614.0,non_english
,13360278.0,non_english
,13360345.0,non_english
,13360928.0,non_english
,13360972.0,non_english
,13361615.0,non_english
,13361882.0,non_english
,13363122.0,non_english
,13363141.0,non_english
,13363372.0,non_english
,13363654.0,non_english
,13364740.0,non_english
,13364963.0,non_english
,13365041.0,non_english
,13365808.0,non_english
,13366065.0,non_english
,13366140.0,non_english
,13366254.0,non_english
,13366396.0,non_english
,13368207.0,non_english
,13369465.0,non_english
,13369657.0,non_english
,13369729.0,non_english
,13370226.0,non_english
,13370587.0,non_english
,13370828.0,non_english
,13370872.0,non_english
,13371175.0,non_english
,13371275.0,non_english
,13372361.0,non_english
,13372362.0,non_english
,13373352.0,non_english
,13373454.0,non_english
,13373998.0,non_english
,13374114.0,non_english
,13374680.0,non_english
,13374986.0,non_english
,13375136.0,non_english
,13375844.0,non_english
,13375861.0,non_english
,13376242.0,non_english
,13376944.0,non_english
,13377286.0,non_english
,13377331.0,non_english
,13378543.0,non_english
,13378610.0,non_english
,13378825.0,non_english
,13378988.0,non_english
,13379398.0,non_english
,13379513.0,non_english
,13380054.0,non_english
,13380428.0,non_english
,13380655.0,non_english
,13381443.0,non_english
,13381554.0,non_english
,13381843.0,non_english
,13381905.0,non_english
,13382080.0,non_english
,13382343.0,non_english
,13383370.0,non_english
,13384205.0,non_english
,13384246.0,non_english
,13384792.0,non_english
,13385185.0,non_english
,13385747.0,non_english
,13386508.0,non_english
,13386982.0,non_english
,13387111.0,non_english
,13387698.0,non_english
,13387848.0,non_english
,13388120.0,non_english
,13388472.0,non_english
,13388658.0,non_english
,13388757.0,non_english
,13388998.0,non_english
,13389074.0,non_english
,13389278.0,non_english
,13389374.0,non_english
,13389545.0,non_english
,13389599.0,non_english
,13389643.0,non_english
,13391761.0,non_english
,13391857.0,non_english
,13392575.0,non_english
,13392768.0,non_english
,13392883.0,non_english
,13393281.0,non_english
,13393379.0,non_english
,13394544.0,non_english
,13394621.0,non_english
,13394821.0,non_english
,13395337.0,non_english
,13396602.0,non_english
,13396821.0,non_english
,13396854.0,non_english
,13396875.0,non_english
,13397133.0,non_english
,13398584.0,non_english
,13398595.0,non_english
,13399932.0,non_english
,13400391.0,non_english
,13401054.0,non_english
,13401274.0,non_english
,13401306.0,non_english
,13401358.0,non_english
,13403472.0,non_english
,13404137.0,non_english
,13405379.0,non_english
,13405823.0,non_english
,13405901.0,non_english
,13407427.0,non_english
,13407506.0,non_english
,13408690.0,non_english
,13408692.0,non_english
,13408894.0,non_english
,13409368.0,non_english
,13411185.0,non_english
,13412118.0,non_english
,13412453.0,non_english
,13412535.0,non_english
,13414288.0,non_english
,13415194.0,non_english
,13415230.0,non_english
,13415623.0,non_english
,13415948.0,non_english
,13415971.0,non_english
,13416136.0,non_english
,13416403.0,non_english
,13416561.0,non_english
,13417232.0,non_english
,13417444.0,non_english
,13417804.0,non_english
,13418870.0,non_english
,13420326.0,non_english
,13420536.0,non_english
,13420638.0,non_english
,13420654.0,non_english
,13420791.0,non_english
,13421669.0,non_english
,13422115.0,non_english
,13422788.0,non_english
,13423232.0,non_english
,13423466.0,non_english
,13428566.0,non_english
,13428687.0,non_english
,13429822.0,non_english
,13430468.0,non_english
,13430669.0,non_english
,13430676.0,non_english
,13431406.0,non_english
,13431492.0,non_english
,13431576.0,non_english
,13431653.0,non_english
,13431943.0,non_english
,13432162.0,non_english
,13432255.0,non_english
,13432638.0,non_english
,13433131.0,non_english
,13434058.0,non_english
,13434631.0,non_english
,13434900.0,non_english
,13435211.0,non_english
,13435535.0,non_english
,13436332.0,non_english
,13436338.0,non_english
,13436779.0,non_english
,13437539.0,non_english
,13437716.0,non_english
,13438899.0,non_english
,13439515.0,non_english
,13439707.0,non_english
,13439795.0,non_english
,13439903.0,non_english
,13440476.0,non_english
,13440838.0,non_english
,13441321.0,non_english
,13441640.0,non_english
,13441988.0,non_english
,13442166.0,non_english
,13443193.0,non_english
,13443916.0,non_english
,13444126.0,non_english
,13444636.0,non_english
,13445468.0,non_english
,13445727.0,non_english
,13447448.0,non_english
,13447532.0,non_english
,13448149.0,non_english
,13448799.0,non_english
,13448930.0,non_english
,13449750.0,non_english
,13449751.0,non_english
,13450668.0,non_english
,13450733.0,non_english
,13451040.0,non_english
,13451054.0,non_english
,13453377.0,non_english
,13453409.0,non_english
,13454197.0,non_english
,13454764.0,non_english
,13454839.0,non_english
,13455704.0,non_english
,13455991.0,non_english
,13456192.0,non_english
,13457673.0,non_english
,13459290.0,non_english
,13459308.0,non_english
,13459582.0,non_english
,13461798.0,non_english
,13462587.0,non_english
,13463250.0,non_english
,13463735.0,non_english
,13465652.0,non_english
,13465818.0,non_english
,13466165.0,non_english
,13466645.0,non_english
,13467493.0,non_english
,13467554.0,non_english
,13468167.0,non_english
,13468221.0,non_english
,13468290.0,non_english
,13469490.0,non_english
,13470125.0,non_english
,13470232.0,non_english
,13470419.0,non_english
,13471052.0,non_english
,13471234.0,non_english
,13471341.0,non_english
,13471741.0,non_english
,13472849.0,non_english
,13473046.0,non_english
,13473147.0,non_english
,13473250.0,non_english
,13473856.0,non_english
,13474810.0,non_english
,13474999.0,non_english
,13475109.0,non_english
,13475348.0,non_english
,13475373.0,non_english
,13476042.0,non_english
,13476452.0,non_english
,13477068.0,non_english
,13479142.0,non_english
,13480010.0,non_english
,13480288.0,non_english
,13480555.0,non_english
,13480746.0,non_english
,13480757.0,non_english
,13481070.0,non_english
,13481184.0,non_english
,13481545.0,non_english
,13482121.0,non_english
,13483035.0,non_english
,13483615.0,non_english
,13484512.0,non_english
,13484567.0,non_english
,13485097.0,non_english
,13486242.0,non_english
,13486313.0,non_english
,13486381.0,non_english
,13486652.0,non_english
,13486684.0,non_english
,13486753.0,non_english
,13487360.0,non_english
,13487538.0,non_english
,13488832.0,non_english
,13489041.0,non_english
,13489545.0,non_english
,13489565.0,non_english
,13490678.0,non_english
,13491540.0,non_english
,13492286.0,non_english
,13492428.0,non_english
,13492447.0,non_english
,13493265.0,non_english
,13494059.0,non_english
,13494309.0,non_english
,13494670.0,non_english
,13494834.0,non_english
,13494845.0,non_english
,13495002.0,non_english
,13495116.0,non_english
,13495200.0,non_english
,13495383.0,non_english
,13496098.0,non_english
,13496200.0,non_english
,13496286.0,non_english
,13496563.0,non_english
,13496981.0,non_english
,13497788.0,non_english
,13498269.0,non_english
,13498273.0,non_english
,13498528.0,non_english
,13498566.0,non_english
,13498820.0,non_english
,13499926.0,non_english
,13501534.0,non_english
,13503306.0,non_english
,13504263.0,non_english
,13504590.0,non_english
,13506363.0,non_english
,13506859.0,non_english
,13507136.0,non_english
,13508236.0,non_english
,13509196.0,non_english
,13510783.0,non_english
,13511144.0,non_english
,13511149.0,non_english
,13511257.0,non_english
,13511813.0,non_english
,13511938.0,non_english
,13512547.0,non_english
,13513943.0,non_english
,13514589.0,non_english
,13515041.0,non_english
,13515502.0,non_english
,13516262.0,non_english
,13516382.0,non_english
,13516537.0,non_english
,13516670.0,non_english
,13516814.0,non_english
,13517529.0,non_english
,13517713.0,non_english
,13519103.0,non_english
,13520854.0,non_english
,13521056.0,non_english
,13521357.0,non_english
,13522481.0,non_english
,13524207.0,non_english
,13524375.0,non_english
,13524478.0,non_english
,13524580.0,non_english
,13525206.0,non_english
,13526745.0,non_english
,13527909.0,non_english
,13530282.0,non_english
,13531180.0,non_english
,13531319.0,non_english
,13532339.0,non_english
,13532375.0,non_english
,13532844.0,non_english
,13533679.0,non_english
,13534636.0,non_english
,13534967.0,non_english
,13535582.0,non_english
,13535718.0,non_english
,13535766.0,non_english
,13536003.0,non_english
,13536922.0,non_english
,13536928.0,non_english
,13537118.0,non_english
,13537568.0,non_english
,13537885.0,non_english
,13538281.0,non_english
,13538285.0,non_english
,13538574.0,non_english
,13539945.0,non_english
,13541558.0,non_english
,13542514.0,non_english
,13543637.0,non_english
,13544738.0,non_english
,13545060.0,non_english
,13545754.0,non_english
,13545984.0,non_english
,13546211.0,non_english
,13546238.0,non_english
,13547150.0,non_english
,13547227.0,non_english
,13548676.0,non_english
,13549059.0,non_english
,13549149.0,non_english
,13549923.0,non_english
,13549930.0,non_english
,13549954.0,non_english
,13549974.0,non_english
,13550056.0,non_english
,13550140.0,non_english
,13550654.0,non_english
,13550700.0,non_english
,13550870.0,non_english
,13551486.0,non_english
,13551903.0,non_english
,13551978.0,non_english
,13554288.0,non_english
,13554412.0,non_english
,13554722.0,non_english
,13554891.0,non_english
,13555942.0,non_english
,13555952.0,non_english
,13556080.0,non_english
,13557119.0,non_english
,13557169.0,non_english
,13557330.0,non_english
,13557680.0,non_english
,13559175.0,non_english
,13559475.0,non_english
,13559953.0,non_english
,13559990.0,non_english
,13560171.0,non_english
,13560225.0,non_english
,13560499.0,non_english
,13561171.0,non_english
,13562402.0,non_english
,13562683.0,non_english
,13563060.0,non_english
,13563957.0,non_english
,13564000.0,non_english
,13564189.0,non_english
,13564247.0,non_english
,13564257.0,non_english
,13565004.0,non_english
,13566416.0,non_english
,13567103.0,non_english
,13567178.0,non_english
,13567839.0,non_english
,13568863.0,non_english
,13569475.0,non_english
,13569623.0,non_english
,13569733.0,non_english
,13570468.0,non_english
,13570644.0,non_english
,13571238.0,non_english
,13571319.0,non_english
,13571449.0,non_english
,13571976.0,non_english
,13572024.0,non_english
,13572036.0,non_english
,13575489.0,non_english
,13576359.0,non_english
,13577861.0,non_english
,13579236.0,non_english
,13580157.0,non_english
,13581476.0,non_english
,13582767.0,non_english
,13583297.0,non_english
,13584637.0,non_english
,13585059.0,non_english
,13587306.0,non_english
,13588575.0,non_english
,13588594.0,non_english
,13590959.0,non_english
,13591118.0,non_english
,13591596.0,non_english
,13593179.0,non_english
,13593880.0,non_english
,13595294.0,non_english
,13597115.0,non_english
,13597790.0,non_english
,13598023.0,non_english
,13598072.0,non_english
,13598783.0,non_english
,13606491.0,non_english
,13608513.0,non_english
,13609028.0,non_english
,13609654.0,non_english
,13610108.0,non_english
,13610837.0,non_english
,13615048.0,non_english
,13615670.0,non_english
,13618020.0,non_english
,13619771.0,non_english
,13620956.0,non_english
,13621173.0,non_english
,13621367.0,non_english
,13621797.0,non_english
,13622532.0,non_english
,13622856.0,non_english
,13622902.0,non_english
,13623759.0,non_english
,13624157.0,non_english
,13624229.0,non_english
,13624242.0,non_english
,13624950.0,non_english
,13625097.0,non_english
,13625235.0,non_english
,13625363.0,non_english
,13625414.0,non_english
,13629311.0,non_english
,13631787.0,non_english
,13632210.0,non_english
,13632841.0,non_english
,13633684.0,non_english
,13634425.0,non_english
,13635064.0,non_english
,13636328.0,non_english
,13637445.0,non_english
,13637578.0,non_english
,13638909.0,non_english
,13642117.0,non_english
,13643520.0,non_english
,13643841.0,non_english
,13644085.0,non_english
,13644251.0,non_english
,13645425.0,non_english
,13646943.0,non_english
,13648500.0,non_english
,13648643.0,non_english
,13648839.0,non_english
,13649601.0,non_english
,13649765.0,non_english
,13649803.0,non_english
,13650731.0,non_english
,13651355.0,non_english
,13651613.0,non_english
,13652038.0,non_english
,13655862.0,non_english
,13656072.0,non_english
,13656572.0,non_english
,13656588.0,non_english
,13659178.0,non_english
,13660773.0,non_english
,13661061.0,non_english
,13662245.0,non_english
,13662980.0,non_english
,13664409.0,non_english
,13664410.0,non_english
,13664598.0,non_english
,13664969.0,non_english
,13666273.0,non_english
,13669101.0,non_english
,13669136.0,non_english
,13669422.0,non_english
,13671317.0,non_english
,13672141.0,non_english
,13672216.0,non_english
,13672260.0,non_english
,13672324.0,non_english
,13672344.0,non_english
,13672352.0,non_english
,13672364.0,non_english
,13672410.0,non_english
,13672411.0,non_english
,13672445.0,non_english
,13672473.0,non_english
,13672557.0,non_english
,13672730.0,non_english
,13672737.0,non_english
,13672867.0,non_english
,13672896.0,non_english
,13672982.0,non_english
,13673065.0,non_english
,13673081.0,non_english
,13673172.0,non_english
,13673177.0,non_english
,13673236.0,non_english
,13673319.0,non_english
,13673377.0,non_english
,13673397.0,non_english
,13673423.0,non_english
,13673510.0,non_english
,13673725.0,non_english
,13673745.0,non_english
,13675132.0,non_english
,13676387.0,non_english
,13677261.0,non_english
,13677759.0,non_english
,13680153.0,non_english
,13680929.0,non_english
,13684306.0,non_english
,13684511.0,non_english
,13684649.0,non_english
,13685507.0,non_english
,13686477.0,non_english
,13686706.0,non_english
,13687130.0,non_english
,13687768.0,non_english
,13689007.0,non_english
,13689788.0,non_english
,13690460.0,non_english
,13690563.0,non_english
,13691349.0,non_english
,13692248.0,non_english
,13693591.0,non_english
,13694175.0,non_english
,13694767.0,non_english
,13695059.0,non_english
,13695206.0,non_english
,13695244.0,non_english
,13695616.0,non_english
,13696297.0,non_english
,13697303.0,non_english
,13698003.0,non_english
,13698093.0,non_english
,13698814.0,non_english
,13702243.0,non_english
,13703305.0,non_english
,13704319.0,non_english
,13704353.0,non_english
,13704823.0,non_english
,13705684.0,non_english
,13705800.0,non_english
,13707449.0,non_english
,13709073.0,non_english
,13709582.0,non_english
,13709793.0,non_english
,13710068.0,non_english
,13710912.0,non_english
,13712248.0,non_english
,13712807.0,non_english
,13713837.0,non_english
,13714085.0,non_english
,13714653.0,non_english
,13716691.0,non_english
,13717894.0,non_english
,13718155.0,non_english
,13718774.0,non_english
,13719046.0,non_english
,13719221.0,non_english
,13719430.0,non_english
,13722658.0,non_english
,13722713.0,non_english
,13722755.0,non_english
,13722925.0,non_english
,13724019.0,non_english
,13724433.0,non_english
,13724826.0,non_english
,13725197.0,non_english
,13725535.0,non_english
,13725606.0,non_english
,13725888.0,non_english
,13727110.0,non_english
,13727448.0,non_english
,13727651.0,non_english
,13727660.0,non_english
,13728383.0,non_english
,13728982.0,non_english
,13729492.0,non_english
,13730127.0,non_english
,13730449.0,non_english
,13731270.0,non_english
,13732287.0,non_english
,13732767.0,non_english
,13734282.0,non_english
,13735860.0,non_english
,13738879.0,non_english
,13740055.0,non_english
,13740121.0,non_english
,13742987.0,non_english
,13744451.0,non_english
,13744746.0,non_english
,13745757.0,non_english
,13745919.0,non_english
,13745966.0,non_english
,13749022.0,non_english
,13749402.0,non_english
,13749701.0,non_english
,13749926.0,non_english
,13750406.0,non_english
,13750551.0,non_english
,13750876.0,non_english
,13752855.0,non_english
,13752927.0,non_english
,13753893.0,non_english
,13756888.0,non_english
,13757730.0,non_english
,13758249.0,non_english
,13758700.0,non_english
,13759003.0,non_english
,13759228.0,non_english
,13759600.0,non_english
,13759687.0,non_english
,13759847.0,non_english
,13761301.0,non_english
,13761312.0,non_english
,13761606.0,non_english
,13762066.0,non_english
,13762821.0,non_english
,13763131.0,non_english
,13763484.0,non_english
,13764162.0,non_english
,13764300.0,non_english
,13764365.0,non_english
,13765121.0,non_english
,13765273.0,non_english
,13766685.0,non_english
,13767612.0,non_english
,13768516.0,non_english
,13769128.0,non_english
,13769435.0,non_english
,13769997.0,non_english
,13771613.0,non_english
,13772208.0,non_english
,13773503.0,non_english
,13774029.0,non_english
,13774256.0,non_english
,13776505.0,non_english
,13780892.0,non_english
,13781322.0,non_english
,13781478.0,non_english
,13782267.0,non_english
,13783430.0,non_english
,13784244.0,non_english
,13786617.0,non_english
,13789519.0,non_english
,13789577.0,non_english
,13789801.0,non_english
,13790227.0,non_english
,13790357.0,non_english
,13790508.0,non_english
,13791523.0,non_english
,13793360.0,non_english
,13794813.0,non_english
,13798564.0,non_english
,13799192.0,non_english
,13799991.0,non_english
,13800708.0,non_english
,13801556.0,non_english
,13802019.0,non_english
,13803081.0,non_english
,13803708.0,non_english
,13804571.0,non_english
,13805435.0,non_english
,13806629.0,non_english
,13806798.0,non_english
,13807401.0,non_english
,13807602.0,non_english
,13808361.0,non_english
,13810554.0,non_english
,13810657.0,non_english
,13810833.0,non_english
,13813490.0,non_english
,13814418.0,non_english
,13814786.0,non_english
,13815701.0,non_english
,13815813.0,non_english
,13816960.0,non_english
,13820770.0,non_english
,13823879.0,non_english
,13824478.0,non_english
,13826188.0,non_english
,13826223.0,non_english
,13829249.0,non_english
,13829335.0,non_english
,13830030.0,non_english
,13830128.0,non_english
,13831004.0,non_english
,13831063.0,non_english
,13831714.0,non_english
,13832739.0,non_english
,13833213.0,non_english
,13836149.0,non_english
,13838617.0,non_english
,13838694.0,non_english
,13839084.0,non_english
,13840971.0,non_english
,13841403.0,non_english
,13843608.0,non_english
,13844899.0,non_english
,13844924.0,non_english
,13845731.0,non_english
,13847010.0,non_english
,13848884.0,non_english
,13849921.0,non_english
,13851121.0,non_english
,13851758.0,non_english
,13851900.0,non_english
,13852393.0,non_english
,13853919.0,non_english
,13854812.0,non_english
,13855126.0,non_english
,13855759.0,non_english
,13857316.0,non_english
,13858815.0,non_english
,13859933.0,non_english
,13860427.0,non_english
,13861469.0,non_english
,13861541.0,non_english
,13862529.0,non_english
,13862916.0,non_english
,13866350.0,non_english
,13866847.0,non_english
,13867513.0,non_english
,13872543.0,non_english
,13872922.0,non_english
,13875315.0,non_english
,13875730.0,non_english
,13876373.0,non_english
,13876887.0,non_english
,13878177.0,non_english
,13878719.0,non_english
,13879552.0,non_english
,13880177.0,non_english
,13880368.0,non_english
,13880620.0,non_english
,13881041.0,non_english
,13882482.0,non_english
,13883230.0,non_english
,13884638.0,non_english
,13885064.0,non_english
,13885482.0,non_english
,13885572.0,non_english
,13886300.0,non_english
,13890697.0,non_english
,13890752.0,non_english
,13891820.0,non_english
,13891841.0,non_english
,13893565.0,non_english
,13893804.0,non_english
,13894720.0,non_english
,13894829.0,non_english
,13895016.0,non_english
,13895065.0,non_english
,13895434.0,non_english
,13897041.0,non_english
,13898431.0,non_english
,13900167.0,non_english
,13900848.0,non_english
,13900903.0,non_english
,13901137.0,non_english
,13901226.0,non_english
,13901697.0,non_english
,13903396.0,non_english
,13905032.0,non_english
,13905972.0,non_english
,13907650.0,non_english
,13907764.0,non_english
,13907918.0,non_english
,13908213.0,non_english
,13909394.0,non_english
,13909540.0,non_english
,13910376.0,non_english
,13910772.0,non_english
,13910791.0,non_english
,13910850.0,non_english
,13913905.0,non_english
,13914003.0,non_english
,13914020.0,non_english
,13914232.0,non_english
,13915115.0,non_english
,13919306.0,non_english
,13919377.0,non_english
,13919927.0,non_english
,13921245.0,non_english
,13922382.0,non_english
,13922632.0,non_english
,13922678.0,non_english
,13925229.0,non_english
,13925358.0,non_english
,13925699.0,non_english
,13926326.0,non_english
,13926957.0,non_english
,13927331.0,non_english
,13928704.0,non_english
,13929733.0,non_english
,13931144.0,non_english
,13933371.0,non_english
,13934796.0,non_english
,13934875.0,non_english
,13934959.0,non_english
,13935447.0,non_english
,13936164.0,non_english
,13936253.0,non_english
,13938119.0,non_english
,13938883.0,non_english
,13939930.0,non_english
,13940172.0,non_english
,13940345.0,non_english
,13942465.0,non_english
,13942992.0,non_english
,13946258.0,non_english
,13948270.0,non_english
,13948661.0,non_english
,13948962.0,non_english
,13949287.0,non_english
,13949463.0,non_english
,13949785.0,non_english
,13951054.0,non_english
,13951167.0,non_english
,13951397.0,non_english
,13952004.0,non_english
,13954035.0,non_english
,13954378.0,non_english
,13955048.0,non_english
,13955176.0,non_english
,13955203.0,non_english
,13955451.0,non_english
,13955876.0,non_english
,13956098.0,non_english
,13956118.0,non_english
,13956672.0,non_english
,13956807.0,non_english
,13956897.0,non_english
,13956908.0,non_english
,13958823.0,non_english
,13959108.0,non_english
,13959685.0,non_english
,13959699.0,non_english
,13960466.0,non_english
,13961009.0,non_english
,13963649.0,non_english
,13964189.0,non_english
,13964345.0,non_english
,13964390.0,non_english
,13964534.0,non_english
,13965950.0,non_english
,13967707.0,non_english
,13967764.0,non_english
,13968708.0,non_english
,13969789.0,non_english
,13971316.0,non_english
,13973693.0,non_english
,13975518.0,non_english
,13977032.0,non_english
,13978119.0,non_english
,13978331.0,non_english
,13978428.0,non_english
,13979454.0,non_english
,13980744.0,non_english
,13980820.0,non_english
,13981851.0,non_english
,13982723.0,non_english
,13982949.0,non_english
,13983119.0,non_english
,13983475.0,non_english
,13983889.0,non_english
,13985527.0,non_english
,13985619.0,non_english
,13985770.0,non_english
,13986451.0,non_english
,13988624.0,non_english
,13989408.0,non_english
,13990124.0,non_english
,13992765.0,non_english
,13995067.0,non_english
,13997445.0,non_english
,13997553.0,non_english
,13999379.0,non_english
,14001595.0,non_english
,14001827.0,non_english
,14002215.0,non_english
,14002276.0,non_english
,14002744.0,non_english
,14003745.0,non_english
,14004087.0,non_english
,14004163.0,non_english
,14004392.0,non_english
,14005612.0,non_english
,14005712.0,non_english
,14006347.0,non_english
,14006416.0,non_english
,14007100.0,non_english
,14007262.0,non_english
,14007678.0,non_english
,14008108.0,non_english
,14008420.0,non_english
,14008546.0,non_english
,14009607.0,non_english
,14013400.0,non_english
,14013528.0,non_english
,14013715.0,non_english
,14014424.0,non_english
,14014516.0,non_english
,14015022.0,non_english
,14016930.0,non_english
,14018444.0,non_english
,14018628.0,non_english
,14019741.0,non_english
,14020006.0,non_english
,14020618.0,non_english
,14020995.0,non_english
,14021827.0,non_english
,14022029.0,non_english
,14026586.0,non_english
,14027189.0,non_english
,14028206.0,non_english
,14028909.0,non_english
,14030846.0,non_english
,14031372.0,non_english
,14031423.0,non_english
,14031712.0,non_english
,14033050.0,non_english
,14033564.0,non_english
,14034534.0,non_english
,14034594.0,non_english
,14035090.0,non_english
,14036136.0,non_english
,14037155.0,non_english
,14038691.0,non_english
,14039225.0,non_english
,14039482.0,non_english
,14039648.0,non_english
,14040072.0,non_english
,14040159.0,non_english
,14042216.0,non_english
,14043128.0,non_english
,14043462.0,non_english
,14043700.0,non_english
,14044753.0,non_english
,14046380.0,non_english
,14047043.0,non_english
,14047300.0,non_english
,14052108.0,non_english
,14053442.0,non_english
,14055145.0,non_english
,14057421.0,non_english
,14058855.0,non_english
,14059388.0,non_english
,14059450.0,non_english
,14059898.0,non_english
,14061511.0,non_english
,14061929.0,non_english
,14062026.0,non_english
,14062067.0,non_english
,14063124.0,non_english
,14063339.0,non_english
,14064834.0,non_english
,14065395.0,non_english
,14065457.0,non_english
,14065897.0,non_english
,14066194.0,non_english
,14067007.0,non_english
,14067274.0,non_english
,14068904.0,non_english
,14069581.0,non_english
,14069924.0,non_english
,14070781.0,non_english
,14071718.0,non_english
,14075003.0,non_english
,14075455.0,non_english
,14076005.0,non_english
,14077300.0,non_english
,14078548.0,non_english
,14079667.0,non_english
,14082649.0,non_english
,14082801.0,non_english
,14082890.0,non_english
,14083389.0,non_english
,14084016.0,non_english
,14084053.0,non_english
,14084754.0,non_english
,14087435.0,non_english
,14088181.0,non_english
,14088813.0,non_english
,14088820.0,non_english
,14088903.0,non_english
,14089596.0,non_english
,14089746.0,non_english
,14089944.0,non_english
,14090335.0,non_english
,14093254.0,non_english
,14093345.0,non_english
,14094411.0,non_english
,14095156.0,non_english
,14095458.0,non_english
,14095643.0,non_english
,14096173.0,non_english
,14096651.0,non_english
,14096947.0,non_english
,14096978.0,non_english
,14097033.0,non_english
,14098297.0,non_english
,14098998.0,non_english
,14099013.0,non_english
,14099527.0,non_english
,14101288.0,non_english
,14101569.0,non_english
,14102119.0,non_english
,14102987.0,non_english
,14102995.0,non_english
,14103881.0,non_english
,14105110.0,non_english
,14105783.0,non_english
,14106219.0,non_english
,14106991.0,non_english
,14107385.0,non_english
,14107921.0,non_english
,14109019.0,non_english
,14109162.0,non_english
,14110281.0,non_english
,14110720.0,non_english
,14111977.0,non_english
,14112417.0,non_english
,14112966.0,non_english
,14113017.0,non_english
,14113263.0,non_english
,14114724.0,non_english
,14115208.0,non_english
,14115723.0,non_english
,14115813.0,non_english
,14116021.0,non_english
,14116372.0,non_english
,14117385.0,non_english
,14118390.0,non_english
,14119157.0,non_english
,14119753.0,non_english
,14119831.0,non_english
,14119994.0,non_english
,14121940.0,non_english
,14122056.0,non_english
,14122834.0,non_english
,14122839.0,non_english
,14122892.0,non_english
,14123131.0,non_english
,14123709.0,non_english
,14123719.0,non_english
,14124208.0,non_english
,14125389.0,non_english
,14125663.0,non_english
,14127204.0,non_english
,14127443.0,non_english
,14130076.0,non_english
,14130331.0,non_english
,14130494.0,non_english
,14131193.0,non_english
,14131851.0,non_english
,14131960.0,non_english
,14133239.0,non_english
,14133917.0,non_english
,14135279.0,non_english
,14136979.0,non_english
,14137115.0,non_english
,14140721.0,non_english
,14141531.0,non_english
,14141862.0,non_english
,14142241.0,non_english
,14143836.0,non_english
,14144215.0,non_english
,14144325.0,non_english
,14144634.0,non_english
,14145533.0,non_english
,14146313.0,non_english
,14146428.0,non_english
,14147222.0,non_english
,14147876.0,non_english
,14148624.0,non_english
,14150119.0,non_english
,14150619.0,non_english
,14150718.0,non_english
,14151418.0,non_english
,14151668.0,non_english
,14151729.0,non_english
,14153009.0,non_english
,14153347.0,non_english
,14153440.0,non_english
,14153566.0,non_english
,14153617.0,non_english
,14157368.0,non_english
,14157821.0,non_english
,14158035.0,non_english
,14158241.0,non_english
,14158384.0,non_english
,14158616.0,non_english
,14159066.0,non_english
,14159667.0,non_english
,14160308.0,non_english
,14160561.0,non_english
,14160659.0,non_english
,14161036.0,non_english
,14161922.0,non_english
,14161977.0,non_english
,14162430.0,non_english
,14162598.0,non_english
,14163443.0,non_english
,14163858.0,non_english
,14163868.0,non_english
,14164176.0,non_english
,14164234.0,non_english
,14164611.0,non_english
,14164626.0,non_english
,14165090.0,non_english
,14165539.0,non_english
,14165995.0,non_english
,14166407.0,non_english
,14166441.0,non_english
,14167229.0,non_english
,14167428.0,non_english
,14167737.0,non_english
,14167742.0,non_english
,14168050.0,non_english
,14168908.0,non_english
,14170572.0,non_english
,14172053.0,non_english
,14172174.0,non_english
,14172550.0,non_english
,14173833.0,non_english
,14174244.0,non_english
,14174715.0,non_english
,14176452.0,non_english
,14176526.0,non_english
,14176651.0,non_english
,14177046.0,non_english
,14178421.0,non_english
,14180836.0,non_english
,14180841.0,non_english
,14181548.0,non_english
,14181590.0,non_english
,14181688.0,non_english
,14182007.0,non_english
,14182110.0,non_english
,14182349.0,non_english
,14182481.0,non_english
,14182546.0,non_english
,14182961.0,non_english
,14183154.0,non_english
,14183300.0,non_english
,14185117.0,non_english
,14185130.0,non_english
,14185735.0,non_english
,14186403.0,non_english
,14187119.0,non_english
,14187217.0,non_english
,14187488.0,non_english
,14187530.0,non_english
,14187549.0,non_english
,14187657.0,non_english
,14187979.0,non_english
,14187988.0,non_english
,14188507.0,non_english
,14188775.0,non_english
,14188931.0,non_english
,14190328.0,non_english
,14191053.0,non_english
,14191406.0,non_english
,14192118.0,non_english
,14192400.0,non_english
,14192500.0,non_english
,14193099.0,non_english
,14193468.0,non_english
,14193568.0,non_english
,14193819.0,non_english
,14194809.0,non_english
,14195286.0,non_english
,14195642.0,non_english
,14196030.0,non_english
,14196756.0,non_english
,14196877.0,non_english
,14197261.0,non_english
,14197855.0,non_english
,14198048.0,non_english
,14198278.0,non_english
,14198467.0,non_english
,14199085.0,non_english
,14199136.0,non_english
,14199346.0,non_english
,14199822.0,non_english
,14200365.0,non_english
,14201221.0,non_english
,14202479.0,non_english
,14202708.0,non_english
,14202804.0,non_english
,14203488.0,non_english
,14203930.0,non_english
,14204093.0,non_english
,14204104.0,non_english
,14204240.0,non_english
,14204271.0,non_english
,14208842.0,non_english
,14210035.0,non_english
,14211229.0,non_english
,14213339.0,non_english
,14214715.0,non_english
,14215444.0,non_english
,14216676.0,non_english
,14216834.0,non_english
,14217504.0,non_english
,14217716.0,non_english
,14218938.0,non_english
,14219381.0,non_english
,14220840.0,non_english
,14220846.0,non_english
,14221090.0,non_english
,14221419.0,non_english
,14221547.0,non_english
,14225554.0,non_english
,14226594.0,non_english
,14227032.0,non_english
,14227912.0,non_english
,14227921.0,non_english
,14228899.0,non_english
,14228994.0,non_english
,14229085.0,non_english
,14229543.0,non_english
,14229760.0,non_english
,14230917.0,non_english
,14232898.0,non_english
,14233499.0,non_english
,14234701.0,non_english
,14236275.0,non_english
,14236515.0,non_english
,14236621.0,non_english
,14238764.0,non_english
,14238770.0,non_english
,14239158.0,non_english
,14241148.0,non_english
,14243484.0,non_english
,14243620.0,non_english
,14244036.0,non_english
,14247157.0,non_english
,14247394.0,non_english
,14247902.0,non_english
,14248144.0,non_english
,14248988.0,non_english
,14249308.0,non_english
,14252349.0,non_english
,14252750.0,non_english
,14253270.0,non_english
,14253289.0,non_english
,14253581.0,non_english
,14253599.0,non_english
,14254528.0,non_english
,14254897.0,non_english
,14255331.0,non_english
,14256470.0,non_english
,14256643.0,non_english
,14257029.0,non_english
,14257407.0,non_english
,14258029.0,non_english
,14258040.0,non_english
,14258637.0,non_english
,14258994.0,non_english
,14261012.0,non_english
,14262439.0,non_english
,14262484.0,non_english
,14262699.0,non_english
,14262876.0,non_english
,14263957.0,non_english
,14264001.0,non_english
,14265062.0,non_english
,14266230.0,non_english
,14267268.0,non_english
,14268516.0,non_english
,14268576.0,non_english
,14271198.0,non_english
,14272670.0,non_english
,14272868.0,non_english
,14273234.0,non_english
,14273759.0,non_english
,14274230.0,non_english
,14274242.0,non_english
,14274294.0,non_english
,14274340.0,non_english
,14274355.0,non_english
,14274395.0,non_english
,14274418.0,non_english
,14274424.0,non_english
,14274480.0,non_english
,14274495.0,non_english
,14274533.0,non_english
,14274540.0,non_english
,14274543.0,non_english
,14274624.0,non_english
,14274632.0,non_english
,14274702.0,non_english
,14274719.0,non_english
,14274750.0,non_english
,14274933.0,non_english
,14275059.0,non_english
,14275329.0,non_english
,14275359.0,non_english
,14275375.0,non_english
,14275426.0,non_english
,14275721.0,non_english
,14275727.0,non_english
,14275937.0,non_english
,14276026.0,non_english
,14276851.0,non_english
,14277371.0,non_english
,14277854.0,non_english
,14278670.0,non_english
,14278809.0,non_english
,14278903.0,non_english
,14279932.0,non_english
,14280046.0,non_english
,14280222.0,non_english
,14280340.0,non_english
,14280986.0,non_english
,14281257.0,non_english
,14281617.0,non_english
,14281631.0,non_english
,14281982.0,non_english
,14282044.0,non_english
,14282092.0,non_english
,14282154.0,non_english
,14282161.0,non_english
,14282234.0,non_english
,14282284.0,non_english
,14282311.0,non_english
,14282369.0,non_english
,14282480.0,non_english
,14282561.0,non_english
,14282626.0,non_english
,14282633.0,non_english
,14282668.0,non_english
,14282687.0,non_english
,14282887.0,non_english
,14283541.0,non_english
,14284161.0,non_english
,14284164.0,non_english
,14284215.0,non_english
,14284237.0,non_english
,14284700.0,non_english
,14284982.0,non_english
,14285143.0,non_english
,14285354.0,non_english
,14285563.0,non_english
,14287099.0,non_english
,14287286.0,non_english
,14288384.0,non_english
,14289173.0,non_english
,14289700.0,non_english
,14290438.0,non_english
,14290514.0,non_english
,14290560.0,non_english
,14290754.0,non_english
,14291198.0,non_english
,14291209.0,non_english
,14291625.0,non_english
,14291639.0,non_english
,14293711.0,non_english
,14294396.0,non_english
,14294416.0,non_english
,14295951.0,non_english
,14295954.0,non_english
,14296059.0,non_english
,14296694.0,non_english
,14297862.0,non_english
,14300217.0,non_english
,14300565.0,non_english
,14300612.0,non_english
,14301294.0,non_english
,14301899.0,non_english
,14302770.0,non_english
,14303034.0,non_english
,14303332.0,non_english
,14303869.0,non_english
,14306079.0,non_english
,14306440.0,non_english
,14307201.0,non_english
,14309017.0,non_english
,14309164.0,non_english
,14309196.0,non_english
,14309314.0,non_english
,14310177.0,non_english
,14310472.0,non_english
,14310597.0,non_english
,14310941.0,non_english
,14311621.0,non_english
,14313322.0,non_english
,14313416.0,non_english
,14315089.0,non_english
,14315261.0,non_english
,14315304.0,non_english
,14315403.0,non_english
,14316810.0,non_english
,14317771.0,non_english
,14317787.0,non_english
,14317873.0,non_english
,14318467.0,non_english
,14318488.0,non_english
,14319059.0,non_english
,14320602.0,non_english
,14321657.0,non_english
,14322234.0,non_english
,14322462.0,non_english
,14322639.0,non_english
,14322802.0,non_english
,14323310.0,non_english
,14323352.0,non_english
,14323564.0,non_english
,14323615.0,non_english
,14323649.0,non_english
,14323870.0,non_english
,14324597.0,non_english
,14324996.0,non_english
,14325141.0,non_english
,14325220.0,non_english
,14325980.0,non_english
,14326376.0,non_english
,14326761.0,non_english
,14328472.0,non_english
,14328638.0,non_english
,14328737.0,non_english
,14328754.0,non_english
,14328790.0,non_english
,14328883.0,non_english
,14329037.0,non_english
,14329044.0,non_english
,14329710.0,non_english
,14330364.0,non_english
,14330796.0,non_english
,14332230.0,non_english
,14332362.0,non_english
,14332522.0,non_english
,14332582.0,non_english
,14332793.0,non_english
,14333791.0,non_english
,14334065.0,non_english
,14335230.0,non_english
,14336283.0,non_english
,14338313.0,non_english
,14338870.0,non_english
,14338956.0,non_english
,14338972.0,non_english
,14339143.0,non_english
,14339979.0,non_english
,14339980.0,non_english
,14340008.0,non_english
,14340061.0,non_english
,14340396.0,non_english
,14341067.0,non_english
,14341476.0,non_english
,14341868.0,non_english
,14344018.0,non_english
,14344109.0,non_english
,14344241.0,non_english
,14344367.0,non_english
,14344375.0,non_english
,14345006.0,non_english
,14345109.0,non_english
,14345205.0,non_english
,14345929.0,non_english
,14346129.0,non_english
,14346573.0,non_english
,14346606.0,non_english
,14346721.0,non_english
,14347327.0,non_english
,14347529.0,non_english
,14347772.0,non_english
,14348432.0,non_english
,14349199.0,non_english
,14349270.0,non_english
,14349481.0,non_english
,14350000.0,non_english
,14350934.0,non_english
,14351525.0,non_english
,14352448.0,non_english
,14352699.0,non_english
,14352821.0,non_english
,14353846.0,non_english
,14356356.0,non_english
,14356606.0,non_english
,14356896.0,non_english
,14357890.0,non_english
,14358174.0,non_english
,14358664.0,non_english
,14358858.0,non_english
,14359952.0,non_english
,14360619.0,non_english
,14360658.0,non_english
,14360921.0,non_english
,14361020.0,non_english
,14361912.0,non_english
,14361932.0,non_english
,14361994.0,non_english
,14362090.0,non_english
,14362132.0,non_english
,14362520.0,non_english
,14362577.0,non_english
,14362622.0,non_english
,14363913.0,non_english
,14365037.0,non_english
,14365551.0,non_english
,14366492.0,non_english
,14366977.0,non_english
,14366978.0,non_english
,14366986.0,non_english
,14367256.0,non_english
,14367295.0,non_english
,14367350.0,non_english
,14368398.0,non_english
,14368994.0,non_english
,14369018.0,non_english
,14369661.0,non_english
,14369755.0,non_english
,14369914.0,non_english
,14369950.0,non_english
,14369996.0,non_english
,14370428.0,non_english
,14370625.0,non_english
,14370941.0,non_english
,14371063.0,non_english
,14371548.0,non_english
,14371823.0,non_english
,14372237.0,non_english
,14374350.0,non_english
,14374744.0,non_english
,14375583.0,non_english
,14375687.0,non_english
,14375915.0,non_english
,14378501.0,non_english
,14378874.0,non_english
,14380883.0,non_english
,14381398.0,non_english
,14381573.0,non_english
,14381981.0,non_english
,14382403.0,non_english
,14382448.0,non_english
,14382749.0,non_english
,14382752.0,non_english
,14382866.0,non_english
,14383091.0,non_english
,14383216.0,non_english
,14383547.0,non_english
,14383796.0,non_english
,14384438.0,non_english
,14384450.0,non_english
,14384610.0,non_english
,14385283.0,non_english
,14386010.0,non_english
,14386935.0,non_english
,14386986.0,non_english
,14387862.0,non_english
,14389695.0,non_english
,14390323.0,non_english
,14392637.0,non_english
,14393307.0,non_english
,14393493.0,non_english
,14393790.0,non_english
,14395762.0,non_english
,14397389.0,non_english
,14398259.0,non_english
,14398768.0,non_english
,14402196.0,non_english
,14402275.0,non_english
,14402593.0,non_english
,14403331.0,non_english
,14403770.0,non_english
,14403846.0,non_english
,14405111.0,non_english
,14405645.0,non_english
,14407259.0,non_english
,14407623.0,non_english
,14408042.0,non_english
,14408547.0,non_english
,14410357.0,non_english
,14412474.0,non_english
,14412507.0,non_english
,14413107.0,non_english
,14413433.0,non_english
,14415223.0,non_english
,14415678.0,non_english
,14416130.0,non_english
,14416716.0,non_english
,14416874.0,non_english
,14417255.0,non_english
,14417324.0,non_english
,14417367.0,non_english
,14417620.0,non_english
,14417832.0,non_english
,14418492.0,non_english
,14418692.0,non_english
,14419293.0,non_english
,14419339.0,non_english
,14419353.0,non_english
,14420150.0,non_english
,14420721.0,non_english
,14421993.0,non_english
,14422554.0,non_english
,14423028.0,non_english
,14423503.0,non_english
,14423577.0,non_english
,14425079.0,non_english
,14425888.0,non_english
,14426482.0,non_english
,14426717.0,non_english
,14427092.0,non_english
,14427287.0,non_english
,14428305.0,non_english
,14429375.0,non_english
,14429637.0,non_english
,14429750.0,non_english
,14430038.0,non_english
,14430384.0,non_english
,14431767.0,non_english
,14432419.0,non_english
,14433928.0,non_english
,14434595.0,non_english
,14436515.0,non_english
,14436565.0,non_english
,14437830.0,non_english
,14439719.0,non_english
,14439720.0,non_english
,14440086.0,non_english
,14440123.0,non_english
,14440143.0,non_english
,14440154.0,non_english
,14440217.0,non_english
,14441312.0,non_english
,14441430.0,non_english
,14441652.0,non_english
,14442559.0,non_english
,14442618.0,non_english
,14442769.0,non_english
,14443535.0,non_english
,14443721.0,non_english
,14443980.0,non_english
,14444358.0,non_english
,14445408.0,non_english
,14445555.0,non_english
,14446101.0,non_english
,14446687.0,non_english
,14446813.0,non_english
,14447127.0,non_english
,14447416.0,non_english
,14447421.0,non_english
,14447806.0,non_english
,14448007.0,non_english
,14448743.0,non_english
,14448815.0,non_english
,14448924.0,non_english
,14448983.0,non_english
,14449020.0,non_english
,14450216.0,non_english
,14451020.0,non_english
,14452312.0,non_english
,14452390.0,non_english
,14452503.0,non_english
,14452538.0,non_english
,14452577.0,non_english
,14452603.0,non_english
,14452872.0,non_english
,14452892.0,non_english
,14453120.0,non_english
,14453245.0,non_english
,14453597.0,non_english
,14454087.0,non_english
,14455287.0,non_english
,14455612.0,non_english
,14456945.0,non_english
,14457284.0,non_english
,14457418.0,non_english
,14458005.0,non_english
,14458652.0,non_english
,14458653.0,non_english
,14458972.0,non_english
,14459286.0,non_english
,14459328.0,non_english
,14459550.0,non_english
,14460239.0,non_english
,14460685.0,non_english
,14461709.0,non_english
,14463495.0,non_english
,14463596.0,non_english
,14463699.0,non_english
,14464268.0,non_english
,14466983.0,non_english
,14467494.0,non_english
,14468000.0,non_english
,14469647.0,non_english
,14469678.0,non_english
,14469987.0,non_english
,14471595.0,non_english
,14471618.0,non_english
,14471735.0,non_english
,14473079.0,non_english
,14473995.0,non_english
,14474110.0,non_english
,14475426.0,non_english
,14475436.0,non_english
,14475865.0,non_english
,14478412.0,non_english
,14480550.0,non_english
,14480811.0,non_english
,14481314.0,non_english
,14483879.0,non_english
,14484883.0,non_english
,14486486.0,non_english
,14487209.0,non_english
,14487646.0,non_english
,14487820.0,non_english
,14493035.0,non_english
,14493041.0,non_english
,14493464.0,non_english
,14493584.0,non_english
,14493829.0,non_english
,14495516.0,non_english
,14496300.0,non_english
,14496388.0,non_english
,14496575.0,non_english
,14496689.0,non_english
,14496984.0,non_english
,14497981.0,non_english
,14500633.0,non_english
,14500886.0,non_english
,14502393.0,non_english
,14503058.0,non_english
,14503089.0,non_english
,14503786.0,non_english
,14503942.0,non_english
,14505206.0,non_english
,14505511.0,non_english
,14505532.0,non_english
,14508595.0,non_english
,14508836.0,non_english
,14509135.0,non_english
,14509143.0,non_english
,14509704.0,non_english
,14511097.0,non_english
,14511166.0,non_english
,14511578.0,non_english
,14511934.0,non_english
,14512250.0,non_english
,14512883.0,non_english
,14513792.0,non_english
,14514103.0,non_english
,14515391.0,non_english
,14515563.0,non_english
,14516814.0,non_english
,14517094.0,non_english
,14518531.0,non_english
,14518692.0,non_english
,14519407.0,non_english
,14520596.0,non_english
,14520862.0,non_english
,14521056.0,non_english
,14521901.0,non_english
,14522427.0,non_english
,14523421.0,non_english
,14523589.0,non_english
,14525179.0,non_english
,14525300.0,non_english
,14525858.0,non_english
,14525879.0,non_english
,14526067.0,non_english
,14526655.0,non_english
,14526714.0,non_english
,14526761.0,non_english
,14526959.0,non_english
,14527134.0,non_english
,14527136.0,non_english
,14527552.0,non_english
,14527704.0,non_english
,14527940.0,non_english
,14528208.0,non_english
,14528296.0,non_english
,14529315.0,non_english
,14529723.0,non_english
,14530858.0,non_english
,14531285.0,non_english
,14531632.0,non_english
,14531791.0,non_english
,14533064.0,non_english
,14534072.0,non_english
,14534087.0,non_english
,14534259.0,non_english
,14534386.0,non_english
,14534609.0,non_english
,14534626.0,non_english
,14535393.0,non_english
,14535631.0,non_english
,14535840.0,non_english
,14536622.0,non_english
,14536623.0,non_english
,14536735.0,non_english
,14537061.0,non_english
,14538598.0,non_english
,14538743.0,non_english
,14539499.0,non_english
,14539759.0,non_english
,14539974.0,non_english
,14540014.0,non_english
,14540545.0,non_english
,14541054.0,non_english
,14541561.0,non_english
,14541914.0,non_english
,14542593.0,non_english
,14543359.0,non_english
,14543529.0,non_english
,14544526.0,non_english
,14544736.0,non_english
,14544737.0,non_english
,14544958.0,non_english
,14545932.0,non_english
,14546157.0,non_english
,14546427.0,non_english
,14546591.0,non_english
,14546614.0,non_english
,14546935.0,non_english
,14547175.0,non_english
,14547632.0,non_english
,14548251.0,non_english
,14548394.0,non_english
,14548500.0,non_english
,14548712.0,non_english
,14548795.0,non_english
,14548972.0,non_english
,14549122.0,non_english
,14549127.0,non_english
,14549204.0,non_english
,14549218.0,non_english
,14549383.0,non_english
,14549395.0,non_english
,14549846.0,non_english
,14550011.0,non_english
,14550265.0,non_english
,14550678.0,non_english
,14550791.0,non_english
,14550962.0,non_english
,14551392.0,non_english
,14551875.0,non_english
,14552388.0,non_english
,14554229.0,non_english
,14554391.0,non_english
,14554605.0,non_english
,14554772.0,non_english
,14554922.0,non_english
,14554929.0,non_english
,14555024.0,non_english
,14555042.0,non_english
,14555643.0,non_english
,14555789.0,non_english
,14556701.0,non_english
,14556871.0,non_english
,14556900.0,non_english
,14556928.0,non_english
,14556953.0,non_english
,14557055.0,non_english
,14557076.0,non_english
,14557082.0,non_english
,14557149.0,non_english
,14558744.0,non_english
,14559216.0,non_english
,14559643.0,non_english
,14559996.0,non_english
,14560118.0,non_english
,14560749.0,non_english
,14561117.0,non_english
,14561119.0,non_english
,14561128.0,non_english
,14561823.0,non_english
,14562671.0,non_english
,14562808.0,non_english
,14562834.0,non_english
,14563038.0,non_english
,14563651.0,non_english
,14563988.0,non_english
,14564353.0,non_english
,14564447.0,non_english
,14564632.0,non_english
,14564726.0,non_english
,14564768.0,non_english
,14564883.0,non_english
,14565366.0,non_english
,14565392.0,non_english
,14565399.0,non_english
,14565596.0,non_english
,14566305.0,non_english
,14566718.0,non_english
,14566729.0,non_english
,14566969.0,non_english
,14567084.0,non_english
,14567236.0,non_english
,14567267.0,non_english
,14567569.0,non_english
,14567636.0,non_english
,14567870.0,non_english
,14568929.0,non_english
,14569411.0,non_english
,14569603.0,non_english
,14569716.0,non_english
,14569743.0,non_english
,14569915.0,non_english
,14570172.0,non_english
,14570436.0,non_english
,14570667.0,non_english
,14570720.0,non_english
,14572291.0,non_english
,14572822.0,non_english
,14574682.0,non_english
,14574990.0,non_english
,14575214.0,non_english
,14575217.0,non_english
,14575223.0,non_english
,14575774.0,non_english
,14575803.0,non_english
,14576101.0,non_english
,14576298.0,non_english
,14576731.0,non_english
,14577018.0,non_english
,14577137.0,non_english
,14577160.0,non_english
,14577469.0,non_english
,14577495.0,non_english
,14577646.0,non_english
,14577795.0,non_english
,14578083.0,non_english
,14579890.0,non_english
,14579897.0,non_english
,14580148.0,non_english
,14580224.0,non_english
,14580356.0,non_english
,14580416.0,non_english
,14580512.0,non_english
,14580693.0,non_english
,14581097.0,non_english
,14581150.0,non_english
,14581188.0,non_english
,14581657.0,non_english
,14581691.0,non_english
,14581801.0,non_english
,14581855.0,non_english
,14582265.0,non_english
,14582346.0,non_english
,14582518.0,non_english
,14582521.0,non_english
,14582849.0,non_english
,14582931.0,non_english
,14582957.0,non_english
,14583021.0,non_english
,14583025.0,non_english
,14583034.0,non_english
,14583048.0,non_english
,14583075.0,non_english
,14583133.0,non_english
,14583381.0,non_english
,14583408.0,non_english
,14583432.0,non_english
,14583765.0,non_english
,14583975.0,non_english
,14584066.0,non_english
,14584185.0,non_english
,14584474.0,non_english
,14584508.0,non_english
,14584832.0,non_english
,14584895.0,non_english
,14585194.0,non_english
,14585360.0,non_english
,14585423.0,non_english
,14585454.0,non_english
,14585521.0,non_english
,14585565.0,non_english
,14585692.0,non_english
,14585767.0,non_english
,14586055.0,non_english
,14586089.0,non_english
,14586251.0,non_english
,14586778.0,non_english
,14586784.0,non_english
,14586795.0,non_english
,14586909.0,non_english
,14586990.0,non_english
,14587120.0,non_english
,14587189.0,non_english
,14587797.0,non_english
,14588071.0,non_english
,14588163.0,non_english
,14589239.0,non_english
,14589247.0,non_english
,14589280.0,non_english
,14589286.0,non_english
,14589306.0,non_english
,14589341.0,non_english
,14589395.0,non_english
,14589438.0,non_english
,14590005.0,non_english
,14590467.0,non_english
,14590498.0,non_english
,14590547.0,non_english
,14590553.0,non_english
,14590720.0,non_english
,14590833.0,non_english
,14590871.0,non_english
,14590885.0,non_english
,14591254.0,non_english
,14591583.0,non_english
,14592634.0,non_english
,14592910.0,non_english
,14593241.0,non_english
,14593408.0,non_english
,14593716.0,non_english
,14593745.0,non_english
,14593816.0,non_english
,14593891.0,non_english
,14594076.0,non_english
,14594816.0,non_english
,14594968.0,non_english
,14595059.0,non_english
,14595064.0,non_english
,14595165.0,non_english
,14595553.0,non_english
,14595559.0,non_english
,14595572.0,non_english
,14595943.0,non_english
,14595957.0,non_english
,14595981.0,non_english
,14595996.0,non_english
,14595997.0,non_english
,14596232.0,non_english
,14596598.0,non_english
,14596680.0,non_english
,14597205.0,non_english
,14597555.0,non_english
,14598603.0,non_english
,14598799.0,non_english
,14598988.0,non_english
,14599039.0,non_english
,14599222.0,non_english
,14599230.0,non_english
,14599414.0,non_english
,14599416.0,non_english
,14599640.0,non_english
,14599646.0,non_english
,14599660.0,non_english
,14599693.0,non_english
,14599770.0,non_english
,14599801.0,non_english
,14599946.0,non_english
,14599954.0,non_english
,14600227.0,non_english
,14600382.0,non_english
,14600438.0,non_english
,14600517.0,non_english
,14600538.0,non_english
,14600673.0,non_english
,14601275.0,non_english
,14601309.0,non_english
,14601336.0,non_english
,14601584.0,non_english
,14601660.0,non_english
,14601664.0,non_english
,14601848.0,non_english
,14601906.0,non_english
,14602017.0,non_english
,14602118.0,non_english
,14602794.0,non_english
,14602878.0,non_english
,14603048.0,non_english
,14603750.0,non_english
,14603755.0,non_english
,14604104.0,non_english
,14604237.0,non_english
,14604425.0,non_english
,14604429.0,non_english
,14604909.0,non_english
,14604919.0,non_english
,14605707.0,non_english
,14606824.0,non_english
,14606850.0,non_english
,14607073.0,non_english
,14607156.0,non_english
,14607727.0,non_english
,14607877.0,non_english
,14608128.0,non_english
,14608151.0,non_english
,14608555.0,non_english
,14608660.0,non_english
,14608912.0,non_english
,14609514.0,non_english
,14610568.0,non_english
,14611961.0,non_english
,14612536.0,non_english
,14612558.0,non_english
,14613060.0,non_english
,14613393.0,non_english
,14613511.0,non_english
,14613520.0,non_english
,14613777.0,non_english
,14614056.0,non_english
,14614299.0,non_english
,14614482.0,non_english
,14614578.0,non_english
,14614655.0,non_english
,14615002.0,non_english
,14615064.0,non_english
,14615152.0,non_english
,14615216.0,non_english
,14615368.0,non_english
,14615455.0,non_english
,14615513.0,non_english
,14615517.0,non_english
,14615667.0,non_english
,14615668.0,non_english
,14615865.0,non_english
,14615923.0,non_english
,14616027.0,non_english
,14616161.0,non_english
,14616909.0,non_english
,14617319.0,non_english
,14617569.0,non_english
,14618211.0,non_english
,14618555.0,non_english
,14619764.0,non_english
,14620061.0,non_english
,14620196.0,non_english
,14620268.0,non_english
,14620299.0,non_english
,14620439.0,non_english
,14620479.0,non_english
,14620557.0,non_english
,14620564.0,non_english
,14620600.0,non_english
,14620601.0,non_english
,14620628.0,non_english
,14620697.0,non_english
,14621173.0,non_english
,14621945.0,non_english
,14622579.0,non_english
,14622951.0,non_english
,14623177.0,non_english
,14623196.0,non_english
,14623610.0,non_english
,14623731.0,non_english
,14624424.0,non_english
,14624445.0,non_english
,14625061.0,non_english
,14625756.0,non_english
,14625890.0,non_english
,14626104.0,non_english
,14626409.0,non_english
,14626685.0,non_english
,14626701.0,non_english
,14626769.0,non_english
,14627508.0,non_english
,14628050.0,non_english
,14628125.0,non_english
,14628319.0,non_english
,14628511.0,non_english
,14628805.0,non_english
,14631687.0,non_english
,14631917.0,non_english
,14633187.0,non_english
,14633334.0,non_english
,14633587.0,non_english
,14633882.0,non_english
,14633894.0,non_english
,14633986.0,non_english
,14634360.0,non_english
,14634378.0,non_english
,14635445.0,non_english
,14635669.0,non_english
,14636714.0,non_english
,14637050.0,non_english
,14637152.0,non_english
,14637156.0,non_english
,14637693.0,non_english
,14638142.0,non_english
,14638850.0,non_english
,14639041.0,non_english
,14639069.0,non_english
,14639471.0,non_english
,14640748.0,non_english
,14641434.0,non_english
,14642148.0,non_english
,14642220.0,non_english
,14642691.0,non_english
,14642780.0,non_english
,14642791.0,non_english
,14642802.0,non_english
,14642827.0,non_english
,14642979.0,non_english
,14643094.0,non_english
,14643786.0,non_english
,14643911.0,non_english
,14643920.0,non_english
,14644563.0,non_english
,14644569.0,non_english
,14644613.0,non_english
,14644661.0,non_english
,14644816.0,non_english
,14645889.0,non_english
,14646355.0,non_english
,14646427.0,non_english
,14646443.0,non_english
,14647094.0,non_english
,14647625.0,non_english
,14647641.0,non_english
,14647690.0,non_english
,14647744.0,non_english
,14647909.0,non_english
,14647981.0,non_english
,14648616.0,non_english
,14648684.0,non_english
,14649026.0,non_english
,14649363.0,non_english
,14649410.0,non_english
,14649525.0,non_english
,14649653.0,non_english
,14650185.0,non_english
,14650830.0,non_english
,14651888.0,non_english
,14651902.0,non_english
,14652029.0,non_english
,14652719.0,non_english
,14653191.0,non_english
,14653286.0,non_english
,14653781.0,non_english
,14654234.0,non_english
,14654261.0,non_english
,14654634.0,non_english
,14654662.0,non_english
,14654716.0,non_english
,14654724.0,non_english
,14654749.0,non_english
,14655329.0,non_english
,14655417.0,non_english
,14655469.0,non_english
,14655992.0,non_english
,14656059.0,non_english
,14656316.0,non_english
,14656397.0,non_english
,14656742.0,non_english
,14657757.0,non_english
,14658060.0,non_english
,14659941.0,non_english
,14660039.0,non_english
,14660210.0,non_english
,14660284.0,non_english
,14661108.0,non_english
,14661741.0,non_english
,14661987.0,non_english
,14662503.0,non_english
,14662647.0,non_english
,14663249.0,non_english
,14664054.0,non_english
,14664971.0,non_english
,14665310.0,non_english
,14665509.0,non_english
,14665852.0,non_english
,14666169.0,non_english
,14666179.0,non_english
,14666439.0,non_english
,14666705.0,non_english
,14667136.0,non_english
,14667343.0,non_english
,14667366.0,non_english
,14668009.0,non_english
,14668215.0,non_english
,14668227.0,non_english
,14668448.0,non_english
,14668709.0,non_english
,14669007.0,non_english
,14669138.0,non_english
,14669716.0,non_english
,14669736.0,non_english
,14671304.0,non_english
,14671773.0,non_english
,14671916.0,non_english
,14672344.0,non_english
,14672707.0,non_english
,14673364.0,non_english
,14673513.0,non_english
,14674167.0,non_english
,14674354.0,non_english
,14674435.0,non_english
,14674451.0,non_english
,14675233.0,non_english
,14675263.0,non_english
,14676600.0,non_english
,14677516.0,non_english
,14678210.0,non_english
,14678588.0,non_english
,14678791.0,non_english
,14678836.0,non_english
,14678863.0,non_english
,14678876.0,non_english
,14679208.0,non_english
,14679291.0,non_english
,14679391.0,non_english
,14680227.0,non_english
,14680510.0,non_english
,14680737.0,non_english
,14680885.0,non_english
,14681634.0,non_english
,14683459.0,non_english
,14684165.0,non_english
,14684569.0,non_english
,14684621.0,non_english
,14685055.0,non_english
,14685085.0,non_english
,14685663.0,non_english
,14685698.0,non_english
,14686861.0,non_english
,14686974.0,non_english
,14688342.0,non_english
,14688439.0,non_english
,14688755.0,non_english
,14688847.0,non_english
,14688901.0,non_english
,14688917.0,non_english
,14689277.0,non_english
,14689454.0,non_english
,14689798.0,non_english
,14690380.0,non_english
,14690925.0,non_english
,14690952.0,non_english
,14691116.0,non_english
,14691180.0,non_english
,14691655.0,non_english
,14691828.0,non_english
,14692364.0,non_english
,14692986.0,non_english
,14693068.0,non_english
,14694001.0,non_english
,14694347.0,non_english
,14695341.0,non_english
,14695715.0,non_english
,14696518.0,non_english
,14696638.0,non_english
,14696783.0,non_english
,14697005.0,non_english
,14697339.0,non_english
,14698281.0,non_english
,14698520.0,non_english
,14698728.0,non_english
,14699735.0,non_english
,14700040.0,non_english
,14700245.0,non_english
,14701172.0,non_english
,14701250.0,non_english
,14702245.0,non_english
,14702817.0,non_english
,14703392.0,non_english
,14703416.0,non_english
,14704319.0,non_english
,14705324.0,non_english
,14705325.0,non_english
,14707555.0,non_english
,14707970.0,non_english
,14708013.0,non_english
,14708023.0,non_english
,14708283.0,non_english
,14708751.0,non_english
,14708954.0,non_english
,14712932.0,non_english
,14712998.0,non_english
,14715068.0,non_english
,14715423.0,non_english
,14715501.0,non_english
,14715507.0,non_english
,14715536.0,non_english
,14715628.0,non_english
,14715999.0,non_english
,14716023.0,non_english
,14716043.0,non_english
,14716642.0,non_english
,14716665.0,non_english
,14716674.0,non_english
,14716938.0,non_english
,14717054.0,non_english
,14717086.0,non_english
,14717270.0,non_english
,14717355.0,non_english
,14718765.0,non_english
,14718801.0,non_english
,14720396.0,non_english
,14723031.0,non_english
,14723226.0,non_english
,14723955.0,non_english
,14725624.0,non_english
,14726191.0,non_english
,14727195.0,non_english
,14728732.0,non_english
,14732088.0,non_english
,14734035.0,non_english
,14735055.0,non_english
,14735059.0,non_english
,14735084.0,non_english
,14737090.0,non_english
,14738490.0,non_english
,14740212.0,non_english
,14741082.0,non_english
,14741260.0,non_english
,14741392.0,non_english
,14742084.0,non_english
,14742950.0,non_english
,14743815.0,non_english
,14744108.0,non_english
,14744214.0,non_english
,14744572.0,non_english
,14744625.0,non_english
,14747664.0,non_english
,14747827.0,non_english
,14747920.0,non_english
,14748083.0,non_english
,14748239.0,non_english
,14748412.0,non_english
,14749232.0,non_english
,14749944.0,non_english
,14750431.0,non_english
,14750723.0,non_english
,14751963.0,non_english
,14755566.0,non_english
,14755684.0,non_english
,14755708.0,non_english
,14757863.0,non_english
,14757872.0,non_english
,14759827.0,non_english
,14761109.0,non_english
,14761285.0,non_english
,14761822.0,non_english
,14762161.0,non_english
,14762378.0,non_english
,14764931.0,non_english
,14765325.0,non_english
,14766239.0,non_english
,14766534.0,non_english
,14767151.0,non_english
,14767230.0,non_english
,14767790.0,non_english
,14770060.0,non_english
,14770926.0,non_english
,14772345.0,non_english
,14773007.0,non_english
,14773264.0,non_english
,14773494.0,non_english
,14773964.0,non_english
,14774601.0,non_english
,14774621.0,non_english
,14774644.0,non_english
,14774909.0,non_english
,14775279.0,non_english
,14775458.0,non_english
,14776156.0,non_english
,14776337.0,non_english
,14776388.0,non_english
,14777400.0,non_english
,14778355.0,non_english
,14780050.0,non_english
,14781095.0,non_english
,14781827.0,non_english
,14783170.0,non_english
,14783385.0,non_english
,14784571.0,non_english
,14785851.0,non_english
,14785899.0,non_english
,14786471.0,non_english
,14787542.0,non_english
,14787775.0,non_english
,14788979.0,non_english
,14789517.0,non_english
,14791052.0,non_english
,14792814.0,non_english
,14793936.0,non_english
,14793999.0,non_english
,14794414.0,non_english
,14795060.0,non_english
,14795987.0,non_english
,14797105.0,non_english
,14797129.0,non_english
,14797331.0,non_english
,14799448.0,non_english
,14801329.0,non_english
,14801705.0,non_english
,14802099.0,non_english
,14804127.0,non_english
,14804619.0,non_english
,14804937.0,non_english
,14805379.0,non_english
,14805580.0,non_english
,14805588.0,non_english
,14806610.0,non_english
,14807342.0,non_english
,14807549.0,non_english
,14807813.0,non_english
,14808213.0,non_english
,14808313.0,non_english
,14808348.0,non_english
,14808418.0,non_english
,14812220.0,non_english
,14812251.0,non_english
,14812461.0,non_english
,14812478.0,non_english
,14812482.0,non_english
,14812485.0,non_english
,14812621.0,non_english
,14812746.0,non_english
,14812888.0,non_english
,14813069.0,non_english
,14813088.0,non_english
,14813823.0,non_english
,14815574.0,non_english
,14815698.0,non_english
,14815730.0,non_english
,14816126.0,non_english
,14816429.0,non_english
,14817079.0,non_english
,14818631.0,non_english
,14818764.0,non_english
,14819159.0,non_english
,14819575.0,non_english
,14819577.0,non_english
,14819927.0,non_english
,14820595.0,non_english
,14821679.0,non_english
,14821773.0,non_english
,14822001.0,non_english
,14822434.0,non_english
,14822943.0,non_english
,14823110.0,non_english
,14823189.0,non_english
,14823470.0,non_english
,14824730.0,non_english
,14826121.0,non_english
,14826817.0,non_english
,14826950.0,non_english
,14827361.0,non_english
,14829223.0,non_english
,14829224.0,non_english
,14832625.0,non_english
,14833618.0,non_english
,14835549.0,non_english
,14836958.0,non_english
,14837295.0,non_english
,14837913.0,non_english
,14839145.0,non_english
,14839295.0,non_english
,14840485.0,non_english
,14841180.0,non_english
,14842289.0,non_english
,14842443.0,non_english
,14844333.0,non_english
,14845725.0,non_english
,14846705.0,non_english
,14847416.0,non_english
,14850207.0,non_english
,14851869.0,non_english
,14853919.0,non_english
,14855038.0,non_english
,14855644.0,non_english
,14855953.0,non_english
,14856372.0,non_english
,14857530.0,non_english
,14858298.0,non_english
,14858471.0,non_english
,14858502.0,non_english
,14859432.0,non_english
,14859596.0,non_english
,14860072.0,non_english
,14862174.0,non_english
,14862325.0,non_english
,14862574.0,non_english
,14862701.0,non_english
,14862758.0,non_english
,14862927.0,non_english
,14864240.0,non_english
,14866150.0,non_english
,14866988.0,non_english
,14867757.0,non_english
,14867894.0,non_english
,14868045.0,non_english
,14869122.0,non_english
,14869225.0,non_english
,14869236.0,non_english
,14869429.0,non_english
,14869885.0,non_english
,14870388.0,non_english
,14872807.0,non_english
,14873332.0,non_english
,14873919.0,non_english
,14879592.0,non_english
,14881613.0,non_english
,14881715.0,non_english
,14882136.0,non_english
,14882428.0,non_english
,14882640.0,non_english
,14884983.0,non_english
,14887127.0,non_english
,14890895.0,non_english
,14890945.0,non_english
,14891392.0,non_english
,14891464.0,non_english
,14891791.0,non_english
,14892098.0,non_english
,14892958.0,non_english
,14893363.0,non_english
,14894249.0,non_english
,14894330.0,non_english
,14894354.0,non_english
,14894824.0,non_english
,14896188.0,non_english
,14898293.0,non_english
,14914869.0,non_english
,14916551.0,non_english
,14919214.0,non_english
,14937440.0,non_english
,14945404.0,non_english
,14947448.0,non_english
,14967454.0,non_english
,14972010.0,non_english
,14980982.0,non_english
,14984883.0,non_english
,15006755.0,non_english
,15007430.0,non_english
,15009140.0,non_english
,15015537.0,non_english
,15017371.0,non_english
,15019728.0,non_english
,15033063.0,non_english
,15033627.0,non_english
,15042978.0,non_english
,15043973.0,non_english
,15045627.0,non_english
,15045798.0,non_english
,15051099.0,non_english
,15052067.0,non_english
,15062827.0,non_english
,15068023.0,non_english
,15080169.0,non_english
,15086453.0,non_english
,15087944.0,non_english
,15099881.0,non_english
,15107331.0,non_english
,15109876.0,non_english
,15113781.0,non_english
,15123814.0,non_english
,15126590.0,non_english
,15129116.0,non_english
,15154991.0,non_english
,15161007.0,non_english
,15182213.0,non_english
,15192291.0,non_english
,15201643.0,non_english
,15216751.0,non_english
,15225651.0,non_english
,15232904.0,non_english
,15232908.0,non_english
,15239733.0,non_english
,15246595.0,non_english
,15258652.0,non_english
,15258955.0,non_english
,15265614.0,non_english
,15275147.0,non_english
,15285407.0,non_english
,15290964.0,non_english
,15291070.0,non_english
,15291110.0,non_english
,15307870.0,non_english
,15333456.0,non_english
,15336678.0,non_english
,15338939.0,non_english
,15339844.0,non_english
,15346710.0,non_english
,15346713.0,non_english
,15347653.0,non_english
,15350310.0,non_english
,15351970.0,non_english
,15352032.0,non_english
,15361205.0,non_english
,15362837.0,non_english
,15369725.0,non_english
,15388695.0,non_english
,15391800.0,non_english
,15406782.0,non_english
,15410301.0,non_english
,15422303.0,non_english
,15433622.0,non_english
,15439227.0,non_english
,15453763.0,non_english
,15468851.0,non_english
,15485950.0,non_english
,15493113.0,non_english
,15500844.0,non_english
,15501745.0,non_english
,15502738.0,non_english
,15554086.0,non_english
,15554398.0,non_english
,15556137.0,non_english
,15557619.0,non_english
,15559299.0,non_english
,15564125.0,non_english
,15568908.0,non_english
,15621464.0,non_english
,15646391.0,non_english
,15661199.0,non_english
,15674177.0,non_english
,15674430.0,non_english
,15674997.0,non_english
,15695521.0,non_english
,15695523.0,non_english
,15696006.0,non_english
,15696082.0,non_english
,15718550.0,non_english
,15719863.0,non_english
,15729002.0,non_english
,15730245.0,non_english
,15738258.0,non_english
,15744220.0,non_english
,15748009.0,non_english
,15748526.0,non_english
,15749861.0,non_english
,15752875.0,non_english
,15757444.0,non_english
,15768023.0,non_english
,15775532.0,non_english
,15782277.0,non_english
,15814032.0,non_english
,15827603.0,non_english
,15848352.0,non_english
,15854340.0,non_english
,15864523.0,non_english
,15870310.0,non_english
,15919159.0,non_english
,15934784.0,non_english
,15948329.0,non_english
,15952740.0,non_english
,15953149.0,non_english
,15953356.0,non_english
,15961483.0,non_english
,15977732.0,non_english
,16000212.0,non_english
,16002219.0,non_english
,16024567.0,non_english
,16027811.0,non_english
,16038782.0,non_english
,16056152.0,non_english
,16067021.0,non_english
,16078173.0,non_english
,16080679.0,non_english
,16109882.0,non_english
,16113504.0,non_english
,16121027.0,non_english
,16125228.0,non_english
,16134155.0,non_english
,16147856.0,non_english
,16154102.0,non_english
,16155282.0,non_english
,16170585.0,non_english
,16177884.0,non_english
,16178791.0,non_english
,16179287.0,non_english
,16180473.0,non_english
,16180487.0,non_english
,16198899.0,non_english
,16200672.0,non_english
,16207690.0,non_english
,16213949.0,non_english
,16216265.0,non_english
,16216315.0,non_english
,16228512.0,non_english
,16229443.0,non_english
,16239757.0,non_english
,16260670.0,non_english
,16262732.0,non_english
,16278080.0,non_english
,16280993.0,non_english
,16292317.0,non_english
,16335101.0,non_english
,16339252.0,non_english
,16341236.0,non_english
,16352044.0,non_english
,16360742.0,non_english
,16382554.0,non_english
,16395822.0,non_english
,16407284.0,non_english
,16421512.0,non_english
,16429081.0,non_english
,16429149.0,non_english
,16456988.0,non_english
,16472732.0,non_english
,16479692.0,non_english
,16485585.0,non_english
,16494225.0,non_english
,16496622.0,non_english
,16506777.0,non_english
,16508676.0,non_english
,16552333.0,non_english
,16560045.0,non_english
,16616414.0,non_english
,16629867.0,non_english
,16637016.0,non_english
,16643946.0,non_english
,16656043.0,non_english
,16663146.0,non_english
,16695823.0,non_english
,16698352.0,non_english
,16716867.0,non_english
,16716911.0,non_english
,16740694.0,non_english
,16743450.0,non_english
,16744648.0,non_english
,16747399.0,non_english
,16759749.0,non_english
,16767707.0,non_english
,16782857.0,non_english
,16798219.0,non_english
,16800492.0,non_english
,16805043.0,non_english
,16835730.0,non_english
,16838646.0,non_english
,16878678.0,non_english
,16914142.0,non_english
,16917449.0,non_english
,16934917.0,non_english
,16950389.0,non_english
,16963345.0,non_english
,16982562.0,non_english
,16995795.0,non_english
,16999118.0,non_english
,17007968.0,non_english
,17008060.0,non_english
,17013055.0,non_english
,17021389.0,non_english
,17021906.0,non_english
,17028815.0,non_english
,17028926.0,non_english
,17031231.0,non_english
,17060008.0,non_english
,17072517.0,non_english
,17080920.0,non_english
,17097739.0,non_english
,17111817.0,non_english
,17129894.0,non_english
,17151252.0,non_english
,17171130.0,non_english
,17174693.0,non_english
,17195185.0,non_english
,17199553.0,non_english
,17208332.0,non_english
,17211224.0,non_english
,17215037.0,non_english
,17216937.0,non_english
,17225807.0,non_english
,17228383.0,non_english
,17232386.0,non_english
,17253071.0,non_english
,17259186.0,non_english
,17268773.0,non_english
,17274264.0,non_english
,17289417.0,non_english
,17299249.0,non_english
,17300195.0,non_english
,17307988.0,non_english
,17311296.0,non_english
,17330298.0,non_english
,17335206.0,non_english
,17346741.0,non_english
,17356285.0,non_english
,17361975.0,non_english
,17362114.0,non_english
,17374400.0,non_english
,17377274.0,non_english
,17379460.0,non_english
,17387969.0,non_english
,17391426.0,non_english
,17398035.0,non_english
,17403848.0,non_english
,17405273.0,non_english
,17413130.0,non_english
,17417789.0,non_english
,17419741.0,non_english
,17433373.0,non_english
,17449255.0,non_english
,17458865.0,non_english
,17462295.0,non_english
,17487099.0,non_english
,17493621.0,non_english
,17501866.0,non_english
,17508947.0,non_english
,17509332.0,non_english
,17525389.0,non_english
,17539907.0,non_english
,17547314.0,non_english
,17588011.0,non_english
,17594068.0,non_english
,17597270.0,non_english
,17602575.0,non_english
,17612730.0,non_english
,17616527.0,non_english
,17622858.0,non_english
,17667997.0,non_english
,17725479.0,non_english
,17760504.0,non_english
,17779218.0,non_english
,17788596.0,non_english
,17799464.0,non_english
,17800020.0,non_english
,17801130.0,non_english
,17803279.0,non_english
,17804111.0,non_english
,17804621.0,non_english
,17807742.0,non_english
,17807982.0,non_english
,17807989.0,non_english
,17817408.0,non_english
,17818111.0,non_english
,17830644.0,non_english
,17834198.0,non_english
,17863095.0,non_english
,17866157.0,non_english
,17872073.0,non_english
,17876244.0,non_english
,17884373.0,non_english
,17901715.0,non_english
,17912360.0,non_english
,17913260.0,non_english
,17952027.0,non_english
,17952092.0,non_english
,17957730.0,non_english
,17963630.0,non_english
,17967169.0,non_english
,17999784.0,non_english
,18005855.0,non_english
,18014003.0,non_english
,18014761.0,non_english
,18021921.0,non_english
,18025687.0,non_english
,18042740.0,non_english
,18082993.0,non_english
,18105352.0,non_english
,18110504.0,non_english
,18110736.0,non_english
,18113071.0,non_english
,18114706.0,non_english
,18123570.0,non_english
,18129939.0,non_english
,18161922.0,non_english
,18168176.0,non_english
,18190373.0,non_english
,18202734.0,non_english
,18232812.0,non_english
,18232816.0,non_english
,18232818.0,non_english
,18232819.0,non_english
,18242324.0,non_english
,18242900.0,non_english
,18250377.0,non_english
,18279851.0,non_english
,18287027.0,non_english
,18303611.0,non_english
,18307887.0,non_english
,18308451.0,non_english
,18324507.0,non_english
,18328297.0,non_english
,18329540.0,non_english
,18330054.0,non_english
,18336232.0,non_english
,18345925.0,non_english
,18366748.0,non_english
,18371307.0,non_english
,18373675.0,non_english
,18384073.0,non_english
,18430799.0,non_english
,18434830.0,non_english
,18440614.0,non_english
,18443595.0,non_english
,18452106.0,non_english
,18456205.0,non_english
,18458388.0,non_english
,18460765.0,non_english
,18467715.0,non_english
,18470330.0,non_english
,18471433.0,non_english
,18476998.0,non_english
,18478777.0,non_english
,18480623.0,non_english
,18497695.0,non_english
,18531178.0,non_english
,18533119.0,non_english
,18570201.0,non_english
,18576359.0,non_english
,18579305.0,non_english
,18610635.0,non_english
,18615554.0,non_english
,18627356.0,non_english
,18632959.0,non_english
,18648187.0,non_english
,18685233.0,non_english
,18732158.0,non_english
,18739650.0,non_english
,18740268.0,non_english
,18887407.0,non_english
,18898504.0,non_english
,18908228.0,non_english
,18908753.0,non_english
,18908788.0,non_english
,18922671.0,non_english
,18924696.0,non_english
,18926756.0,non_english
,18930700.0,non_english
,18933782.0,non_english
,18934508.0,non_english
,18943230.0,non_english
,18945629.0,non_english
,18946230.0,non_english
,18965965.0,non_english
,18980730.0,non_english
,18988574.0,non_english
,19007986.0,non_english
,19019458.0,non_english
,19022766.0,non_english
,19022886.0,non_english
,19031808.0,non_english
,19043525.0,non_english
,19044707.0,non_english
,19052938.0,non_english
,19053691.0,non_english
,19054464.0,non_english
,19063384.0,non_english
,19067105.0,non_english
,19069947.0,non_english
,19071910.0,non_english
,19076999.0,non_english
,19078592.0,non_english
,19081017.0,non_english
,19105987.0,non_english
,19108321.0,non_english
,19116489.0,non_english
,19117144.0,non_english
,19117411.0,non_english
,19121710.0,non_english
,19125518.0,non_english
,19128914.0,non_english
,19130686.0,non_english
,19131658.0,non_english
,19135395.0,non_english
,19139244.0,non_english
,19139702.0,non_english
,19139725.0,non_english
,19154623.0,non_english
,19169299.0,non_english
,19169658.0,non_english
,19173421.0,non_english
,19179217.0,non_english
,19179451.0,non_english
,19186906.0,non_english
,19186907.0,non_english
,19188717.0,non_english
,19190612.0,non_english
,19190874.0,non_english
,19194170.0,non_english
,19197017.0,non_english
,19234046.0,non_english
,19235614.0,non_english
,19236706.0,non_english
,19238681.0,non_english
,19244186.0,non_english
,19244460.0,non_english
,19246218.0,non_english
,19254211.0,non_english
,19255938.0,non_english
,19268871.0,non_english
,19304494.0,non_english
,19335811.0,non_english
,19351647.0,non_english
,19355898.0,non_english
,19410395.0,non_english
,19410613.0,non_english
,19413297.0,non_english
,19415759.0,non_english
,19426877.0,non_english
,19431922.0,non_english
,19436373.0,non_english
,19694256.0,non_english
,19712109.0,non_english
,19858894.0,non_english
,19929431.0,non_english
,19936399.0,non_english
,19946272.0,non_english
,19948489.0,non_english
,19951064.0,non_english
,19951132.0,non_english
,19952839.0,non_english
,19954423.0,non_english
,19965485.0,non_english
,19986412.0,non_english
,20009408.0,non_english
,20032750.0,non_english
,20081455.0,non_english
,20084898.0,non_english
,20096178.0,non_english
,20249297.0,non_english
,20266337.0,non_english
,20280100.0,non_english
,20285623.0,non_english
,20285999.0,non_english
,20287961.0,non_english
,20288287.0,non_english
,20289028.0,non_english
,20290232.0,non_english
,20298202.0,non_english
,20307098.0,non_english
,20307369.0,non_english
,20311694.0,non_english
,20312707.0,non_english
,20312723.0,non_english
,20316104.0,non_english
,20316106.0,non_english
,20316677.0,non_english
,20316710.0,non_english
,20321788.0,non_english
,20322982.0,non_english
,20322987.0,non_english
,20325941.0,non_english
,20335070.0,non_english
,20335117.0,non_english
,20339589.0,non_english
,20355760.0,non_english
,20358947.0,non_english
,20360782.0,non_english
,20365460.0,non_english
,20370828.0,non_english
,20372703.0,non_english
,20374486.0,non_english
,20375085.0,non_english
,20379286.0,non_english
,20386835.0,non_english
,20435788.0,non_english
,20473852.0,non_english
,20474693.0,non_english
,20486067.0,non_english
,20497297.0,non_english
,20511372.0,non_english
,20533632.0,non_english
,20573758.0,non_english
,20579281.0,non_english
,20580273.0,non_english
,20599624.0,non_english
,20653082.0,non_english
,20677105.0,non_english
,20688425.0,non_english
,20704136.0,non_english
,20707082.0,non_english
,20708227.0,non_english
,20710822.0,non_english
,20715195.0,non_english
,20715663.0,non_english
,20716462.0,non_english
,20720038.0,non_english
,20720440.0,non_english
,20722272.0,non_english
,20724103.0,non_english
,20727333.0,non_english
,20752633.0,non_english
,20753341.0,non_english
,20755208.0,non_english
,20765794.0,non_english
,20766748.0,non_english
,20783562.0,non_english
,20783764.0,non_english
,20784801.0,non_english
,20786536.0,non_english
,20787774.0,non_english
,20798590.0,non_english
,20798613.0,non_english
,20799487.0,non_english
,20810178.0,non_english
,20812895.0,non_english
,20818268.0,non_english
,20819493.0,non_english
,20823909.0,non_english
,20823947.0,non_english
,20826113.0,non_english
,20827239.0,non_english
,20832041.0,non_english
,20832943.0,non_english
,20834141.0,non_english
,20844216.0,non_english
,20865506.0,non_english
,20875031.0,non_english
,20876602.0,non_english
,20878561.0,non_english
,20885565.0,non_english
,20891558.0,non_english
,20894293.0,non_english
,20894770.0,non_english
,20902042.0,non_english
,20905636.0,non_english
,20928440.0,non_english
,20943292.0,non_english
,21022750.0,non_english
,21022762.0,non_english
,21026674.0,non_english
,21049332.0,non_english
,21050000.0,non_english
,21051610.0,non_english
,21105212.0,non_english
,21116700.0,non_english
,21128116.0,non_english
,21137613.0,non_english
,21152106.0,non_english
,21154217.0,non_english
,21156375.0,non_english
,21160728.0,non_english
,21161949.0,non_english
,21162802.0,non_english
,21168056.0,non_english
,21187934.0,non_english
,21192264.0,non_english
,21205330.0,non_english
,21205549.0,non_english
,21213871.0,non_english
,21223670.0,non_english
,21225914.0,non_english
,21227696.0,non_english
,21231792.0,non_english
,21234466.0,non_english
,21236731.0,non_english
,21246623.0,non_english
,21248153.0,non_english
,21255820.0,non_english
,21256540.0,non_english
,21257155.0,non_english
,21259333.0,non_english
,21259651.0,non_english
,21262236.0,non_english
,21264515.0,non_english
,21264757.0,non_english
,21264895.0,non_english
,21266212.0,non_english
,21269180.0,non_english
,21270702.0,non_english
,21274077.0,non_english
,21276306.0,non_english
,21277849.0,non_english
,21283848.0,non_english
,21283999.0,non_english
,21287413.0,non_english
,21291058.0,non_english
,21291156.0,non_english
,21293676.0,non_english
,21296111.0,non_english
,21314311.0,non_english
,21317376.0,non_english
,21318796.0,non_english
,21323062.0,non_english
,21323736.0,non_english
,21324915.0,non_english
,21330017.0,non_english
,21345923.0,non_english
,21346097.0,non_english
,21359827.0,non_english
,21362819.0,non_english
,21363595.0,non_english
,21366700.0,non_english
,21371311.0,non_english
,21379300.0,non_english
,21380741.0,non_english
,21390020.0,non_english
,21418765.0,non_english
,21426661.0,non_english
,21432644.0,non_english
,21441340.0,non_english
,21443921.0,non_english
,21444454.0,non_english
,21446489.0,non_english
,21449989.0,non_english
,21466710.0,non_english
,21473505.0,non_english
,21478398.0,non_english
,21480874.0,non_english
,21485737.0,non_english
,21497194.0,non_english
,21498585.0,non_english
,21501322.0,non_english
,21503633.0,non_english
,21504249.0,non_english
,21507376.0,non_english
,21532408.0,non_english
,21561092.0,non_english
,21565697.0,non_english
,21575039.0,non_english
,21576922.0,non_english
,21577725.0,non_english
,21589926.0,non_english
,21594121.0,non_english
,21599271.0,non_english
,21606759.0,non_english
,21619062.0,non_english
,21656264.0,non_english
,21656572.0,non_english
,21656674.0,non_english
,21656815.0,non_english
,21657311.0,non_english
,21657316.0,non_english
,21657392.0,non_english
,21657456.0,non_english
,21657472.0,non_english
,21657539.0,non_english
,21657600.0,non_english
,21657708.0,non_english
,21658093.0,non_english
,21658422.0,non_english
,21658505.0,non_english
,21660354.0,non_english
,21661786.0,non_english
,21662569.0,non_english
,21662812.0,non_english
,21663325.0,non_english
,21666110.0,non_english
,21667172.0,non_english
,21667249.0,non_english
,21667345.0,non_english
,21667602.0,non_english
,21668989.0,non_english
,21669253.0,non_english
,21669748.0,non_english
,21673696.0,non_english
,21674324.0,non_english
,21707721.0,non_english
,21709140.0,non_english
,21712163.0,non_english
,21712524.0,non_english
,21712561.0,non_english
,21712635.0,non_english
,21712668.0,non_english
,21712862.0,non_english
,21712874.0,non_english
,21712999.0,non_english
,21713350.0,non_english
,21713642.0,non_english
,21713817.0,non_english
,21714623.0,non_english
,21715221.0,non_english
,21716163.0,non_english
,21741271.0,non_english
,21742666.0,non_english
,21745517.0,non_english
,21746767.0,non_english
,21750218.0,non_english
,21753646.0,non_english
,21759290.0,non_english
,21763589.0,non_english
,21764482.0,non_english
,21765526.0,non_english
,21768919.0,non_english
,21780696.0,non_english
,21784246.0,non_english
,21786832.0,non_english
,21797701.0,non_english
,21806266.0,non_english
,21813591.0,non_english
,21816647.0,non_english
,21831376.0,non_english
,21839106.0,non_english
,21844143.0,non_english
,21849040.0,non_english
,21850237.0,non_english
,21858997.0,non_english
,21865689.0,non_english
,21873968.0,non_english
,21875089.0,non_english
,21879014.0,non_english
,21886036.0,non_english
,21886730.0,non_english
,21892342.0,non_english
,21892931.0,non_english
,21893199.0,non_english
,21904086.0,non_english
,21904248.0,non_english
,21904281.0,non_english
,21904815.0,non_english
,21905770.0,non_english
,21909244.0,non_english
,21913414.0,non_english
,21916364.0,non_english
,21920988.0,non_english
,21921961.0,non_english
,21927257.0,non_english
,21928304.0,non_english
,21964940.0,non_english
,21971011.0,non_english
,21974169.0,non_english
,21975121.0,non_english
,21975230.0,non_english
,22006550.0,non_english
,22009143.0,non_english
,22017793.0,non_english
,22018285.0,non_english
,22019136.0,non_english
,22028102.0,non_english
,22076048.0,non_english
,22100612.0,non_english
,22100900.0,non_english
,22109005.0,non_english
,22143103.0,non_english
,22143192.0,non_english
,22143203.0,non_english
,22143268.0,non_english
,22143293.0,non_english
,22143986.0,non_english
,22144145.0,non_english
,22144235.0,non_english
,22144244.0,non_english
,22144248.0,non_english
,22157246.0,non_english
,22157257.0,non_english
,22168144.0,non_english
,22186146.0,non_english
,22186359.0,non_english
,22186407.0,non_english
,22186426.0,non_english
,22186436.0,non_english
,22186737.0,non_english
,22187862.0,non_english
,22205381.0,non_english
,22207676.0,non_english
,22207807.0,non_english
,22225647.0,non_english
,22225658.0,non_english
,22225714.0,non_english
,22263805.0,non_english
,22302521.0,non_english
,22302536.0,non_english
,22303368.0,non_english
,22303654.0,non_english
,22303932.0,non_english
,22303994.0,non_english
,22304115.0,non_english
,22304207.0,non_english
,22304244.0,non_english
,22304407.0,non_english
,22304493.0,non_english
,22304523.0,non_english
,22304628.0,non_english
,22305336.0,non_english
,22306885.0,non_english
,22309605.0,non_english
,22311266.0,non_english
,22313128.0,non_english
,22313207.0,non_english
,22313581.0,non_english
,22367356.0,non_english
,22385384.0,non_english
,22421878.0,non_english
,22422242.0,non_english
,22422371.0,non_english
,22422706.0,non_english
,22422817.0,non_english
,22423043.0,non_english
,22423125.0,non_english
,22425843.0,non_english
,22428155.0,non_english
,22431570.0,non_english
,22436413.0,non_english
,22450061.0,non_english
,22451623.0,non_english
,22455689.0,non_english
,22465075.0,non_english
,22516748.0,non_english
,22516892.0,non_english
,22518727.0,non_english
,22519419.0,non_english
,22519622.0,non_english
,22519643.0,non_english
,22519811.0,non_english
,22520067.0,non_english
,22520158.0,non_english
,22520194.0,non_english
,22520414.0,non_english
,22520785.0,non_english
,22520832.0,non_english
,22520885.0,non_english
,22520897.0,non_english
,22521356.0,non_english
,22521360.0,non_english
,22521844.0,non_english
,22521846.0,non_english
,22522292.0,non_english
,22522646.0,non_english
,22523167.0,non_english
,22732574.0,non_english
,22827172.0,non_english
,22881599.0,non_english
,22893882.0,non_english
,22894275.0,non_english
,22894386.0,non_english
,22895744.0,non_english
,22895800.0,non_english
,22896708.0,non_english
,22938432.0,non_english
,23029347.0,non_english
,23045497.0,non_english
,23045907.0,non_english
,23045916.0,non_english
,23046206.0,non_english
,23046227.0,non_english
,23046598.0,non_english
,23078940.0,non_english
,23079000.0,non_english
,23084339.0,non_english
,23087707.0,non_english
,23087846.0,non_english
,23162295.0,non_english
,23169150.0,non_english
,23188364.0,non_english
,23193528.0,non_english
,23218570.0,non_english
,23267197.0,non_english
,23288932.0,non_english
,23289824.0,non_english
,23291832.0,non_english
,23295643.0,non_english
,23346539.0,non_english
,23370268.0,non_english
,23381258.0,non_english
,23408825.0,non_english
,23428950.0,non_english
,23459679.0,non_english
,23459682.0,non_english
,23459797.0,non_english
,23459855.0,non_english
,23460861.0,non_english
,23461070.0,non_english
,23472673.0,non_english
,23483249.0,non_english
,23488557.0,non_english
,23488658.0,non_english
,23488671.0,non_english
,23488737.0,non_english
,23489216.0,non_english
,23489399.0,non_english
,23513707.0,non_english
,23513899.0,non_english
,23514049.0,non_english
,23515202.0,non_english
,23545608.0,non_english
,23545844.0,non_english
,23545872.0,non_english
,23546098.0,non_english
,23551817.0,non_english
,23578076.0,non_english
,23578498.0,non_english
,23579374.0,non_english
,23581745.0,non_english
,23585706.0,non_english
,23585984.0,non_english
,23590380.0,non_english
,23596058.0,non_english
,23602682.0,non_english
,23626191.0,non_english
,23631540.0,non_english
,23633063.0,non_english
,23653463.0,non_english
,23677919.0,non_english
,23678225.0,non_english
,23680506.0,non_english
,23683038.0,non_english
,23684064.0,non_english
,23684401.0,non_english
,23695443.0,non_english
,23697006.0,non_english
,23740473.0,non_english
,23747848.0,non_english
,23765401.0,non_english
,23805459.0,non_english
,23841045.0,non_english
,23850628.0,non_english
,23851759.0,non_english
,23854174.0,non_english
,23855866.0,non_english
,23881172.0,non_english
,23896549.0,non_english
,23901112.0,non_english
,23907506.0,non_english
,23967169.0,non_english
,23967383.0,non_english
,23981600.0,non_english
,24015520.0,non_english
,24034216.0,non_english
,24101512.0,non_english
,24101755.0,non_english
,24102155.0,non_english
,24102216.0,non_english
,24109499.0,non_english
,24109735.0,non_english
,24109749.0,non_english
,24110066.0,non_english
,24157849.0,non_english
,24160631.0,non_english
,24161511.0,non_english
,24161580.0,non_english
,24163700.0,non_english
,24164103.0,non_english
,24166145.0,non_english
,24166191.0,non_english
,24166477.0,non_english
,24201242.0,non_english
,24225668.0,non_english
,24244595.0,non_english
,24246663.0,non_english
,24287285.0,non_english
,24292719.0,non_english
,24324101.0,non_english
,24336426.0,non_english
,24340419.0,non_english
,24379367.0,non_english
,24497674.0,non_english
,24500522.0,non_english
,24502389.0,non_english
,24537353.0,non_english
,24537960.0,non_english
,24540026.0,non_english
,24541488.0,non_english
,24542889.0,non_english
,24546834.0,non_english
,24548018.0,non_english
,24548095.0,non_english
,24667146.0,non_english
,24670607.0,non_english
,24744311.0,non_english
,24757408.0,non_english
,24780983.0,non_english
,24781393.0,non_english
,24781655.0,non_english
,24782261.0,non_english
,24793743.0,non_english
,24793984.0,non_english
,24810705.0,non_english
,24816926.0,non_english
,24877992.0,non_english
,24883729.0,non_english
,24884761.0,non_english
,24887544.0,non_english
,24893377.0,non_english
,24931839.0,non_english
,24949881.0,non_english
,24966669.0,non_english
,24968199.0,non_english
,24971850.0,non_english
,24974744.0,non_english
,25084130.0,non_english
,25123345.0,non_english
,25133008.0,non_english
,25133206.0,non_english
,25145159.0,non_english
,25148065.0,non_english
,25187591.0,non_english
,25189033.0,non_english
,25193090.0,non_english
,25204692.0,non_english
,25256920.0,non_english
,25310782.0,non_english
,25311795.0,non_english
,25321379.0,non_english
,25370121.0,non_english
,25384836.0,non_english
,25419439.0,non_english
,25437766.0,non_english
,25439833.0,non_english
,25440901.0,non_english
,25481256.0,non_english
,25485522.0,non_english
,25491631.0,non_english
,25499203.0,non_english
,25505637.0,non_english
,25516982.0,non_english
,25526698.0,non_english
,25538484.0,non_english
,25539877.0,non_english
,25541430.0,non_english
,25546356.0,non_english
,25547538.0,non_english
,25547611.0,non_english
,25567942.0,non_english
,25567984.0,non_english
,25578177.0,non_english
,25578294.0,non_english
,25597018.0,non_english
,25599878.0,non_english
,25603383.0,non_english
,25615685.0,non_english
,25615719.0,non_english
,25615721.0,non_english
,25617642.0,non_english
,25618453.0,non_english
,25630369.0,non_english
,25678159.0,non_english
,25678196.0,non_english
,25678305.0,non_english
,25678346.0,non_english
,25678354.0,non_english
,25678551.0,non_english
,25678559.0,non_english
,25679155.0,non_english
,25679177.0,non_english
,25679241.0,non_english
,25679451.0,non_english
,25682397.0,non_english
,25682462.0,non_english
,25682472.0,non_english
,25682524.0,non_english
,25682793.0,non_english
,25692215.0,non_english
,25702624.0,non_english
,25734018.0,non_english
,25739473.0,non_english
,25746400.0,non_english
,25750305.0,non_english
,25750541.0,non_english
,25757141.0,non_english
,25760247.0,non_english
,25776657.0,non_english
,25792272.0,non_english
,25799239.0,non_english
,25808253.0,non_english
,25888079.0,non_english
,25950787.0,non_english
,25950796.0,non_english
,25957440.0,non_english
,25964347.0,non_english
,25965350.0,non_english
,25982688.0,non_english
,25983933.0,non_english
,25984814.0,non_english
,25985125.0,non_english
,25985922.0,non_english
,26007559.0,non_english
,26017009.0,non_english
,26024421.0,non_english
,26024594.0,non_english
,26034351.0,non_english
,26087841.0,non_english
,26089282.0,non_english
,26089415.0,non_english
,26089540.0,non_english
,26089815.0,non_english
,26090102.0,non_english
,26090158.0,non_english
,26091264.0,non_english
,26091371.0,non_english
,26091664.0,non_english
,26091710.0,non_english
,26091930.0,non_english
,26091983.0,non_english
,26091985.0,non_english
,26092007.0,non_english
,26092042.0,non_english
,26092075.0,non_english
,26092334.0,non_english
,26092353.0,non_english
,26092405.0,non_english
,26092521.0,non_english
,26092922.0,non_english
,26092990.0,non_english
,26093154.0,non_english
,26093330.0,non_english
,26093707.0,non_english
,26093900.0,non_english
,26093953.0,non_english
,26094069.0,non_english
,26094666.0,non_english
,26095714.0,non_english
,26112761.0,non_english
,26123417.0,non_english
,26124477.0,non_english
,26152382.0,non_english
,26156776.0,non_english
,26165238.0,non_english
,26211292.0,non_english
,26213512.0,non_english
,26233811.0,non_english
,26301660.0,non_english
,26304935.0,non_english
,26305431.0,non_english
,26305855.0,non_english
,26384555.0,non_english
,26396343.0,non_english
,26415356.0,non_english
,26429862.0,non_english
,26443060.0,non_english
,26443552.0,non_english
,26443572.0,non_english
,26443713.0,non_english
,26444200.0,non_english
,26444213.0,non_english
,26444238.0,non_english
,26444321.0,non_english
,26444601.0,non_english
,26444624.0,non_english
,26444636.0,non_english
,26444643.0,non_english
,26444917.0,non_english
,26468701.0,non_english
,26485907.0,non_english
,26508972.0,non_english
,26510018.0,non_english
,26510081.0,non_english
,26510113.0,non_english
,26510727.0,non_english
,26513962.0,non_english
,26537904.0,non_english
,26541045.0,non_english
,26548649.0,non_english
,26557629.0,non_english
,26560252.0,non_english
,26578013.0,non_english
,26589632.0,non_english
,26590679.0,non_english
,26618534.0,non_english
,26621953.0,non_english
,26625450.0,non_english
,26625870.0,non_english
,26632681.0,non_english
,26640835.0,non_english
,26645836.0,non_english
,26651495.0,non_english
,26656074.0,non_english
,26665782.0,non_english
,26666668.0,non_english
,26676240.0,non_english
,26733573.0,non_english
,26740062.0,non_english
,26755925.0,non_english
,26757364.0,non_english
,26787251.0,non_english
,26787278.0,non_english
,26789218.0,non_english
,26789578.0,non_english
,26861717.0,non_english
,26866675.0,non_english
,26877638.0,non_english
,26881128.0,non_english
,26883574.0,non_english
,26887484.0,non_english
,26982720.0,non_english
,27028671.0,non_english
,27039641.0,non_english
,27042643.0,non_english
,27044423.0,non_english
,27087974.0,non_english
,27088605.0,non_english
,27109895.0,non_english
,27114858.0,non_english
,27127068.0,non_english
,27229781.0,non_english
,27232642.0,non_english
,27285123.0,non_english
,27289152.0,non_english
,27313832.0,non_english
,27314535.0,non_english
,27316452.0,non_english
,27332380.0,non_english
,27395328.0,non_english
,27395610.0,non_english
,27395716.0,non_english
,27396008.0,non_english
,27396025.0,non_english
,27396038.0,non_english
,27396123.0,non_english
,27396239.0,non_english
,27396307.0,non_english
,27396348.0,non_english
,27396366.0,non_english
,27397131.0,non_english
,27397178.0,non_english
,27397278.0,non_english
,27397434.0,non_english
,27397698.0,non_english
,27397776.0,non_english
,27397845.0,non_english
,27397881.0,non_english
,27397898.0,non_english
,27397934.0,non_english
,27398019.0,non_english
,27398092.0,non_english
,27398228.0,non_english
,27398686.0,non_english
,27398771.0,non_english
,27398850.0,non_english
,27398852.0,non_english
,27402201.0,non_english
,27402637.0,non_english
,27402771.0,non_english
,27410723.0,non_english
,27412326.0,non_english
,27413949.0,non_english
,27424968.0,non_english
,27425124.0,non_english
,27425702.0,non_english
,27425769.0,non_english
,27426635.0,non_english
,27427850.0,non_english
,27434522.0,non_english
,27441606.0,non_english
,27455563.0,non_english
,27457972.0,non_english
,27472418.0,non_english
,27528108.0,non_english
,27541630.0,non_english
,27677182.0,non_english
,27817323.0,non_english
,27835233.0,non_english
,28135014.0,non_english
,28140800.0,non_english
,28338612.0,non_english
,28541311.0,non_english
,29339378.0,non_english
,29798212.0,non_english
,30117479.0,non_english
,31933223.0,non_english
,31981857.0,non_english
,31984228.0,non_english
,32543547.0,non_english
,32814711.0,non_english
,33502144.0,non_english
,37855831.0,non_english
,37857480.0,non_english
,38264306.0,non_english
,39847125.0,non_english
,39890830.0,non_english
,39891048.0,non_english
,39922307.0,non_english
,39940554.0,non_english
,39972604.0,non_english
,39973544.0,non_english
,39973696.0,non_english
,39973729.0,non_english
,39973920.0,non_english
,39974511.0,non_english
,39975000.0,non_english
,39975004.0,non_english
,39975135.0,non_english
,39975177.0,non_english
,39975248.0,non_english
,39975264.0,non_english
,39976186.0,non_english
,39976198.0,non_english
,39976490.0,non_english
,39976600.0,non_english
,39977396.0,non_english
,39977480.0,non_english
,40017892.0,non_english
,40033406.0,non_english
,40033409.0,non_english
,40043076.0,non_english
,40043227.0,non_english
,40043228.0,non_english
,40043847.0,non_english
,40055489.0,non_english
,40055523.0,non_english
,40057206.0,non_english
,40057612.0,non_english
,40057642.0,non_english
,40057661.0,non_english
,40057690.0,non_english
,40066995.0,non_english
,40072370.0,non_english
,40096204.0,non_english
,40117993.0,non_english
,40118502.0,non_english
,40118701.0,non_english
,40119014.0,non_english
,40119457.0,non_english
,40134121.0,non_english
,40158440.0,non_english
,40160130.0,non_english
,40167453.0,non_english
,40174905.0,non_english
,40180317.0,non_english
,40189048.0,non_english
,40189077.0,non_english
,40189358.0,non_english
,40202593.0,non_english
,40280626.0,non_english
,40286563.0,non_english
,40370384.0,non_english
,40464399.0,non_english
,40466828.0,non_english
,40538081.0,non_english
,40549973.0,non_english
,40618931.0,non_english
,40658543.0,non_english
,40698736.0,non_english
,40727939.0,non_english
,40750626.0,non_english
,40765380.0,non_english
,40790461.0,non_english
,40800498.0,non_english
,40800865.0,non_english
,40821960.0,non_english
,40827312.0,non_english
,40827424.0,non_english
,40837618.0,non_english
,40837936.0,non_english
,40838531.0,non_english
,40839722.0,non_english
,40847439.0,non_english
,40849344.0,non_english
,40856690.0,non_english
,40856706.0,non_english
,40863123.0,non_english
,40885359.0,non_english
,40885488.0,non_english
,40886548.0,non_english
,40896090.0,non_english
,40901185.0,non_english
,41044294.0,non_english
,41045827.0,non_english
,41113033.0,non_english
,41123634.0,non_english
,41127095.0,non_english
,41133067.0,non_english
,41183425.0,non_english
,41183783.0,non_english
,41192252.0,non_english
,41198761.0,non_english
,41210595.0,non_english
,41217632.0,non_english
,41221615.0,non_english
,41231103.0,non_english
,41246153.0,non_english
,41253751.0,non_english
,41255274.0,non_english
,41262110.0,non_english
,41282520.0,non_english
,41284997.0,non_english
,41306821.0,non_english
,41308566.0,non_english
,41309085.0,non_english
,41309123.0,non_english
,41314136.0,non_english
,41315921.0,non_english
,41316147.0,non_english
,41317546.0,non_english
,41325463.0,non_english
,41326609.0,non_english
,41335427.0,non_english
,41358727.0,non_english
,41422493.0,non_english
,41438577.0,non_english
,41477446.0,non_english
,41477496.0,non_english
,41482037.0,non_english
,41482122.0,non_english
,41482155.0,non_english
,41482683.0,non_english
,41501288.0,non_english
,41507137.0,non_english
,41636504.0,non_english
,41655191.0,non_english
,41657672.0,non_english
,41657803.0,non_english
,41699921.0,non_english
,41704378.0,non_english
,41726634.0,non_english
,41726955.0,non_english
,41741703.0,non_english
,41748630.0,non_english
,41767674.0,non_english
,41778179.0,non_english
,41789612.0,non_english
,41824077.0,non_english
,41859032.0,non_english
,41872019.0,non_english
,41876424.0,non_english
,41888029.0,non_english
,41892128.0,non_english
,41896212.0,non_english
,41897600.0,non_english
,41928728.0,non_english
,41979322.0,non_english
,42006314.0,non_english
,42007143.0,non_english
,42019180.0,non_english
,42051947.0,non_english
,42052163.0,non_english
,42077076.0,non_english
,42086713.0,non_english
,42089224.0,non_english
,42119135.0,non_english
,42203105.0,non_english
,42217208.0,non_english
,42226898.0,non_english
,42240350.0,non_english
,42244547.0,non_english
,42249945.0,non_english
,42252696.0,non_english
,42262531.0,non_english
,42288567.0,non_english
,42363929.0,non_english
,42369153.0,non_english
,42374881.0,non_english
,42378541.0,non_english
,42392316.0,non_english
,42426017.0,non_english
,42435548.0,non_english
,42481725.0,non_english
,42543223.0,non_english
,42554181.0,non_english
,42573870.0,non_english
,42579854.0,non_english
,42624322.0,non_english
,42637779.0,non_english
,42669306.0,non_english
,42687559.0,non_english
,42687925.0,non_english
,42690690.0,non_english
,42690758.0,non_english
,42703734.0,non_english
,42721738.0,non_english
,42751249.0,non_english
,42753720.0,non_english
,42761542.0,non_english
,42772266.0,non_english
,42780390.0,non_english
,42798406.0,non_english
,42808077.0,non_english
,42810017.0,non_english
,42811432.0,non_english
,42852617.0,non_english
,42858373.0,non_english
,42860626.0,non_english
,42862070.0,non_english
,42862390.0,non_english
,42865910.0,non_english
,42880984.0,non_english
,42886686.0,non_english
,42887939.0,non_english
,42900614.0,non_english
,42906306.0,non_english
,42924383.0,non_english
,42934726.0,non_english
,42940049.0,non_english
,42949648.0,non_english
,42949770.0,non_english
,43075731.0,non_english
,43076067.0,non_english
,43105012.0,non_english
,43203947.0,non_english
,43235839.0,non_english
,43239866.0,non_english
,43284903.0,non_english
,43344335.0,non_english
,43498501.0,non_english
,43580503.0,non_english
,43602773.0,non_english
,43824482.0,non_english
,43827700.0,non_english
,43848683.0,non_english
,43863680.0,non_english
,43910241.0,non_english
,43964756.0,non_english
,44030622.0,non_english
,44066165.0,non_english
,44107475.0,non_english
,44112093.0,non_english
,44152833.0,non_english
,44152910.0,non_english
,44186826.0,non_english
,44313873.0,non_english
,44320789.0,non_english
,44355712.0,non_english
,44393701.0,non_english
,44408338.0,non_english
,44436426.0,non_english
,44445146.0,non_english
,44495116.0,non_english
,44499618.0,non_english
,44546767.0,non_english
,44552207.0,non_english
,44555399.0,non_english
,44555590.0,non_english
,44560132.0,non_english
,44618056.0,non_english
,44638782.0,non_english
,44748193.0,non_english
,44756067.0,non_english
,44757457.0,non_english
,44805656.0,non_english
,44880931.0,non_english
,44899933.0,non_english
,44928482.0,non_english
,44933182.0,non_english
,44966695.0,non_english
,44978216.0,non_english
,44984650.0,non_english
,45003102.0,non_english
,45003462.0,non_english
,45006330.0,non_english
,45037805.0,non_english
,45057434.0,non_english
,45065280.0,non_english
,45065854.0,non_english
,45077509.0,non_english
,45095385.0,non_english
,45095837.0,non_english
,45118576.0,non_english
,45162640.0,non_english
,45174059.0,non_english
,45177634.0,non_english
,45216447.0,non_english
,45311574.0,non_english
,45353317.0,non_english
,45390827.0,non_english
,45410975.0,non_english
,45469544.0,non_english
,45469558.0,non_english
,45470868.0,non_english
,45486095.0,non_english
,45514628.0,non_english
,45539866.0,non_english
,45546603.0,non_english
,45575227.0,non_english
,45583398.0,non_english
,45593145.0,non_english
,45647672.0,non_english
,45683024.0,non_english
,45765910.0,non_english
,45861178.0,non_english
,45863813.0,non_english
,45877205.0,non_english
,45936040.0,non_english
,45947122.0,non_english
,45951933.0,non_english
,45956911.0,non_english
,45982569.0,non_english
,45982794.0,non_english
,45998108.0,non_english
,46000374.0,non_english
,46003093.0,non_english
,46005559.0,non_english
,46036658.0,non_english
,46036666.0,non_english
,46038045.0,non_english
,46178201.0,non_english
,46214196.0,non_english
,46240230.0,non_english
,46240935.0,non_english
,46241430.0,non_english
,46340158.0,non_english
,46353081.0,non_english
,46366850.0,non_english
,46367108.0,non_english
,46367149.0,non_english
,46367453.0,non_english
,46400600.0,non_english
,46400856.0,non_english
,46400904.0,non_english
,46512665.0,non_english
,46615159.0,non_english
,46646199.0,non_english
,46700992.0,non_english
,46771810.0,non_english
,46804681.0,non_english
,46808549.0,non_english
,46817307.0,non_english
,46822015.0,non_english
,46846069.0,non_english
,46874009.0,non_english
,46901982.0,non_english
,46903684.0,non_english
,46914812.0,non_english
,46916336.0,non_english
,46929505.0,non_english
,46929635.0,non_english
,46930125.0,non_english
,46931735.0,non_english
,46946570.0,non_english
,46981877.0,non_english
,47200978.0,non_english
,47221217.0,non_english
,47221342.0,non_english
,47221430.0,non_english
,47221570.0,non_english
,47222562.0,non_english
,47287258.0,non_english
,47442783.0,non_english
,47524219.0,non_english
,47524642.0,non_english
,47524707.0,non_english
,47686665.0,non_english
,47696761.0,non_english
,47736151.0,non_english
,47739723.0,non_english
,47743137.0,non_english
,47744443.0,non_english
,47749007.0,non_english
,47767654.0,non_english
,47769950.0,non_english
,47771471.0,non_english
,47771558.0,non_english
,47771564.0,non_english
,47771742.0,non_english
,47771787.0,non_english
,47799253.0,non_english
,47926916.0,non_english
,47927590.0,non_english
,47928165.0,non_english
,47929303.0,non_english
,47968450.0,non_english
,47989992.0,non_english
,48051704.0,non_english
,48051807.0,non_english
,48051866.0,non_english
,48074986.0,non_english
,48087746.0,non_english
,48087759.0,non_english
,48087779.0,non_english
,48088093.0,non_english
,48088383.0,non_english
,48088467.0,non_english
,48088518.0,non_english
,48089450.0,non_english
,48091225.0,non_english
,48126724.0,non_english
,48171222.0,non_english
,48204788.0,non_english
,48238268.0,non_english
,48243387.0,non_english
,48263919.0,non_english
,48283160.0,non_english
,48292554.0,non_english
,48294410.0,non_english
,48297384.0,non_english
,48391515.0,non_english
,48421599.0,non_english
,48470829.0,non_english
,48517250.0,non_english
,48529915.0,non_english
,48533150.0,non_english
,48671835.0,non_english
,48688588.0,non_english
,48733420.0,non_english
,48734244.0,non_english
,48839347.0,non_english
,48839537.0,non_english
,48839553.0,non_english
,48839583.0,non_english
,48839750.0,non_english
,48839797.0,non_english
,48839940.0,non_english
,48840045.0,non_english
,48840062.0,non_english
,48840118.0,non_english
,48840223.0,non_english
,48840323.0,non_english
,48840341.0,non_english
,48840360.0,non_english
,48840490.0,non_english
,48840610.0,non_english
,48840636.0,non_english
,48840691.0,non_english
,48840708.0,non_english
,48840785.0,non_english
,48840793.0,non_english
,48840809.0,non_english
,48840932.0,non_english
,48841052.0,non_english
,48841098.0,non_english
,48841143.0,non_english
,48841331.0,non_english
,48841418.0,non_english
,48841577.0,non_english
,48841614.0,non_english
,48841638.0,non_english
,48841815.0,non_english
,48841835.0,non_english
,48841946.0,non_english
,48842052.0,non_english
,48842487.0,non_english
,48842728.0,non_english
,48842816.0,non_english
,48842883.0,non_english
,48842950.0,non_english
,48843014.0,non_english
,48843022.0,non_english
,48843027.0,non_english
,48843062.0,non_english
,48843159.0,non_english
,48843327.0,non_english
,48843336.0,non_english
,48843624.0,non_english
,48843653.0,non_english
,48843666.0,non_english
,48843701.0,non_english
,48843778.0,non_english
,48843822.0,non_english
,48843838.0,non_english
,48843858.0,non_english
,48843887.0,non_english
,48844004.0,non_english
,48844058.0,non_english
,48844070.0,non_english
,48844202.0,non_english
,48844450.0,non_english
,48844463.0,non_english
,48844583.0,non_english
,48844589.0,non_english
,48844849.0,non_english
,48845009.0,non_english
,48845119.0,non_english
,48845172.0,non_english
,48845212.0,non_english
,48845220.0,non_english
,48845255.0,non_english
,48845262.0,non_english
,48845430.0,non_english
,48845455.0,non_english
,48845526.0,non_english
,48845531.0,non_english
,48845568.0,non_english
,48845653.0,non_english
,48845737.0,non_english
,48845749.0,non_english
,48845761.0,non_english
,48845868.0,non_english
,48845879.0,non_english
,48845932.0,non_english
,48845953.0,non_english
,48845968.0,non_english
,48845986.0,non_english
,48846014.0,non_english
,48846166.0,non_english
,48846221.0,non_english
,48846250.0,non_english
,48846362.0,non_english
,48846423.0,non_english
,48846446.0,non_english
,48846518.0,non_english
,48846588.0,non_english
,48846784.0,non_english
,48846788.0,non_english
,48847027.0,non_english
,48847149.0,non_english
,48847384.0,non_english
,48847436.0,non_english
,48847533.0,non_english
,48847572.0,non_english
,48847643.0,non_english
,48847668.0,non_english
,48847684.0,non_english
,48847721.0,non_english
,48847744.0,non_english
,48847751.0,non_english
,48847900.0,non_english
,48847919.0,non_english
,48848084.0,non_english
,48848120.0,non_english
,48848527.0,non_english
,48848584.0,non_english
,48848746.0,non_english
,48848760.0,non_english
,48848809.0,non_english
,48848814.0,non_english
,48849199.0,non_english
,48849424.0,non_english
,48849585.0,non_english
,48849674.0,non_english
,48849682.0,non_english
,48849742.0,non_english
,48849749.0,non_english
,48849918.0,non_english
,48850019.0,non_english
,48850027.0,non_english
,48850051.0,non_english
,48850076.0,non_english
,48850146.0,non_english
,48850161.0,non_english
,48850175.0,non_english
,48850261.0,non_english
,48850381.0,non_english
,48850759.0,non_english
,48850889.0,non_english
,48850897.0,non_english
,48851000.0,non_english
,48851104.0,non_english
,48851181.0,non_english
,48851272.0,non_english
,48851299.0,non_english
,48851389.0,non_english
,48851394.0,non_english
,48851438.0,non_english
,48851543.0,non_english
,48851614.0,non_english
,48851645.0,non_english
,48851672.0,non_english
,48851676.0,non_english
,48851706.0,non_english
,48851728.0,non_english
,48851730.0,non_english
,48851875.0,non_english
,48851886.0,non_english
,48851904.0,non_english
,48851927.0,non_english
,48851939.0,non_english
,48852997.0,non_english
,48853046.0,non_english
,48853138.0,non_english
,48853139.0,non_english
,48853177.0,non_english
,48853192.0,non_english
,48994831.0,non_english
,48996197.0,non_english
,49019911.0,non_english
,49042958.0,non_english
,49094554.0,non_english
,49094594.0,non_english
,49094629.0,non_english
,49094632.0,non_english
,49094668.0,non_english
,49094723.0,non_english
,49094728.0,non_english
,49094778.0,non_english
,49094783.0,non_english
,49094816.0,non_english
,49094835.0,non_english
,49094873.0,non_english
,49095148.0,non_english
,49095163.0,non_english
,49095546.0,non_english
,49095573.0,non_english
,49095614.0,non_english
,49095634.0,non_english
,49095672.0,non_english
,49095701.0,non_english
,49095736.0,non_english
,49095740.0,non_english
,49095835.0,non_english
,49095852.0,non_english
,49095949.0,non_english
,49095971.0,non_english
,49095987.0,non_english
,49096131.0,non_english
,49096212.0,non_english
,49096519.0,non_english
,49096695.0,non_english
,49096712.0,non_english
,49096734.0,non_english
,49096881.0,non_english
,49096937.0,non_english
,49096985.0,non_english
,49096988.0,non_english
,49097094.0,non_english
,49097214.0,non_english
,49097286.0,non_english
,49097291.0,non_english
,49097318.0,non_english
,49097354.0,non_english
,49097415.0,non_english
,49097446.0,non_english
,49097540.0,non_english
,49097610.0,non_english
,49097714.0,non_english
,49097727.0,non_english
,49097741.0,non_english
,49160210.0,non_english
,49175343.0,non_english
,49251030.0,non_english
,49284533.0,non_english
,49308506.0,non_english
,49396753.0,non_english
,49396974.0,non_english
,49397980.0,non_english
,49397984.0,non_english
,49398041.0,non_english
,49398046.0,non_english
,49398056.0,non_english
,49398218.0,non_english
,49398504.0,non_english
,49398574.0,non_english
,49398611.0,non_english
,49398663.0,non_english
,49398684.0,non_english
,49398685.0,non_english
,49398754.0,non_english
,49398764.0,non_english
,49398906.0,non_english
,49398969.0,non_english
,49398972.0,non_english
,49399023.0,non_english
,49399070.0,non_english
,49399116.0,non_english
,49399125.0,non_english
,49399183.0,non_english
,49411543.0,non_english
,49463604.0,non_english
,49568399.0,non_english
,49568521.0,non_english
,49575648.0,non_english
,49653215.0,non_english
,49661398.0,non_english
,49705971.0,non_english
,49706076.0,non_english
,49731061.0,non_english
,49757915.0,non_english
,49759728.0,non_english
,49796822.0,non_english
,49821222.0,non_english
,49824804.0,non_english
,49833209.0,non_english
,49850836.0,non_english
,49866193.0,non_english
,50114452.0,non_english
,50114684.0,non_english
,50168452.0,non_english
,50211225.0,non_english
,50238900.0,non_english
,50241137.0,non_english
,50294746.0,non_english
,50330075.0,non_english
,50330164.0,non_english
,50352064.0,non_english
,50357872.0,non_english
,50361069.0,non_english
,50387712.0,non_english
,50400384.0,non_english
,50439461.0,non_english
,50506718.0,non_english
,50530693.0,non_english
,50555446.0,non_english
,50645382.0,non_english
,50647325.0,non_english
,50659540.0,non_english
,50659576.0,non_english
,50717723.0,non_english
,50788677.0,non_english
,50877191.0,non_english
,50887865.0,non_english
,50927125.0,non_english
,50978813.0,non_english
,51043115.0,non_english
,51190394.0,non_english
,51200349.0,non_english
,51270875.0,non_english
,51295368.0,non_english
,51364510.0,non_english
,51364679.0,non_english
,51364980.0,non_english
,51365007.0,non_english
,51503766.0,non_english
,51715806.0,non_english
,51814284.0,non_english
,51827173.0,non_english
,51827242.0,non_english
,51827496.0,non_english
,51859866.0,non_english
,51985242.0,non_english
,51997489.0,non_english
,52026652.0,non_english
,52039352.0,non_english
,52044952.0,non_english
,52056624.0,non_english
,52082081.0,non_english
,52136280.0,non_english
,52190302.0,non_english
,52299768.0,non_english
,52300141.0,non_english
,52340358.0,non_english
,52340364.0,non_english
,52350834.0,non_english
,52531381.0,non_english
,52596284.0,non_english
,52761351.0,non_english
,52825549.0,non_english
,52827622.0,non_english
,52901549.0,non_english
,52903099.0,non_english
,52965971.0,non_english
,53033840.0,non_english
,53036766.0,non_english
,53036815.0,non_english
,53071432.0,non_english
,53074167.0,non_english
,53083130.0,non_english
,53142982.0,non_english
,53191248.0,non_english
,53292372.0,non_english
,53315246.0,non_english
,53317773.0,non_english
,53332629.0,non_english
,53427601.0,non_english
,53452038.0,non_english
,53497959.0,non_english
,53501138.0,non_english
,53517404.0,non_english
,53554027.0,non_english
,53560012.0,non_english
,53602239.0,non_english
,53641619.0,non_english
,53735284.0,non_english
,53735723.0,non_english
,53736535.0,non_english
,53745003.0,non_english
,53817163.0,non_english
,53818691.0,non_english
,53884268.0,non_english
,53884322.0,non_english
,53884489.0,non_english
,53935174.0,non_english
,53974665.0,non_english
,54038188.0,non_english
,54100022.0,non_english
,54125091.0,non_english
,54138803.0,non_english
,54151339.0,non_english
,54306462.0,non_english
,54320102.0,non_english
,54431281.0,non_english
,54431562.0,non_english
,54431584.0,non_english
,54432052.0,non_english
,54432229.0,non_english
,54433411.0,non_english
,54433430.0,non_english
,54736958.0,non_english
,54772670.0,non_english
,54884295.0,non_english
,54928801.0,non_english
,55012625.0,non_english
,55041086.0,non_english
,55093512.0,non_english
,55166893.0,non_english
,55240254.0,non_english
,55288683.0,non_english
,55289266.0,non_english
,55297127.0,non_english
,55297160.0,non_english
,55297259.0,non_english
,55297909.0,non_english
,55298068.0,non_english
,55393037.0,non_english
,55424670.0,non_english
,55483783.0,non_english
,55606877.0,non_english
,55624618.0,non_english
,55625133.0,non_english
,55642821.0,non_english
,55649992.0,non_english
,55748876.0,non_english
,55812172.0,non_english
,55812211.0,non_english
,55812613.0,non_english
,55817238.0,non_english
,55854051.0,non_english
,55929941.0,non_english
,56008969.0,non_english
,56018585.0,non_english
,56054508.0,non_english
,56120437.0,non_english
,56172665.0,non_english
,56186541.0,non_english
,56186558.0,non_english
,56186563.0,non_english
,56186740.0,non_english
,56205114.0,non_english
,56220564.0,non_english
,56234423.0,non_english
,56474556.0,non_english
,56490900.0,non_english
,56532335.0,non_english
,56630970.0,non_english
,56633857.0,non_english
,56696520.0,non_english
,56697731.0,non_english
,56711990.0,non_english
,56735437.0,non_english
,56744653.0,non_english
,56795500.0,non_english
,56795772.0,non_english
,56795797.0,non_english
,56816302.0,non_english
,56971007.0,non_english
,56971132.0,non_english
,56985521.0,non_english
,57095228.0,non_english
,57095334.0,non_english
,57095506.0,non_english
,57154110.0,non_english
,57171273.0,non_english
,57320001.0,non_english
,57524488.0,non_english
,57582996.0,non_english
,57699444.0,non_english
,57787550.0,non_english
,57938723.0,non_english
,57994051.0,non_english
,58033629.0,non_english
,58077506.0,non_english
,58126788.0,non_english
,58127218.0,non_english
,58150937.0,non_english
,58354112.0,non_english
,58394509.0,non_english
,58402956.0,non_english
,58486601.0,non_english
,58512371.0,non_english
,58512586.0,non_english
,58628140.0,non_english
,58636276.0,non_english
,58788287.0,non_english
,58963915.0,non_english
,58966535.0,non_english
,59152886.0,non_english
,59436786.0,non_english
,59553842.0,non_english
,59579073.0,non_english
,59663272.0,non_english
,59879627.0,non_english
,59879636.0,non_english
,59879642.0,non_english
,60047902.0,non_english
,60410860.0,non_english
,60458804.0,non_english
,60475661.0,non_english
,60513671.0,non_english
,60575419.0,non_english
,60585304.0,non_english
,60934913.0,non_english
,60959908.0,non_english
,61129972.0,non_english
,61159126.0,non_english
,61235330.0,non_english
,61684807.0,non_english
,61684845.0,non_english
,61951221.0,non_english
,61954127.0,non_english
,61955735.0,non_english
,62005105.0,non_english
,62111993.0,non_english
,62218640.0,non_english
,62258782.0,non_english
,62300920.0,non_english
,62618748.0,non_english
,62676337.0,non_english
,63030825.0,non_english
,63190661.0,non_english
,63430937.0,non_english
,63488237.0,non_english
,63568777.0,non_english
,63711097.0,non_english
,63730196.0,non_english
,63751646.0,non_english
,63785771.0,non_english
,63927163.0,non_english
,63961271.0,non_english
,63967104.0,non_english
,64151551.0,non_english
,64248798.0,non_english
,64319307.0,non_english
,64328267.0,non_english
,64417806.0,non_english
,64694416.0,non_english
,64723556.0,non_english
,65100003.0,non_english
,65367209.0,non_english
,65367219.0,non_english
,65367248.0,non_english
,65367251.0,non_english
,65367752.0,non_english
,65543433.0,non_english
,65593243.0,non_english
,65697098.0,non_english
,65704817.0,non_english
,65721401.0,non_english
,65757168.0,non_english
,65765752.0,non_english
,65775497.0,non_english
,65822082.0,non_english
,65841852.0,non_english
,65994479.0,non_english
,66045823.0,non_english
,66056985.0,non_english
,66120186.0,non_english
,66165427.0,non_english
,66173304.0,non_english
,66249984.0,non_english
,66326986.0,non_english
,66411960.0,non_english
,66551645.0,non_english
,66554075.0,non_english
,66638611.0,non_english
,66817851.0,non_english
,66833434.0,non_english
,66842063.0,non_english
,66924545.0,non_english
,67247384.0,non_english
,67260413.0,non_english
,67335250.0,non_english
,67383823.0,non_english
,67448188.0,non_english
,67461216.0,non_english
,67461316.0,non_english
,67543529.0,non_english
,67636532.0,non_english
,68019228.0,non_english
,68035529.0,non_english
,68132378.0,non_english
,68288819.0,non_english
,68298441.0,non_english
,68554090.0,non_english
,68557021.0,non_english
,68655900.0,non_english
,68740106.0,non_english
,68790300.0,non_english
,68880517.0,non_english
,68889333.0,non_english
,69123402.0,non_english
,69174729.0,non_english
,69562402.0,non_english
,69680037.0,non_english
,69727646.0,non_english
,69842944.0,non_english
,69854514.0,non_english
,70027060.0,non_english
,70753595.0,non_english
,70840671.0,non_english
,71156071.0,non_english
,71854009.0,non_english
,72235819.0,non_english
,72407446.0,non_english
,72719568.0,non_english
,72722869.0,non_english
,72752918.0,non_english
,72931906.0,non_english
,72944600.0,non_english
,73052210.0,non_english
,73358881.0,non_english
,73521340.0,non_english
,73526394.0,non_english
,74085893.0,non_english
,74108894.0,non_english
,74132878.0,non_english
,74134194.0,non_english
,74136903.0,non_english
,74699018.0,non_english
,74833895.0,non_english
,75011545.0,non_english
,75109617.0,non_english
,75139126.0,non_english
,75326550.0,non_english
,75375624.0,non_english
,75841554.0,non_english
,75842435.0,non_english
,75853078.0,non_english
,75887585.0,non_english
,76013650.0,non_english
,76135079.0,non_english
,76931015.0,non_english
,77016184.0,non_english
,77462330.0,non_english
,78113139.0,non_english
,78166740.0,non_english
,78633949.0,non_english
,79236510.0,non_english
,79991449.0,non_english
,79991498.0,non_english
,79991583.0,non_english
,79992779.0,non_english
,80066864.0,non_english
,81560522.0,non_english
,81798217.0,non_english
,81896854.0,non_english
,83267245.0,non_english
,83601223.0,non_english
,83770648.0,non_english
,83956889.0,non_english
,83960178.0,non_english
,83993986.0,non_english
,84529618.0,non_english
,84596220.0,non_english
,84940839.0,non_english
,84964368.0,non_english
,85007554.0,non_english
,85386772.0,non_english
,85518622.0,non_english
,85569485.0,non_english
,85617040.0,non_english
,85697764.0,non_english
,86192736.0,non_english
,86312173.0,non_english
,86354782.0,non_english
,86463671.0,non_english
,86467340.0,non_english
,86601766.0,non_english
,86606843.0,non_english
,86682793.0,non_english
,86909659.0,non_english
,86973848.0,non_english
,86997122.0,non_english
,87024467.0,non_english
,87094305.0,non_english
,87100845.0,non_english
,87130431.0,non_english
,87197120.0,non_english
,87397997.0,non_english
,87549026.0,non_english
,87567336.0,non_english
,87582997.0,non_english
,87614873.0,non_english
,87782811.0,non_english
,87830242.0,non_english
,87833072.0,non_english
,87871213.0,non_english
,87886740.0,non_english
,88151005.0,non_english
,88379354.0,non_english
,88566089.0,non_english
,88587776.0,non_english
,89118104.0,non_english
,89291121.0,non_english
,89752452.0,non_english
,89802578.0,non_english
,89937277.0,non_english
,90159063.0,non_english
,90186942.0,non_english
,90201787.0,non_english
,90422683.0,non_english
,90484845.0,non_english
,90485685.0,non_english
,90487507.0,non_english
,90932418.0,non_english
,90933709.0,non_english
,90944728.0,non_english
,90988068.0,non_english
,91040005.0,non_english
,91318126.0,non_english
,91345418.0,non_english
,91390027.0,non_english
,91441750.0,non_english
,91520373.0,non_english
,91754330.0,non_english
,91762639.0,non_english
,91955563.0,non_english
,92206935.0,non_english
,92292542.0,non_english
,92425731.0,non_english
,92495338.0,non_english
,92538243.0,non_english
,92613712.0,non_english
,92707283.0,non_english
,92935882.0,non_english
,93264487.0,non_english
,93930807.0,non_english
,93941089.0,non_english
,93950363.0,non_english
,94027783.0,non_english
,94174419.0,non_english
,94488077.0,non_english
,94534146.0,non_english
,94865484.0,non_english
,94913582.0,non_english
,95308102.0,non_english
,95399013.0,non_english
,95437666.0,non_english
,95437675.0,non_english
,95475420.0,non_english
,95476647.0,non_english
,95483830.0,non_english
,95685201.0,non_english
,96235349.0,non_english
,96318890.0,non_english
,96559633.0,non_english
,96643776.0,non_english
,96805482.0,non_english
,96878488.0,non_english
,96884934.0,non_english
,97234244.0,non_english
,97274680.0,non_english
,97503912.0,non_english
,97521366.0,non_english
,97534374.0,non_english
,97616902.0,non_english
,97750470.0,non_english
,98140050.0,non_english
,98477842.0,non_english
,98484474.0,non_english
,98850339.0,non_english
,99047604.0,non_english
,99169878.0,non_english
,99342070.0,non_english
,100129012.0,non_english
,100811261.0,non_english
,101090214.0,non_english
,101341309.0,non_english
,102698920.0,non_english
,102999897.0,non_english
,103941421.0,non_english
,111181716.0,non_english
,111263447.0,non_english
,114330943.0,non_english
,127052002.0,non_english
,131089108.0,non_english
,131962465.0,non_english
,133983144.0,non_english
,143945752.0,non_english
,144179550.0,non_english
,144449688.0,non_english
,146382953.0,non_english
,146437051.0,non_english
,148216368.0,non_english
,148427299.0,non_english
,149350964.0,non_english
,149984014.0,non_english
,154512377.0,non_english
,155280774.0,non_english
,157025432.0,non_english
,158354785.0,non_english
,159542819.0,non_english
,160110994.0,non_english
,160276350.0,non_english
,161753444.0,non_english
,168260555.0,non_english
,170564334.0,non_english
,179530210.0,non_english
,181289326.0,non_english
,185851050.0,non_english
,195274916.0,non_english
,195679245.0,non_english
,195934919.0,non_english
,196038261.0,non_english
,196278873.0,non_english
,197005375.0,non_english
,197259582.0,non_english
,200884773.0,non_english
,201200652.0,non_english
,202097099.0,non_english
,205019615.0,non_english
,205658266.0,non_english
,205820077.0,non_english
,206642745.0,non_english
,207099249.0,non_english
,208254923.0,non_english
,209354322.0,non_english
,209766069.0,non_english
,211661968.0,non_english
,211832942.0,non_english
,214943217.0,non_english
,215542474.0,non_english
,216209841.0,non_english
,216227769.0,non_english
,217398362.0,non_english
,217875841.0,non_english
,217895405.0,non_english
,217905151.0,non_english
,218233114.0,non_english
,218757844.0,non_english
,218832394.0,non_english
,220194582.0,non_english
,220482271.0,non_english
,220724309.0,non_english
,220730456.0,non_english
,221192138.0,non_english
,221494195.0,non_english
,221690715.0,non_english
,221690791.0,non_english
,222546234.0,non_english
,222636235.0,non_english
,222798702.0,non_english
,222799063.0,non_english
,222802060.0,non_english
,223213067.0,non_english
,223364544.0,non_english
,223423951.0,non_english
,223966068.0,non_english
,224018734.0,non_english
,224294088.0,non_english
,224297308.0,non_english
,224299627.0,non_english
,224300038.0,non_english
,224551398.0,non_english
,224811321.0,non_english
,224867225.0,non_english
,225053235.0,non_english
,225592441.0,non_english
,226139496.0,non_english
,226163017.0,non_english
,226267312.0,non_english
,226512985.0,non_english
,226665106.0,non_english
,227069201.0,non_english
,227935903.0,non_english
,227943631.0,non_english
,227991934.0,non_english
,228068453.0,non_english
,228241465.0,non_english
,228464398.0,non_english
,228599782.0,non_english
,228834815.0,non_english
,229185038.0,non_english
,229339531.0,non_english
,230566046.0,non_english
,230674186.0,non_english
,230909913.0,non_english
,230964179.0,non_english
,231171273.0,non_english
,231339897.0,non_english
,234825337.0,non_english
,235081086.0,non_english
,236093831.0,non_english
,236795001.0,non_english
,239970503.0,non_english
,240864736.0,non_english
,242018314.0,non_english
,246776347.0,non_english
,246812229.0,non_english
,248797553.0,non_english
,249096511.0,non_english
,249815659.0,non_english
,249884640.0,non_english
,250385269.0,non_english
,251003986.0,non_english
,251118202.0,non_english
,251166229.0,non_english
,252417355.0,non_english
,252724106.0,non_english
,257792738.0,non_english
,257802764.0,non_english
,259799027.0,non_english
,260353729.0,non_english
,260357342.0,non_english
,261174100.0,non_english
,261246839.0,non_english
,266546102.0,non_english
,266820239.0,non_english
,266858346.0,non_english
,266965433.0,non_english
,267392665.0,non_english
,268013342.0,non_english
,268355385.0,non_english
,268496934.0,non_english
,268650609.0,non_english
,268969196.0,non_english
,270251332.0,non_english
,270582649.0,non_english
,270786556.0,non_english
,274513858.0,non_english
,277268990.0,non_english
,281410231.0,non_english
,282283890.0,non_english
,284009870.0,non_english
,291102859.0,non_english
,292964175.0,non_english
,293118470.0,non_english
,293693993.0,non_english
,294313961.0,non_english
,295629778.0,non_english
,296030835.0,non_english
,296505150.0,non_english
,297771786.0,non_english
,3793308.0,insufficient_textual_metadata
,4133915.0,insufficient_textual_metadata
,4231098.0,insufficient_textual_metadata
,4401287.0,insufficient_textual_metadata
,4611314.0,insufficient_textual_metadata
,23147510.0,insufficient_textual_metadata
